label,tag,tag_base,tag_low,ns_seed,boot_seed,n_boot,n_live,ns_logZ,H,bootstrap_sd,skilling_sd_sqrt_H_over_nlive,bootstrap_sd_over_skilling_sd,boot_file,ns_file,empirical_multirun_sd,empirical_multirun_source,bootstrap_sd_over_empirical_multirun_sd,skilling_sd_over_empirical_multirun_sd
d36_ds36_nl900_m50_w50,d36_nl900_m50_w50_n600_p36_ds36_lmin1of100_lseed36_lN1000_lpnsseed1000,d36_nl900_m50_w50_n600_p36_ds36,lmin1of100_lseed36_lN1000_lpnsseed1000,1000,2000,200,900,-180.58558709917466,64.26916711243018,0.26910928500628367,0.26722684311363254,1.0070443592818654,results/bootstrap_runs/d36_ds36_nl900_m50_w50/boot_method3_out/boot3_d36_nl900_m50_w50_n600_p36_ds36_lmin1of100_lseed36_lN1000_lpnsseed1000_nsseed1000_bootseed2000.npz,results/bootstrap_runs/d36_ds36_nl900_m50_w50/ns_runs_out/ns_out_d36_nl900_m50_w50_n600_p36_ds36_lmin1of100_lseed36_lN1000_lpnsseed1000_nsseed1000.npz,0.16484774620517972,results/d36_ds36_nl900_m50_w50/combined_d36_ds36_nl900_m50_w50.npz,1.6324717274043503,1.621052451521087
d36_ds36_nl900_m50_w50,d36_nl900_m50_w50_n600_p36_ds36_lmin1of100_lseed36_lN1000_lpnsseed1000,d36_nl900_m50_w50_n600_p36_ds36,lmin1of100_lseed36_lN1000_lpnsseed1000,1001,2001,200,900,-180.7786837957825,64.53150618866263,0.25913748051809704,0.26777168174203647,0.9677553609561396,results/bootstrap_runs/d36_ds36_nl900_m50_w50/boot_method3_out/boot3_d36_nl900_m50_w50_n600_p36_ds36_lmin1of100_lseed36_lN1000_lpnsseed1000_nsseed1001_bootseed2001.npz,results/bootstrap_runs/d36_ds36_nl900_m50_w50/ns_runs_out/ns_out_d36_nl900_m50_w50_n600_p36_ds36_lmin1of100_lseed36_lN1000_lpnsseed1000_nsseed1001.npz,0.16484774620517972,results/d36_ds36_nl900_m50_w50/combined_d36_ds36_nl900_m50_w50.npz,1.5719807306043387,1.6243575535982835
d36_ds36_nl900_m50_w50,d36_nl900_m50_w50_n600_p36_ds36_lmin1of100_lseed36_lN1000_lpnsseed1000,d36_nl900_m50_w50_n600_p36_ds36,lmin1of100_lseed36_lN1000_lpnsseed1000,1002,2002,200,900,-180.5827848601216,64.0506881180371,0.23613288736065638,0.26677224601195576,0.8851478776022067,results/bootstrap_runs/d36_ds36_nl900_m50_w50/boot_method3_out/boot3_d36_nl900_m50_w50_n600_p36_ds36_lmin1of100_lseed36_lN1000_lpnsseed1000_nsseed1002_bootseed2002.npz,results/bootstrap_runs/d36_ds36_nl900_m50_w50/ns_runs_out/ns_out_d36_nl900_m50_w50_n600_p36_ds36_lmin1of100_lseed36_lN1000_lpnsseed1000_nsseed1002.npz,0.16484774620517972,results/d36_ds36_nl900_m50_w50/combined_d36_ds36_nl900_m50_w50.npz,1.43243018358741,1.618294772922855
d36_ds36_nl900_m50_w50,d36_nl900_m50_w50_n600_p36_ds36_lmin1of100_lseed36_lN1000_lpnsseed1000,d36_nl900_m50_w50_n600_p36_ds36,lmin1of100_lseed36_lN1000_lpnsseed1000,1003,2003,200,900,-180.38012595073783,64.14039609556896,0.256528553076557,0.26695899829909164,0.9609286621204326,results/bootstrap_runs/d36_ds36_nl900_m50_w50/boot_method3_out/boot3_d36_nl900_m50_w50_n600_p36_ds36_lmin1of100_lseed36_lN1000_lpnsseed1000_nsseed1003_bootseed2003.npz,results/bootstrap_runs/d36_ds36_nl900_m50_w50/ns_runs_out/ns_out_d36_nl900_m50_w50_n600_p36_ds36_lmin1of100_lseed36_lN1000_lpnsseed1000_nsseed1003.npz,0.16484774620517972,results/d36_ds36_nl900_m50_w50/combined_d36_ds36_nl900_m50_w50.npz,1.5561544454315173,1.619427650329037
d36_ds36_nl900_m50_w50,d36_nl900_m50_w50_n600_p36_ds36_lmin1of100_lseed36_lN1000_lpnsseed1000,d36_nl900_m50_w50_n600_p36_ds36,lmin1of100_lseed36_lN1000_lpnsseed1000,1004,2004,200,900,-181.0065618046711,64.6905728643419,0.27323811684624394,0.26810149998407923,1.0191592246312302,results/bootstrap_runs/d36_ds36_nl900_m50_w50/boot_method3_out/boot3_d36_nl900_m50_w50_n600_p36_ds36_lmin1of100_lseed36_lN1000_lpnsseed1000_nsseed1004_bootseed2004.npz,results/bootstrap_runs/d36_ds36_nl900_m50_w50/ns_runs_out/ns_out_d36_nl900_m50_w50_n600_p36_ds36_lmin1of100_lseed36_lN1000_lpnsseed1000_nsseed1004.npz,0.16484774620517972,results/d36_ds36_nl900_m50_w50/combined_d36_ds36_nl900_m50_w50.npz,1.6575180621890628,1.626358298222552
d36_ds36_nl900_m50_w50,d36_nl900_m50_w50_n600_p36_ds36_lmin1of100_lseed36_lN1000_lpnsseed1000,d36_nl900_m50_w50_n600_p36_ds36,lmin1of100_lseed36_lN1000_lpnsseed1000,1005,2005,200,900,-180.31852414429198,63.95357416245816,0.27730003443668255,0.2665699286250715,1.0402524990982867,results/bootstrap_runs/d36_ds36_nl900_m50_w50/boot_method3_out/boot3_d36_nl900_m50_w50_n600_p36_ds36_lmin1of100_lseed36_lN1000_lpnsseed1000_nsseed1005_bootseed2005.npz,results/bootstrap_runs/d36_ds36_nl900_m50_w50/ns_runs_out/ns_out_d36_nl900_m50_w50_n600_p36_ds36_lmin1of100_lseed36_lN1000_lpnsseed1000_nsseed1005.npz,0.16484774620517972,results/d36_ds36_nl900_m50_w50/combined_d36_ds36_nl900_m50_w50.npz,1.6821584815089783,1.6170674744517408
d36_ds36_nl900_m50_w50,d36_nl900_m50_w50_n600_p36_ds36_lmin1of100_lseed36_lN1000_lpnsseed1000,d36_nl900_m50_w50_n600_p36_ds36,lmin1of100_lseed36_lN1000_lpnsseed1000,1006,2006,200,900,-180.33126782750804,64.4593777202286,0.27486583095066613,0.26762199237030954,1.02706742639571,results/bootstrap_runs/d36_ds36_nl900_m50_w50/boot_method3_out/boot3_d36_nl900_m50_w50_n600_p36_ds36_lmin1of100_lseed36_lN1000_lpnsseed1000_nsseed1006_bootseed2006.npz,results/bootstrap_runs/d36_ds36_nl900_m50_w50/ns_runs_out/ns_out_d36_nl900_m50_w50_n600_p36_ds36_lmin1of100_lseed36_lN1000_lpnsseed1000_nsseed1006.npz,0.16484774620517972,results/d36_ds36_nl900_m50_w50/combined_d36_ds36_nl900_m50_w50.npz,1.6673921074331892,1.623449507384897
d36_ds36_nl900_m50_w50,d36_nl900_m50_w50_n600_p36_ds36_lmin1of100_lseed36_lN1000_lpnsseed1000,d36_nl900_m50_w50_n600_p36_ds36,lmin1of100_lseed36_lN1000_lpnsseed1000,1007,2007,200,900,-180.66748455961186,64.71125088016376,0.2850944185108163,0.2681443452076672,1.0632124958295202,results/bootstrap_runs/d36_ds36_nl900_m50_w50/boot_method3_out/boot3_d36_nl900_m50_w50_n600_p36_ds36_lmin1of100_lseed36_lN1000_lpnsseed1000_nsseed1007_bootseed2007.npz,results/bootstrap_runs/d36_ds36_nl900_m50_w50/ns_runs_out/ns_out_d36_nl900_m50_w50_n600_p36_ds36_lmin1of100_lseed36_lN1000_lpnsseed1000_nsseed1007.npz,0.16484774620517972,results/d36_ds36_nl900_m50_w50/combined_d36_ds36_nl900_m50_w50.npz,1.7294408026420338,1.6266182060743382
d36_ds36_nl900_m50_w50,d36_nl900_m50_w50_n600_p36_ds36_lmin1of100_lseed36_lN1000_lpnsseed1000,d36_nl900_m50_w50_n600_p36_ds36,lmin1of100_lseed36_lN1000_lpnsseed1000,1008,2008,200,900,-180.3857365151166,64.28119252702736,0.276744703764564,0.26725184237391636,1.0355202841871003,results/bootstrap_runs/d36_ds36_nl900_m50_w50/boot_method3_out/boot3_d36_nl900_m50_w50_n600_p36_ds36_lmin1of100_lseed36_lN1000_lpnsseed1000_nsseed1008_bootseed2008.npz,results/bootstrap_runs/d36_ds36_nl900_m50_w50/ns_runs_out/ns_out_d36_nl900_m50_w50_n600_p36_ds36_lmin1of100_lseed36_lN1000_lpnsseed1000_nsseed1008.npz,0.16484774620517972,results/d36_ds36_nl900_m50_w50/combined_d36_ds36_nl900_m50_w50.npz,1.6787897325578864,1.6212041021251098
d36_ds36_nl900_m50_w50,d36_nl900_m50_w50_n600_p36_ds36_lmin1of100_lseed36_lN1000_lpnsseed1000,d36_nl900_m50_w50_n600_p36_ds36,lmin1of100_lseed36_lN1000_lpnsseed1000,1009,2009,200,900,-180.8624574851536,64.6988246838857,0.2752949130893386,0.26811859872469723,1.0267654478233716,results/bootstrap_runs/d36_ds36_nl900_m50_w50/boot_method3_out/boot3_d36_nl900_m50_w50_n600_p36_ds36_lmin1of100_lseed36_lN1000_lpnsseed1000_nsseed1009_bootseed2009.npz,results/bootstrap_runs/d36_ds36_nl900_m50_w50/ns_runs_out/ns_out_d36_nl900_m50_w50_n600_p36_ds36_lmin1of100_lseed36_lN1000_lpnsseed1000_nsseed1009.npz,0.16484774620517972,results/d36_ds36_nl900_m50_w50/combined_d36_ds36_nl900_m50_w50.npz,1.669995007069672,1.626462022665328
d36_ds36_nl900_m50_w50,d36_nl900_m50_w50_n600_p36_ds36_lmin1of100_lseed36_lN1000_lpnsseed1000,d36_nl900_m50_w50_n600_p36_ds36,lmin1of100_lseed36_lN1000_lpnsseed1000,1010,2010,200,900,-181.05609796534543,64.5433718043402,0.2902841228757599,0.2677962986308399,1.0839736186044888,results/bootstrap_runs/d36_ds36_nl900_m50_w50/boot_method3_out/boot3_d36_nl900_m50_w50_n600_p36_ds36_lmin1of100_lseed36_lN1000_lpnsseed1000_nsseed1010_bootseed2010.npz,results/bootstrap_runs/d36_ds36_nl900_m50_w50/ns_runs_out/ns_out_d36_nl900_m50_w50_n600_p36_ds36_lmin1of100_lseed36_lN1000_lpnsseed1000_nsseed1010.npz,0.16484774620517972,results/d36_ds36_nl900_m50_w50/combined_d36_ds36_nl900_m50_w50.npz,1.7609226062117602,1.624506884659036
d36_ds36_nl900_m50_w50,d36_nl900_m50_w50_n600_p36_ds36_lmin1of100_lseed36_lN1000_lpnsseed1000,d36_nl900_m50_w50_n600_p36_ds36,lmin1of100_lseed36_lN1000_lpnsseed1000,1011,2011,200,900,-180.48599505337108,64.17203318755094,0.26705492125127517,0.26702482861576526,1.0001126960203135,results/bootstrap_runs/d36_ds36_nl900_m50_w50/boot_method3_out/boot3_d36_nl900_m50_w50_n600_p36_ds36_lmin1of100_lseed36_lN1000_lpnsseed1000_nsseed1011_bootseed2011.npz,results/bootstrap_runs/d36_ds36_nl900_m50_w50/ns_runs_out/ns_out_d36_nl900_m50_w50_n600_p36_ds36_lmin1of100_lseed36_lN1000_lpnsseed1000_nsseed1011.npz,0.16484774620517972,results/d36_ds36_nl900_m50_w50/combined_d36_ds36_nl900_m50_w50.npz,1.620009538491852,1.6198269904364335
d36_ds36_nl900_m50_w50,d36_nl900_m50_w50_n600_p36_ds36_lmin1of100_lseed36_lN1000_lpnsseed1000,d36_nl900_m50_w50_n600_p36_ds36,lmin1of100_lseed36_lN1000_lpnsseed1000,1012,2012,200,900,-180.51413920189196,64.15540758580745,0.2617279384004103,0.2669902361631465,0.9802902988575185,results/bootstrap_runs/d36_ds36_nl900_m50_w50/boot_method3_out/boot3_d36_nl900_m50_w50_n600_p36_ds36_lmin1of100_lseed36_lN1000_lpnsseed1000_nsseed1012_bootseed2012.npz,results/bootstrap_runs/d36_ds36_nl900_m50_w50/ns_runs_out/ns_out_d36_nl900_m50_w50_n600_p36_ds36_lmin1of100_lseed36_lN1000_lpnsseed1000_nsseed1012.npz,0.16484774620517972,results/d36_ds36_nl900_m50_w50/combined_d36_ds36_nl900_m50_w50.npz,1.5876949756695338,1.6196171455740371
d36_ds36_nl900_m50_w50,d36_nl900_m50_w50_n600_p36_ds36_lmin1of100_lseed36_lN1000_lpnsseed1000,d36_nl900_m50_w50_n600_p36_ds36,lmin1of100_lseed36_lN1000_lpnsseed1000,1013,2013,200,900,-180.59111660765828,64.4111911706015,0.24425251183628754,0.26752194337952395,0.9130186060654288,results/bootstrap_runs/d36_ds36_nl900_m50_w50/boot_method3_out/boot3_d36_nl900_m50_w50_n600_p36_ds36_lmin1of100_lseed36_lN1000_lpnsseed1000_nsseed1013_bootseed2013.npz,results/bootstrap_runs/d36_ds36_nl900_m50_w50/ns_runs_out/ns_out_d36_nl900_m50_w50_n600_p36_ds36_lmin1of100_lseed36_lN1000_lpnsseed1000_nsseed1013.npz,0.16484774620517972,results/d36_ds36_nl900_m50_w50/combined_d36_ds36_nl900_m50_w50.npz,1.4816854792317011,1.6228425898316472
d36_ds36_nl900_m50_w50,d36_nl900_m50_w50_n600_p36_ds36_lmin1of100_lseed36_lN1000_lpnsseed1000,d36_nl900_m50_w50_n600_p36_ds36,lmin1of100_lseed36_lN1000_lpnsseed1000,1014,2014,200,900,-180.41602262834934,64.49761375501241,0.25341174438733355,0.26770135465355255,0.946621075994509,results/bootstrap_runs/d36_ds36_nl900_m50_w50/boot_method3_out/boot3_d36_nl900_m50_w50_n600_p36_ds36_lmin1of100_lseed36_lN1000_lpnsseed1000_nsseed1014_bootseed2014.npz,results/bootstrap_runs/d36_ds36_nl900_m50_w50/ns_runs_out/ns_out_d36_nl900_m50_w50_n600_p36_ds36_lmin1of100_lseed36_lN1000_lpnsseed1000_nsseed1014.npz,0.16484774620517972,results/d36_ds36_nl900_m50_w50/combined_d36_ds36_nl900_m50_w50.npz,1.5372472491793827,1.6239309351573108
d36_ds36_nl900_m50_w50,d36_nl900_m50_w50_n600_p36_ds36_lmin1of100_lseed36_lN1000_lpnsseed1000,d36_nl900_m50_w50_n600_p36_ds36,lmin1of100_lseed36_lN1000_lpnsseed1000,1015,2015,200,900,-180.61755018924137,64.37447394452246,0.28312277745820347,0.2674456828436227,1.0586178638140413,results/bootstrap_runs/d36_ds36_nl900_m50_w50/boot_method3_out/boot3_d36_nl900_m50_w50_n600_p36_ds36_lmin1of100_lseed36_lN1000_lpnsseed1000_nsseed1015_bootseed2015.npz,results/bootstrap_runs/d36_ds36_nl900_m50_w50/ns_runs_out/ns_out_d36_nl900_m50_w50_n600_p36_ds36_lmin1of100_lseed36_lN1000_lpnsseed1000_nsseed1015.npz,0.16484774620517972,results/d36_ds36_nl900_m50_w50/combined_d36_ds36_nl900_m50_w50.npz,1.7174804264888845,1.6223799778902843
d36_ds36_nl900_m50_w50,d36_nl900_m50_w50_n600_p36_ds36_lmin1of100_lseed36_lN1000_lpnsseed1000,d36_nl900_m50_w50_n600_p36_ds36,lmin1of100_lseed36_lN1000_lpnsseed1000,1016,2016,200,900,-180.66361721547128,64.42938074692242,0.2657353693888405,0.2675597145123193,0.9931815403271602,results/bootstrap_runs/d36_ds36_nl900_m50_w50/boot_method3_out/boot3_d36_nl900_m50_w50_n600_p36_ds36_lmin1of100_lseed36_lN1000_lpnsseed1000_nsseed1016_bootseed2016.npz,results/bootstrap_runs/d36_ds36_nl900_m50_w50/ns_runs_out/ns_out_d36_nl900_m50_w50_n600_p36_ds36_lmin1of100_lseed36_lN1000_lpnsseed1000_nsseed1016.npz,0.16484774620517972,results/d36_ds36_nl900_m50_w50/combined_d36_ds36_nl900_m50_w50.npz,1.6120048681653785,1.6230717172153382
d36_ds36_nl900_m50_w50,d36_nl900_m50_w50_n600_p36_ds36_lmin1of100_lseed36_lN1000_lpnsseed1000,d36_nl900_m50_w50_n600_p36_ds36,lmin1of100_lseed36_lN1000_lpnsseed1000,1017,2017,200,900,-180.94226673692097,64.26133182180074,0.25683252273146867,0.2672105533133016,0.9611615991466295,results/bootstrap_runs/d36_ds36_nl900_m50_w50/boot_method3_out/boot3_d36_nl900_m50_w50_n600_p36_ds36_lmin1of100_lseed36_lN1000_lpnsseed1000_nsseed1017_bootseed2017.npz,results/bootstrap_runs/d36_ds36_nl900_m50_w50/ns_runs_out/ns_out_d36_nl900_m50_w50_n600_p36_ds36_lmin1of100_lseed36_lN1000_lpnsseed1000_nsseed1017.npz,0.16484774620517972,results/d36_ds36_nl900_m50_w50/combined_d36_ds36_nl900_m50_w50.npz,1.5579983872621406,1.6209536342748345
d36_ds36_nl900_m50_w50,d36_nl900_m50_w50_n600_p36_ds36_lmin1of100_lseed36_lN1000_lpnsseed1000,d36_nl900_m50_w50_n600_p36_ds36,lmin1of100_lseed36_lN1000_lpnsseed1000,1018,2018,200,900,-180.83730819464878,65.29810463803146,0.2809161202934065,0.2693574754815851,1.0429119139580427,results/bootstrap_runs/d36_ds36_nl900_m50_w50/boot_method3_out/boot3_d36_nl900_m50_w50_n600_p36_ds36_lmin1of100_lseed36_lN1000_lpnsseed1000_nsseed1018_bootseed2018.npz,results/bootstrap_runs/d36_ds36_nl900_m50_w50/ns_runs_out/ns_out_d36_nl900_m50_w50_n600_p36_ds36_lmin1of100_lseed36_lN1000_lpnsseed1000_nsseed1018.npz,0.16484774620517972,results/d36_ds36_nl900_m50_w50/combined_d36_ds36_nl900_m50_w50.npz,1.7040943947378018,1.6339773013719345
d36_ds36_nl900_m50_w50,d36_nl900_m50_w50_n600_p36_ds36_lmin1of100_lseed36_lN1000_lpnsseed1000,d36_nl900_m50_w50_n600_p36_ds36,lmin1of100_lseed36_lN1000_lpnsseed1000,1019,2019,200,900,-180.49698983314988,64.64395256466452,0.2668079220171956,0.2680048767480516,0.9955338322743237,results/bootstrap_runs/d36_ds36_nl900_m50_w50/boot_method3_out/boot3_d36_nl900_m50_w50_n600_p36_ds36_lmin1of100_lseed36_lN1000_lpnsseed1000_nsseed1019_bootseed2019.npz,results/bootstrap_runs/d36_ds36_nl900_m50_w50/ns_runs_out/ns_out_d36_nl900_m50_w50_n600_p36_ds36_lmin1of100_lseed36_lN1000_lpnsseed1000_nsseed1019.npz,0.16484774620517972,results/d36_ds36_nl900_m50_w50/combined_d36_ds36_nl900_m50_w50.npz,1.618511190836118,1.6257721619953247
d36_ds36_nl900_m50_w50,d36_nl900_m50_w50_n600_p36_ds36_lmin1of100_lseed36_lN1000_lpnsseed1000,d36_nl900_m50_w50_n600_p36_ds36,lmin1of100_lseed36_lN1000_lpnsseed1000,1020,2020,200,900,-180.43147042899662,64.63121404753423,0.28537880127071985,0.267978469382926,1.0649318280228317,results/bootstrap_runs/d36_ds36_nl900_m50_w50/boot_method3_out/boot3_d36_nl900_m50_w50_n600_p36_ds36_lmin1of100_lseed36_lN1000_lpnsseed1000_nsseed1020_bootseed2020.npz,results/bootstrap_runs/d36_ds36_nl900_m50_w50/ns_runs_out/ns_out_d36_nl900_m50_w50_n600_p36_ds36_lmin1of100_lseed36_lN1000_lpnsseed1000_nsseed1020.npz,0.16484774620517972,results/d36_ds36_nl900_m50_w50/combined_d36_ds36_nl900_m50_w50.npz,1.7311659263786336,1.6256119695405686
d36_ds36_nl900_m50_w50,d36_nl900_m50_w50_n600_p36_ds36_lmin1of100_lseed36_lN1000_lpnsseed1000,d36_nl900_m50_w50_n600_p36_ds36,lmin1of100_lseed36_lN1000_lpnsseed1000,1021,2021,200,900,-180.8401130542521,64.69219601655132,0.2563588117013228,0.26810486343251616,0.9561885913563447,results/bootstrap_runs/d36_ds36_nl900_m50_w50/boot_method3_out/boot3_d36_nl900_m50_w50_n600_p36_ds36_lmin1of100_lseed36_lN1000_lpnsseed1000_nsseed1021_bootseed2021.npz,results/bootstrap_runs/d36_ds36_nl900_m50_w50/ns_runs_out/ns_out_d36_nl900_m50_w50_n600_p36_ds36_lmin1of100_lseed36_lN1000_lpnsseed1000_nsseed1021.npz,0.16484774620517972,results/d36_ds36_nl900_m50_w50/combined_d36_ds36_nl900_m50_w50.npz,1.5551247596812316,1.6263787015857423
d36_ds36_nl900_m50_w50,d36_nl900_m50_w50_n600_p36_ds36_lmin1of100_lseed36_lN1000_lpnsseed1000,d36_nl900_m50_w50_n600_p36_ds36,lmin1of100_lseed36_lN1000_lpnsseed1000,1022,2022,200,900,-180.72699995537437,64.28931124391796,0.29499189291905537,0.2672687187996338,1.103727717347293,results/bootstrap_runs/d36_ds36_nl900_m50_w50/boot_method3_out/boot3_d36_nl900_m50_w50_n600_p36_ds36_lmin1of100_lseed36_lN1000_lpnsseed1000_nsseed1022_bootseed2022.npz,results/bootstrap_runs/d36_ds36_nl900_m50_w50/ns_runs_out/ns_out_d36_nl900_m50_w50_n600_p36_ds36_lmin1of100_lseed36_lN1000_lpnsseed1000_nsseed1022.npz,0.16484774620517972,results/d36_ds36_nl900_m50_w50/combined_d36_ds36_nl900_m50_w50.npz,1.7894808980396382,1.6213064779604243
d36_ds36_nl900_m50_w50,d36_nl900_m50_w50_n600_p36_ds36_lmin1of100_lseed36_lN1000_lpnsseed1000,d36_nl900_m50_w50_n600_p36_ds36,lmin1of100_lseed36_lN1000_lpnsseed1000,1023,2023,200,900,-180.34764884921708,64.21304783581223,0.23749161861760526,0.2671101475584188,0.889114924267953,results/bootstrap_runs/d36_ds36_nl900_m50_w50/boot_method3_out/boot3_d36_nl900_m50_w50_n600_p36_ds36_lmin1of100_lseed36_lN1000_lpnsseed1000_nsseed1023_bootseed2023.npz,results/bootstrap_runs/d36_ds36_nl900_m50_w50/ns_runs_out/ns_out_d36_nl900_m50_w50_n600_p36_ds36_lmin1of100_lseed36_lN1000_lpnsseed1000_nsseed1023.npz,0.16484774620517972,results/d36_ds36_nl900_m50_w50/combined_d36_ds36_nl900_m50_w50.npz,1.4406725240999563,1.6203445525179152
d36_ds36_nl900_m50_w50,d36_nl900_m50_w50_n600_p36_ds36_lmin1of100_lseed36_lN1000_lpnsseed1000,d36_nl900_m50_w50_n600_p36_ds36,lmin1of100_lseed36_lN1000_lpnsseed1000,1024,2024,200,900,-180.51340927873045,64.36109062571279,0.2943063455589213,0.2674178806988393,1.1005484928300784,results/bootstrap_runs/d36_ds36_nl900_m50_w50/boot_method3_out/boot3_d36_nl900_m50_w50_n600_p36_ds36_lmin1of100_lseed36_lN1000_lpnsseed1000_nsseed1024_bootseed2024.npz,results/bootstrap_runs/d36_ds36_nl900_m50_w50/ns_runs_out/ns_out_d36_nl900_m50_w50_n600_p36_ds36_lmin1of100_lseed36_lN1000_lpnsseed1000_nsseed1024.npz,0.16484774620517972,results/d36_ds36_nl900_m50_w50/combined_d36_ds36_nl900_m50_w50.npz,1.785322228140198,1.6222113244180751
d36_ds36_nl900_m50_w50,d36_nl900_m50_w50_n600_p36_ds36_lmin1of100_lseed36_lN1000_lpnsseed1000,d36_nl900_m50_w50_n600_p36_ds36,lmin1of100_lseed36_lN1000_lpnsseed1000,1025,2025,200,900,-180.4900260197778,63.903978674701584,0.2547974817662158,0.2664665471492968,0.9562081412923363,results/bootstrap_runs/d36_ds36_nl900_m50_w50/boot_method3_out/boot3_d36_nl900_m50_w50_n600_p36_ds36_lmin1of100_lseed36_lN1000_lpnsseed1000_nsseed1025_bootseed2025.npz,results/bootstrap_runs/d36_ds36_nl900_m50_w50/ns_runs_out/ns_out_d36_nl900_m50_w50_n600_p36_ds36_lmin1of100_lseed36_lN1000_lpnsseed1000_nsseed1025.npz,0.16484774620517972,results/d36_ds36_nl900_m50_w50/combined_d36_ds36_nl900_m50_w50.npz,1.5456534143274185,1.6164403413658808
d36_ds36_nl900_m50_w50,d36_nl900_m50_w50_n600_p36_ds36_lmin1of100_lseed36_lN1000_lpnsseed1000,d36_nl900_m50_w50_n600_p36_ds36,lmin1of100_lseed36_lN1000_lpnsseed1000,1026,2026,200,900,-180.94988481298518,64.70733860654624,0.2632109921469613,0.26813623943093273,0.9816315493406474,results/bootstrap_runs/d36_ds36_nl900_m50_w50/boot_method3_out/boot3_d36_nl900_m50_w50_n600_p36_ds36_lmin1of100_lseed36_lN1000_lpnsseed1000_nsseed1026_bootseed2026.npz,results/bootstrap_runs/d36_ds36_nl900_m50_w50/ns_runs_out/ns_out_d36_nl900_m50_w50_n600_p36_ds36_lmin1of100_lseed36_lN1000_lpnsseed1000_nsseed1026.npz,0.16484774620517972,results/d36_ds36_nl900_m50_w50/combined_d36_ds36_nl900_m50_w50.npz,1.5966914817224895,1.6265690347819117
d36_ds36_nl900_m50_w50,d36_nl900_m50_w50_n600_p36_ds36_lmin1of100_lseed36_lN1000_lpnsseed1000,d36_nl900_m50_w50_n600_p36_ds36,lmin1of100_lseed36_lN1000_lpnsseed1000,1027,2027,200,900,-181.25918677613373,64.74017901451549,0.2957915297720399,0.26820427334095653,1.1028591233369829,results/bootstrap_runs/d36_ds36_nl900_m50_w50/boot_method3_out/boot3_d36_nl900_m50_w50_n600_p36_ds36_lmin1of100_lseed36_lN1000_lpnsseed1000_nsseed1027_bootseed2027.npz,results/bootstrap_runs/d36_ds36_nl900_m50_w50/ns_runs_out/ns_out_d36_nl900_m50_w50_n600_p36_ds36_lmin1of100_lseed36_lN1000_lpnsseed1000_nsseed1027.npz,0.16484774620517972,results/d36_ds36_nl900_m50_w50/combined_d36_ds36_nl900_m50_w50.npz,1.7943316580372255,1.6269817423353357
d36_ds36_nl900_m50_w50,d36_nl900_m50_w50_n600_p36_ds36_lmin1of100_lseed36_lN1000_lpnsseed1000,d36_nl900_m50_w50_n600_p36_ds36,lmin1of100_lseed36_lN1000_lpnsseed1000,1028,2028,200,900,-181.27625221580456,65.26371117939865,0.2353631778013212,0.2692865288939948,0.8740250719855817,results/bootstrap_runs/d36_ds36_nl900_m50_w50/boot_method3_out/boot3_d36_nl900_m50_w50_n600_p36_ds36_lmin1of100_lseed36_lN1000_lpnsseed1000_nsseed1028_bootseed2028.npz,results/bootstrap_runs/d36_ds36_nl900_m50_w50/ns_runs_out/ns_out_d36_nl900_m50_w50_n600_p36_ds36_lmin1of100_lseed36_lN1000_lpnsseed1000_nsseed1028.npz,0.16484774620517972,results/d36_ds36_nl900_m50_w50/combined_d36_ds36_nl900_m50_w50.npz,1.4277609686478432,1.6335469249232202
d36_ds36_nl900_m50_w50,d36_nl900_m50_w50_n600_p36_ds36_lmin1of100_lseed36_lN1000_lpnsseed1000,d36_nl900_m50_w50_n600_p36_ds36,lmin1of100_lseed36_lN1000_lpnsseed1000,1029,2029,200,900,-180.71765284663715,65.08994457089968,0.2778659813132385,0.2689277981807254,1.0332363675045093,results/bootstrap_runs/d36_ds36_nl900_m50_w50/boot_method3_out/boot3_d36_nl900_m50_w50_n600_p36_ds36_lmin1of100_lseed36_lN1000_lpnsseed1000_nsseed1029_bootseed2029.npz,results/bootstrap_runs/d36_ds36_nl900_m50_w50/ns_runs_out/ns_out_d36_nl900_m50_w50_n600_p36_ds36_lmin1of100_lseed36_lN1000_lpnsseed1000_nsseed1029.npz,0.16484774620517972,results/d36_ds36_nl900_m50_w50/combined_d36_ds36_nl900_m50_w50.npz,1.685591630518195,1.6313707913604178
d36_ds36_nl900_m50_w50,d36_nl900_m50_w50_n600_p36_ds36_lmin1of100_lseed36_lN1000_lpnsseed1000,d36_nl900_m50_w50_n600_p36_ds36,lmin1of100_lseed36_lN1000_lpnsseed1000,1030,2030,200,900,-180.0559952775255,63.62665672284215,0.25851297391599665,0.2658877305322726,0.972263644503217,results/bootstrap_runs/d36_ds36_nl900_m50_w50/boot_method3_out/boot3_d36_nl900_m50_w50_n600_p36_ds36_lmin1of100_lseed36_lN1000_lpnsseed1000_nsseed1030_bootseed2030.npz,results/bootstrap_runs/d36_ds36_nl900_m50_w50/ns_runs_out/ns_out_d36_nl900_m50_w50_n600_p36_ds36_lmin1of100_lseed36_lN1000_lpnsseed1000_nsseed1030.npz,0.16484774620517972,results/d36_ds36_nl900_m50_w50/combined_d36_ds36_nl900_m50_w50.npz,1.5681923463741831,1.6129291218900395
d36_ds36_nl900_m50_w50,d36_nl900_m50_w50_n600_p36_ds36_lmin1of100_lseed36_lN1000_lpnsseed1000,d36_nl900_m50_w50_n600_p36_ds36,lmin1of100_lseed36_lN1000_lpnsseed1000,1031,2031,200,900,-180.37001438476753,64.20138147058405,0.27500404940906586,0.2670858818819313,1.029646522202304,results/bootstrap_runs/d36_ds36_nl900_m50_w50/boot_method3_out/boot3_d36_nl900_m50_w50_n600_p36_ds36_lmin1of100_lseed36_lN1000_lpnsseed1000_nsseed1031_bootseed2031.npz,results/bootstrap_runs/d36_ds36_nl900_m50_w50/ns_runs_out/ns_out_d36_nl900_m50_w50_n600_p36_ds36_lmin1of100_lseed36_lN1000_lpnsseed1000_nsseed1031.npz,0.16484774620517972,results/d36_ds36_nl900_m50_w50/combined_d36_ds36_nl900_m50_w50.npz,1.6682305687502623,1.6201973519825963
d36_ds36_nl900_m50_w50,d36_nl900_m50_w50_n600_p36_ds36_lmin1of100_lseed36_lN1000_lpnsseed1000,d36_nl900_m50_w50_n600_p36_ds36,lmin1of100_lseed36_lN1000_lpnsseed1000,1032,2032,200,900,-180.51204790886973,63.79258470872625,0.25798234987036267,0.26623420080140436,0.9690052934363714,results/bootstrap_runs/d36_ds36_nl900_m50_w50/boot_method3_out/boot3_d36_nl900_m50_w50_n600_p36_ds36_lmin1of100_lseed36_lN1000_lpnsseed1000_nsseed1032_bootseed2032.npz,results/bootstrap_runs/d36_ds36_nl900_m50_w50/ns_runs_out/ns_out_d36_nl900_m50_w50_n600_p36_ds36_lmin1of100_lseed36_lN1000_lpnsseed1000_nsseed1032.npz,0.16484774620517972,results/d36_ds36_nl900_m50_w50/combined_d36_ds36_nl900_m50_w50.npz,1.5649734728508926,1.6150308811018428
d36_ds36_nl900_m50_w50,d36_nl900_m50_w50_n600_p36_ds36_lmin1of100_lseed36_lN1000_lpnsseed1000,d36_nl900_m50_w50_n600_p36_ds36,lmin1of100_lseed36_lN1000_lpnsseed1000,1033,2033,200,900,-180.64820227241452,64.5845045866431,0.26643455040515657,0.2678816168605559,0.9945981121349114,results/bootstrap_runs/d36_ds36_nl900_m50_w50/boot_method3_out/boot3_d36_nl900_m50_w50_n600_p36_ds36_lmin1of100_lseed36_lN1000_lpnsseed1000_nsseed1033_bootseed2033.npz,results/bootstrap_runs/d36_ds36_nl900_m50_w50/ns_runs_out/ns_out_d36_nl900_m50_w50_n600_p36_ds36_lmin1of100_lseed36_lN1000_lpnsseed1000_nsseed1033.npz,0.16484774620517972,results/d36_ds36_nl900_m50_w50/combined_d36_ds36_nl900_m50_w50.npz,1.6162462425997357,1.6250244424156932
d36_ds36_nl900_m50_w50,d36_nl900_m50_w50_n600_p36_ds36_lmin1of100_lseed36_lN1000_lpnsseed1000,d36_nl900_m50_w50_n600_p36_ds36,lmin1of100_lseed36_lN1000_lpnsseed1000,1034,2034,200,900,-180.38168734537166,64.25619365048874,0.2688104170999106,0.2671998703644245,1.0060274981918573,results/bootstrap_runs/d36_ds36_nl900_m50_w50/boot_method3_out/boot3_d36_nl900_m50_w50_n600_p36_ds36_lmin1of100_lseed36_lN1000_lpnsseed1000_nsseed1034_bootseed2034.npz,results/bootstrap_runs/d36_ds36_nl900_m50_w50/ns_runs_out/ns_out_d36_nl900_m50_w50_n600_p36_ds36_lmin1of100_lseed36_lN1000_lpnsseed1000_nsseed1034.npz,0.16484774620517972,results/d36_ds36_nl900_m50_w50/combined_d36_ds36_nl900_m50_w50.npz,1.630658733819342,1.6208888293313455
d36_ds36_nl900_m50_w50,d36_nl900_m50_w50_n600_p36_ds36_lmin1of100_lseed36_lN1000_lpnsseed1000,d36_nl900_m50_w50_n600_p36_ds36,lmin1of100_lseed36_lN1000_lpnsseed1000,1035,2035,200,900,-180.25621183009835,63.91347363894936,0.2724626775521046,0.2664863424454314,1.022426421751415,results/bootstrap_runs/d36_ds36_nl900_m50_w50/boot_method3_out/boot3_d36_nl900_m50_w50_n600_p36_ds36_lmin1of100_lseed36_lN1000_lpnsseed1000_nsseed1035_bootseed2035.npz,results/bootstrap_runs/d36_ds36_nl900_m50_w50/ns_runs_out/ns_out_d36_nl900_m50_w50_n600_p36_ds36_lmin1of100_lseed36_lN1000_lpnsseed1000_nsseed1035.npz,0.16484774620517972,results/d36_ds36_nl900_m50_w50/combined_d36_ds36_nl900_m50_w50.npz,1.652814089511304,1.6165604236635784
d36_ds36_nl900_m50_w50,d36_nl900_m50_w50_n600_p36_ds36_lmin1of100_lseed36_lN1000_lpnsseed1000,d36_nl900_m50_w50_n600_p36_ds36,lmin1of100_lseed36_lN1000_lpnsseed1000,1036,2036,200,900,-181.28808769870432,64.67781232031108,0.24997872411677557,0.2680750564887691,0.932495277221916,results/bootstrap_runs/d36_ds36_nl900_m50_w50/boot_method3_out/boot3_d36_nl900_m50_w50_n600_p36_ds36_lmin1of100_lseed36_lN1000_lpnsseed1000_nsseed1036_bootseed2036.npz,results/bootstrap_runs/d36_ds36_nl900_m50_w50/ns_runs_out/ns_out_d36_nl900_m50_w50_n600_p36_ds36_lmin1of100_lseed36_lN1000_lpnsseed1000_nsseed1036.npz,0.16484774620517972,results/d36_ds36_nl900_m50_w50/combined_d36_ds36_nl900_m50_w50.npz,1.516421849077855,1.6261978865947386
d36_ds36_nl900_m50_w50,d36_nl900_m50_w50_n600_p36_ds36_lmin1of100_lseed36_lN1000_lpnsseed1000,d36_nl900_m50_w50_n600_p36_ds36,lmin1of100_lseed36_lN1000_lpnsseed1000,1037,2037,200,900,-180.3354353181444,64.10784937738738,0.2989892324490901,0.2668912582919355,1.1202661127328668,results/bootstrap_runs/d36_ds36_nl900_m50_w50/boot_method3_out/boot3_d36_nl900_m50_w50_n600_p36_ds36_lmin1of100_lseed36_lN1000_lpnsseed1000_nsseed1037_bootseed2037.npz,results/bootstrap_runs/d36_ds36_nl900_m50_w50/ns_runs_out/ns_out_d36_nl900_m50_w50_n600_p36_ds36_lmin1of100_lseed36_lN1000_lpnsseed1000_nsseed1037.npz,0.16484774620517972,results/d36_ds36_nl900_m50_w50/combined_d36_ds36_nl900_m50_w50.npz,1.8137295736937136,1.6190167256502621
d36_ds36_nl900_m50_w50,d36_nl900_m50_w50_n600_p36_ds36_lmin1of100_lseed36_lN1000_lpnsseed1000,d36_nl900_m50_w50_n600_p36_ds36,lmin1of100_lseed36_lN1000_lpnsseed1000,1038,2038,200,900,-180.63986256082202,63.99591916517359,0.2439322315272824,0.26665816479191645,0.9147750331126446,results/bootstrap_runs/d36_ds36_nl900_m50_w50/boot_method3_out/boot3_d36_nl900_m50_w50_n600_p36_ds36_lmin1of100_lseed36_lN1000_lpnsseed1000_nsseed1038_bootseed2038.npz,results/bootstrap_runs/d36_ds36_nl900_m50_w50/ns_runs_out/ns_out_d36_nl900_m50_w50_n600_p36_ds36_lmin1of100_lseed36_lN1000_lpnsseed1000_nsseed1038.npz,0.16484774620517972,results/d36_ds36_nl900_m50_w50/combined_d36_ds36_nl900_m50_w50.npz,1.479742593651655,1.6176027330092653
d36_ds36_nl900_m50_w50,d36_nl900_m50_w50_n600_p36_ds36_lmin1of100_lseed36_lN1000_lpnsseed1000,d36_nl900_m50_w50_n600_p36_ds36,lmin1of100_lseed36_lN1000_lpnsseed1000,1039,2039,200,900,-180.6248459213196,64.2439899988241,0.2592424918615403,0.2671744956200059,0.9703115234107261,results/bootstrap_runs/d36_ds36_nl900_m50_w50/boot_method3_out/boot3_d36_nl900_m50_w50_n600_p36_ds36_lmin1of100_lseed36_lN1000_lpnsseed1000_nsseed1039_bootseed2039.npz,results/bootstrap_runs/d36_ds36_nl900_m50_w50/ns_runs_out/ns_out_d36_nl900_m50_w50_n600_p36_ds36_lmin1of100_lseed36_lN1000_lpnsseed1000_nsseed1039.npz,0.16484774620517972,results/d36_ds36_nl900_m50_w50/combined_d36_ds36_nl900_m50_w50.npz,1.5726177507994015,1.620734900964093
d36_ds36_nl900_m50_w50,d36_nl900_m50_w50_n600_p36_ds36_lmin1of100_lseed36_lN1000_lpnsseed1000,d36_nl900_m50_w50_n600_p36_ds36,lmin1of100_lseed36_lN1000_lpnsseed1000,1040,2040,200,900,-181.1496812527885,64.70580456696456,0.2776531404000265,0.268133061012137,1.035505056153663,results/bootstrap_runs/d36_ds36_nl900_m50_w50/boot_method3_out/boot3_d36_nl900_m50_w50_n600_p36_ds36_lmin1of100_lseed36_lN1000_lpnsseed1000_nsseed1040_bootseed2040.npz,results/bootstrap_runs/d36_ds36_nl900_m50_w50/ns_runs_out/ns_out_d36_nl900_m50_w50_n600_p36_ds36_lmin1of100_lseed36_lN1000_lpnsseed1000_nsseed1040.npz,0.16484774620517972,results/d36_ds36_nl900_m50_w50/combined_d36_ds36_nl900_m50_w50.npz,1.684300494193243,1.6265497538462066
d36_ds36_nl900_m50_w50,d36_nl900_m50_w50_n600_p36_ds36_lmin1of100_lseed36_lN1000_lpnsseed1000,d36_nl900_m50_w50_n600_p36_ds36,lmin1of100_lseed36_lN1000_lpnsseed1000,1041,2041,200,900,-180.1597867904925,64.47838414052458,0.29335653672515954,0.2676614448235444,1.0959984801642038,results/bootstrap_runs/d36_ds36_nl900_m50_w50/boot_method3_out/boot3_d36_nl900_m50_w50_n600_p36_ds36_lmin1of100_lseed36_lN1000_lpnsseed1000_nsseed1041_bootseed2041.npz,results/bootstrap_runs/d36_ds36_nl900_m50_w50/ns_runs_out/ns_out_d36_nl900_m50_w50_n600_p36_ds36_lmin1of100_lseed36_lN1000_lpnsseed1000_nsseed1041.npz,0.16484774620517972,results/d36_ds36_nl900_m50_w50/combined_d36_ds36_nl900_m50_w50.npz,1.7795604943244405,1.6236888340007778
d36_ds36_nl900_m50_w50,d36_nl900_m50_w50_n600_p36_ds36_lmin1of100_lseed36_lN1000_lpnsseed1000,d36_nl900_m50_w50_n600_p36_ds36,lmin1of100_lseed36_lN1000_lpnsseed1000,1042,2042,200,900,-180.23393276990464,64.49083849139575,0.27415542750723565,0.26768729370790456,1.0241630213736965,results/bootstrap_runs/d36_ds36_nl900_m50_w50/boot_method3_out/boot3_d36_nl900_m50_w50_n600_p36_ds36_lmin1of100_lseed36_lN1000_lpnsseed1000_nsseed1042_bootseed2042.npz,results/bootstrap_runs/d36_ds36_nl900_m50_w50/ns_runs_out/ns_out_d36_nl900_m50_w50_n600_p36_ds36_lmin1of100_lseed36_lN1000_lpnsseed1000_nsseed1042.npz,0.16484774620517972,results/d36_ds36_nl900_m50_w50/combined_d36_ds36_nl900_m50_w50.npz,1.6630826554704898,1.623845638597475
d36_ds36_nl900_m50_w50,d36_nl900_m50_w50_n600_p36_ds36_lmin1of100_lseed36_lN1000_lpnsseed1000,d36_nl900_m50_w50_n600_p36_ds36,lmin1of100_lseed36_lN1000_lpnsseed1000,1043,2043,200,900,-180.66237178992156,64.25982629287547,0.2695191661253495,0.2672074231605175,1.0086514923032033,results/bootstrap_runs/d36_ds36_nl900_m50_w50/boot_method3_out/boot3_d36_nl900_m50_w50_n600_p36_ds36_lmin1of100_lseed36_lN1000_lpnsseed1000_nsseed1043_bootseed2043.npz,results/bootstrap_runs/d36_ds36_nl900_m50_w50/ns_runs_out/ns_out_d36_nl900_m50_w50_n600_p36_ds36_lmin1of100_lseed36_lN1000_lpnsseed1000_nsseed1043.npz,0.16484774620517972,results/d36_ds36_nl900_m50_w50/combined_d36_ds36_nl900_m50_w50.npz,1.6349581497455794,1.6209346461305851
d36_ds36_nl900_m50_w50,d36_nl900_m50_w50_n600_p36_ds36_lmin1of100_lseed36_lN1000_lpnsseed1000,d36_nl900_m50_w50_n600_p36_ds36,lmin1of100_lseed36_lN1000_lpnsseed1000,1044,2044,200,900,-180.9538913125912,64.55220574041947,0.27817802776347383,0.26781462440447595,1.0386961816668614,results/bootstrap_runs/d36_ds36_nl900_m50_w50/boot_method3_out/boot3_d36_nl900_m50_w50_n600_p36_ds36_lmin1of100_lseed36_lN1000_lpnsseed1000_nsseed1044_bootseed2044.npz,results/bootstrap_runs/d36_ds36_nl900_m50_w50/ns_runs_out/ns_out_d36_nl900_m50_w50_n600_p36_ds36_lmin1of100_lseed36_lN1000_lpnsseed1000_nsseed1044.npz,0.16484774620517972,results/d36_ds36_nl900_m50_w50/combined_d36_ds36_nl900_m50_w50.npz,1.6874845678341044,1.6246180525339866
d36_ds36_nl900_m50_w50,d36_nl900_m50_w50_n600_p36_ds36_lmin1of100_lseed36_lN1000_lpnsseed1000,d36_nl900_m50_w50_n600_p36_ds36,lmin1of100_lseed36_lN1000_lpnsseed1000,1045,2045,200,900,-180.2935318342078,64.04888439286572,0.27672505269348013,0.26676848971193007,1.0373228599535937,results/bootstrap_runs/d36_ds36_nl900_m50_w50/boot_method3_out/boot3_d36_nl900_m50_w50_n600_p36_ds36_lmin1of100_lseed36_lN1000_lpnsseed1000_nsseed1045_bootseed2045.npz,results/bootstrap_runs/d36_ds36_nl900_m50_w50/ns_runs_out/ns_out_d36_nl900_m50_w50_n600_p36_ds36_lmin1of100_lseed36_lN1000_lpnsseed1000_nsseed1045.npz,0.16484774620517972,results/d36_ds36_nl900_m50_w50/combined_d36_ds36_nl900_m50_w50.npz,1.6786705251587182,1.6182719864419224
d36_ds36_nl900_m50_w50,d36_nl900_m50_w50_n600_p36_ds36_lmin1of100_lseed36_lN1000_lpnsseed1000,d36_nl900_m50_w50_n600_p36_ds36,lmin1of100_lseed36_lN1000_lpnsseed1000,1046,2046,200,900,-180.58336480181444,64.4620883136784,0.2723888185369689,0.26762761922259404,1.0177903884815969,results/bootstrap_runs/d36_ds36_nl900_m50_w50/boot_method3_out/boot3_d36_nl900_m50_w50_n600_p36_ds36_lmin1of100_lseed36_lN1000_lpnsseed1000_nsseed1046_bootseed2046.npz,results/bootstrap_runs/d36_ds36_nl900_m50_w50/ns_runs_out/ns_out_d36_nl900_m50_w50_n600_p36_ds36_lmin1of100_lseed36_lN1000_lpnsseed1000_nsseed1046.npz,0.16484774620517972,results/d36_ds36_nl900_m50_w50/combined_d36_ds36_nl900_m50_w50.npz,1.6523660456839784,1.6234836410167726
d36_ds36_nl900_m50_w50,d36_nl900_m50_w50_n600_p36_ds36_lmin1of100_lseed36_lN1000_lpnsseed1000,d36_nl900_m50_w50_n600_p36_ds36,lmin1of100_lseed36_lN1000_lpnsseed1000,1047,2047,200,900,-180.53264615049628,64.33640587477603,0.2536362004212232,0.26736659368069493,0.9486458159545939,results/bootstrap_runs/d36_ds36_nl900_m50_w50/boot_method3_out/boot3_d36_nl900_m50_w50_n600_p36_ds36_lmin1of100_lseed36_lN1000_lpnsseed1000_nsseed1047_bootseed2047.npz,results/bootstrap_runs/d36_ds36_nl900_m50_w50/ns_runs_out/ns_out_d36_nl900_m50_w50_n600_p36_ds36_lmin1of100_lseed36_lN1000_lpnsseed1000_nsseed1047.npz,0.16484774620517972,results/d36_ds36_nl900_m50_w50/combined_d36_ds36_nl900_m50_w50.npz,1.5386088451918043,1.6219002069213242
d36_ds36_nl900_m50_w50,d36_nl900_m50_w50_n600_p36_ds36_lmin1of100_lseed36_lN1000_lpnsseed1000,d36_nl900_m50_w50_n600_p36_ds36,lmin1of100_lseed36_lN1000_lpnsseed1000,1048,2048,200,900,-180.81531639032232,64.7003674334128,0.2698646472203244,0.26812179536217573,1.0065002244811707,results/bootstrap_runs/d36_ds36_nl900_m50_w50/boot_method3_out/boot3_d36_nl900_m50_w50_n600_p36_ds36_lmin1of100_lseed36_lN1000_lpnsseed1000_nsseed1048_bootseed2048.npz,results/bootstrap_runs/d36_ds36_nl900_m50_w50/ns_runs_out/ns_out_d36_nl900_m50_w50_n600_p36_ds36_lmin1of100_lseed36_lN1000_lpnsseed1000_nsseed1048.npz,0.16484774620517972,results/d36_ds36_nl900_m50_w50/combined_d36_ds36_nl900_m50_w50.npz,1.6370539084255002,1.626481414119273
d36_ds36_nl900_m50_w50,d36_nl900_m50_w50_n600_p36_ds36_lmin1of100_lseed36_lN1000_lpnsseed1000,d36_nl900_m50_w50_n600_p36_ds36,lmin1of100_lseed36_lN1000_lpnsseed1000,1049,2049,200,900,-180.99991196028682,65.08608316408007,0.2505527416411501,0.2689198211034493,0.9317005366620645,results/bootstrap_runs/d36_ds36_nl900_m50_w50/boot_method3_out/boot3_d36_nl900_m50_w50_n600_p36_ds36_lmin1of100_lseed36_lN1000_lpnsseed1000_nsseed1049_bootseed2049.npz,results/bootstrap_runs/d36_ds36_nl900_m50_w50/ns_runs_out/ns_out_d36_nl900_m50_w50_n600_p36_ds36_lmin1of100_lseed36_lN1000_lpnsseed1000_nsseed1049.npz,0.16484774620517972,results/d36_ds36_nl900_m50_w50/combined_d36_ds36_nl900_m50_w50.npz,1.5199039562803403,1.6313224007851161
d36_ds36_nl900_m50_w50,d36_nl900_m50_w50_n600_p36_ds36_lmin1of100_lseed36_lN1000_lpnsseed1000,d36_nl900_m50_w50_n600_p36_ds36,lmin1of100_lseed36_lN1000_lpnsseed1000,1050,2050,200,900,-181.2645230404752,65.0374547960276,0.29106258923891504,0.26881934205382785,1.0827442215100476,results/bootstrap_runs/d36_ds36_nl900_m50_w50/boot_method3_out/boot3_d36_nl900_m50_w50_n600_p36_ds36_lmin1of100_lseed36_lN1000_lpnsseed1000_nsseed1050_bootseed2050.npz,results/bootstrap_runs/d36_ds36_nl900_m50_w50/ns_runs_out/ns_out_d36_nl900_m50_w50_n600_p36_ds36_lmin1of100_lseed36_lN1000_lpnsseed1000_nsseed1050.npz,0.16484774620517972,results/d36_ds36_nl900_m50_w50/combined_d36_ds36_nl900_m50_w50.npz,1.7656449417066369,1.6307128744073858
d36_ds36_nl900_m50_w50,d36_nl900_m50_w50_n600_p36_ds36_lmin1of100_lseed36_lN1000_lpnsseed1000,d36_nl900_m50_w50_n600_p36_ds36,lmin1of100_lseed36_lN1000_lpnsseed1000,1051,2051,200,900,-180.2985537215241,64.17400800651583,0.3132729171061038,0.26702893727192406,1.1731796572559774,results/bootstrap_runs/d36_ds36_nl900_m50_w50/boot_method3_out/boot3_d36_nl900_m50_w50_n600_p36_ds36_lmin1of100_lseed36_lN1000_lpnsseed1000_nsseed1051_bootseed2051.npz,results/bootstrap_runs/d36_ds36_nl900_m50_w50/ns_runs_out/ns_out_d36_nl900_m50_w50_n600_p36_ds36_lmin1of100_lseed36_lN1000_lpnsseed1000_nsseed1051.npz,0.16484774620517972,results/d36_ds36_nl900_m50_w50/combined_d36_ds36_nl900_m50_w50.npz,1.900377313719442,1.6198519143814274
d36_ds36_nl900_m50_w50,d36_nl900_m50_w50_n600_p36_ds36_lmin1of100_lseed36_lN1000_lpnsseed1000,d36_nl900_m50_w50_n600_p36_ds36,lmin1of100_lseed36_lN1000_lpnsseed1000,1052,2052,200,900,-180.74603501863695,64.36886642814272,0.26784769158132166,0.26743403429245194,1.0015467638214566,results/bootstrap_runs/d36_ds36_nl900_m50_w50/boot_method3_out/boot3_d36_nl900_m50_w50_n600_p36_ds36_lmin1of100_lseed36_lN1000_lpnsseed1000_nsseed1052_bootseed2052.npz,results/bootstrap_runs/d36_ds36_nl900_m50_w50/ns_runs_out/ns_out_d36_nl900_m50_w50_n600_p36_ds36_lmin1of100_lseed36_lN1000_lpnsseed1000_nsseed1052.npz,0.16484774620517972,results/d36_ds36_nl900_m50_w50/combined_d36_ds36_nl900_m50_w50.npz,1.6248186447629185,1.6223093154066357
d36_ds36_nl900_m50_w50,d36_nl900_m50_w50_n600_p36_ds36_lmin1of100_lseed36_lN1000_lpnsseed1000,d36_nl900_m50_w50_n600_p36_ds36,lmin1of100_lseed36_lN1000_lpnsseed1000,1053,2053,200,900,-181.0950603630269,64.92264610897843,0.27638500157897944,0.2685819678504506,1.0290527089029062,results/bootstrap_runs/d36_ds36_nl900_m50_w50/boot_method3_out/boot3_d36_nl900_m50_w50_n600_p36_ds36_lmin1of100_lseed36_lN1000_lpnsseed1000_nsseed1053_bootseed2053.npz,results/bootstrap_runs/d36_ds36_nl900_m50_w50/ns_runs_out/ns_out_d36_nl900_m50_w50_n600_p36_ds36_lmin1of100_lseed36_lN1000_lpnsseed1000_nsseed1053.npz,0.16484774620517972,results/d36_ds36_nl900_m50_w50/combined_d36_ds36_nl900_m50_w50.npz,1.6766077058461784,1.6292729141480455
d36_ds36_nl900_m50_w50,d36_nl900_m50_w50_n600_p36_ds36_lmin1of100_lseed36_lN1000_lpnsseed1000,d36_nl900_m50_w50_n600_p36_ds36,lmin1of100_lseed36_lN1000_lpnsseed1000,1054,2054,200,900,-180.7744495012589,64.57757653321917,0.27626643768479403,0.2678672484920244,1.0313557900043897,results/bootstrap_runs/d36_ds36_nl900_m50_w50/boot_method3_out/boot3_d36_nl900_m50_w50_n600_p36_ds36_lmin1of100_lseed36_lN1000_lpnsseed1000_nsseed1054_bootseed2054.npz,results/bootstrap_runs/d36_ds36_nl900_m50_w50/ns_runs_out/ns_out_d36_nl900_m50_w50_n600_p36_ds36_lmin1of100_lseed36_lN1000_lpnsseed1000_nsseed1054.npz,0.16484774620517972,results/d36_ds36_nl900_m50_w50/combined_d36_ds36_nl900_m50_w50.npz,1.6758884731183143,1.624937280966039
d36_ds36_nl900_m50_w50,d36_nl900_m50_w50_n600_p36_ds36_lmin1of100_lseed36_lN1000_lpnsseed1000,d36_nl900_m50_w50_n600_p36_ds36,lmin1of100_lseed36_lN1000_lpnsseed1000,1055,2055,200,900,-180.99486386434157,64.80491155176584,0.2801037752907338,0.2683383261476821,1.0438455784977079,results/bootstrap_runs/d36_ds36_nl900_m50_w50/boot_method3_out/boot3_d36_nl900_m50_w50_n600_p36_ds36_lmin1of100_lseed36_lN1000_lpnsseed1000_nsseed1055_bootseed2055.npz,results/bootstrap_runs/d36_ds36_nl900_m50_w50/ns_runs_out/ns_out_d36_nl900_m50_w50_n600_p36_ds36_lmin1of100_lseed36_lN1000_lpnsseed1000_nsseed1055.npz,0.16484774620517972,results/d36_ds36_nl900_m50_w50/combined_d36_ds36_nl900_m50_w50.npz,1.69916654451617,1.6277949339610114
d36_ds36_nl900_m50_w50,d36_nl900_m50_w50_n600_p36_ds36_lmin1of100_lseed36_lN1000_lpnsseed1000,d36_nl900_m50_w50_n600_p36_ds36,lmin1of100_lseed36_lN1000_lpnsseed1000,1056,2056,200,900,-180.76919663827093,64.5462645386752,0.2864010741234379,0.2678022996720512,1.0694496442867094,results/bootstrap_runs/d36_ds36_nl900_m50_w50/boot_method3_out/boot3_d36_nl900_m50_w50_n600_p36_ds36_lmin1of100_lseed36_lN1000_lpnsseed1000_nsseed1056_bootseed2056.npz,results/bootstrap_runs/d36_ds36_nl900_m50_w50/ns_runs_out/ns_out_d36_nl900_m50_w50_n600_p36_ds36_lmin1of100_lseed36_lN1000_lpnsseed1000_nsseed1056.npz,0.16484774620517972,results/d36_ds36_nl900_m50_w50/combined_d36_ds36_nl900_m50_w50.npz,1.7373672416907986,1.6245432881971458
d36_ds36_nl900_m50_w50,d36_nl900_m50_w50_n600_p36_ds36_lmin1of100_lseed36_lN1000_lpnsseed1000,d36_nl900_m50_w50_n600_p36_ds36,lmin1of100_lseed36_lN1000_lpnsseed1000,1057,2057,200,900,-180.9097347261422,64.63569227768308,0.28113061842460746,0.267987753197963,1.049042782999624,results/bootstrap_runs/d36_ds36_nl900_m50_w50/boot_method3_out/boot3_d36_nl900_m50_w50_n600_p36_ds36_lmin1of100_lseed36_lN1000_lpnsseed1000_nsseed1057_bootseed2057.npz,results/bootstrap_runs/d36_ds36_nl900_m50_w50/ns_runs_out/ns_out_d36_nl900_m50_w50_n600_p36_ds36_lmin1of100_lseed36_lN1000_lpnsseed1000_nsseed1057.npz,0.16484774620517972,results/d36_ds36_nl900_m50_w50/combined_d36_ds36_nl900_m50_w50.npz,1.7053955840845703,1.6256682870532473
d36_ds36_nl900_m50_w50,d36_nl900_m50_w50_n600_p36_ds36_lmin1of100_lseed36_lN1000_lpnsseed1000,d36_nl900_m50_w50_n600_p36_ds36,lmin1of100_lseed36_lN1000_lpnsseed1000,1058,2058,200,900,-180.84150772396157,65.10395539682033,0.24779837525297893,0.26895674042248735,0.9213317162593804,results/bootstrap_runs/d36_ds36_nl900_m50_w50/boot_method3_out/boot3_d36_nl900_m50_w50_n600_p36_ds36_lmin1of100_lseed36_lN1000_lpnsseed1000_nsseed1058_bootseed2058.npz,results/bootstrap_runs/d36_ds36_nl900_m50_w50/ns_runs_out/ns_out_d36_nl900_m50_w50_n600_p36_ds36_lmin1of100_lseed36_lN1000_lpnsseed1000_nsseed1058.npz,0.16484774620517972,results/d36_ds36_nl900_m50_w50/combined_d36_ds36_nl900_m50_w50.npz,1.5031954088383697,1.631546360893082
d36_ds36_nl900_m50_w50,d36_nl900_m50_w50_n600_p36_ds36_lmin1of100_lseed36_lN1000_lpnsseed1000,d36_nl900_m50_w50_n600_p36_ds36,lmin1of100_lseed36_lN1000_lpnsseed1000,1059,2059,200,900,-180.87294890066397,64.80913329330592,0.2723081544950281,0.2683470665084179,1.0147610631193018,results/bootstrap_runs/d36_ds36_nl900_m50_w50/boot_method3_out/boot3_d36_nl900_m50_w50_n600_p36_ds36_lmin1of100_lseed36_lN1000_lpnsseed1000_nsseed1059_bootseed2059.npz,results/bootstrap_runs/d36_ds36_nl900_m50_w50/ns_runs_out/ns_out_d36_nl900_m50_w50_n600_p36_ds36_lmin1of100_lseed36_lN1000_lpnsseed1000_nsseed1059.npz,0.16484774620517972,results/d36_ds36_nl900_m50_w50/combined_d36_ds36_nl900_m50_w50.npz,1.6518767211781986,1.6278479547692237
d36_ds36_nl900_m50_w50,d36_nl900_m50_w50_n600_p36_ds36_lmin1of100_lseed36_lN1000_lpnsseed1015,d36_nl900_m50_w50_n600_p36_ds36,lmin1of100_lseed36_lN1000_lpnsseed1015,1015,2015,200,900,-180.61755018924137,64.37447394452255,0.2595051265089553,0.2674456828436229,0.9703096484854814,results/bootstrap_runs/d36_ds36_nl900_m50_w50/boot_method3_out/boot3_d36_nl900_m50_w50_n600_p36_ds36_lmin1of100_lseed36_lN1000_lpnsseed1015_nsseed1015_bootseed2015.npz,results/bootstrap_runs/d36_ds36_nl900_m50_w50/ns_runs_out/ns_out_d36_nl900_m50_w50_n600_p36_ds36_lmin1of100_lseed36_lN1000_lpnsseed1015_nsseed1015.npz,0.16484774620517972,results/d36_ds36_nl900_m50_w50/combined_d36_ds36_nl900_m50_w50.npz,1.5742109460566063,1.6223799778902857
d36_ds36_nl900_m50_w50,d36_nl900_m50_w50_n600_p36_ds36_lmin1of100_lseed36_lN1000_lpnsseed1015,d36_nl900_m50_w50_n600_p36_ds36,lmin1of100_lseed36_lN1000_lpnsseed1015,1016,2016,200,900,-180.66361721547125,64.42938074692093,0.26038872814902486,0.2675597145123162,0.9731985572777204,results/bootstrap_runs/d36_ds36_nl900_m50_w50/boot_method3_out/boot3_d36_nl900_m50_w50_n600_p36_ds36_lmin1of100_lseed36_lN1000_lpnsseed1015_nsseed1016_bootseed2016.npz,results/bootstrap_runs/d36_ds36_nl900_m50_w50/ns_runs_out/ns_out_d36_nl900_m50_w50_n600_p36_ds36_lmin1of100_lseed36_lN1000_lpnsseed1015_nsseed1016.npz,0.16484774620517972,results/d36_ds36_nl900_m50_w50/combined_d36_ds36_nl900_m50_w50.npz,1.579571053552221,1.6230717172153193
d36_ds36_nl900_m50_w50,d36_nl900_m50_w50_n600_p36_ds36_lmin1of100_lseed36_lN1000_lpnsseed1030,d36_nl900_m50_w50_n600_p36_ds36,lmin1of100_lseed36_lN1000_lpnsseed1030,1030,2030,200,900,-180.0559952775255,63.626656722842306,0.2786495669660431,0.2658877305322729,1.047997086620818,results/bootstrap_runs/d36_ds36_nl900_m50_w50/boot_method3_out/boot3_d36_nl900_m50_w50_n600_p36_ds36_lmin1of100_lseed36_lN1000_lpnsseed1030_nsseed1030_bootseed2030.npz,results/bootstrap_runs/d36_ds36_nl900_m50_w50/ns_runs_out/ns_out_d36_nl900_m50_w50_n600_p36_ds36_lmin1of100_lseed36_lN1000_lpnsseed1030_nsseed1030.npz,0.16484774620517972,results/d36_ds36_nl900_m50_w50/combined_d36_ds36_nl900_m50_w50.npz,1.6903450206666373,1.612929121890041
d36_ds36_nl900_m50_w50,d36_nl900_m50_w50_n600_p36_ds36_lmin1of100_lseed36_lN1000_lpnsseed1030,d36_nl900_m50_w50_n600_p36_ds36,lmin1of100_lseed36_lN1000_lpnsseed1030,1031,2031,200,900,-180.37001438476753,64.20138147058393,0.26930021314566965,0.267085881881931,1.0082907087717858,results/bootstrap_runs/d36_ds36_nl900_m50_w50/boot_method3_out/boot3_d36_nl900_m50_w50_n600_p36_ds36_lmin1of100_lseed36_lN1000_lpnsseed1030_nsseed1031_bootseed2031.npz,results/bootstrap_runs/d36_ds36_nl900_m50_w50/ns_runs_out/ns_out_d36_nl900_m50_w50_n600_p36_ds36_lmin1of100_lseed36_lN1000_lpnsseed1030_nsseed1031.npz,0.16484774620517972,results/d36_ds36_nl900_m50_w50/combined_d36_ds36_nl900_m50_w50.npz,1.6336299363807008,1.6201973519825945
d36_ds36_nl900_m50_w50,d36_nl900_m50_w50_n600_p36_ds36_lmin1of100_lseed36_lN1000_lpnsseed1045,d36_nl900_m50_w50_n600_p36_ds36,lmin1of100_lseed36_lN1000_lpnsseed1045,1045,2045,200,900,-180.29353183420784,64.04888439286722,0.27620271602158464,0.2667684897119332,1.0353648450753643,results/bootstrap_runs/d36_ds36_nl900_m50_w50/boot_method3_out/boot3_d36_nl900_m50_w50_n600_p36_ds36_lmin1of100_lseed36_lN1000_lpnsseed1045_nsseed1045_bootseed2045.npz,results/bootstrap_runs/d36_ds36_nl900_m50_w50/ns_runs_out/ns_out_d36_nl900_m50_w50_n600_p36_ds36_lmin1of100_lseed36_lN1000_lpnsseed1045_nsseed1045.npz,0.16484774620517972,results/d36_ds36_nl900_m50_w50/combined_d36_ds36_nl900_m50_w50.npz,1.6755019245322627,1.6182719864419413
d36_ds36_nl900_m50_w50,d36_nl900_m50_w50_n600_p36_ds36_lmin1of100_lseed36_lN1000_lpnsseed1045,d36_nl900_m50_w50_n600_p36_ds36,lmin1of100_lseed36_lN1000_lpnsseed1045,1046,2046,200,900,-180.58336480181444,64.46208831367663,0.27525240467828405,0.2676276192225903,1.0284902786858934,results/bootstrap_runs/d36_ds36_nl900_m50_w50/boot_method3_out/boot3_d36_nl900_m50_w50_n600_p36_ds36_lmin1of100_lseed36_lN1000_lpnsseed1045_nsseed1046_bootseed2046.npz,results/bootstrap_runs/d36_ds36_nl900_m50_w50/ns_runs_out/ns_out_d36_nl900_m50_w50_n600_p36_ds36_lmin1of100_lseed36_lN1000_lpnsseed1045_nsseed1046.npz,0.16484774620517972,results/d36_ds36_nl900_m50_w50/combined_d36_ds36_nl900_m50_w50.npz,1.6697371423913059,1.6234836410167501
d36_ds36_nl900_m50_w50,d36_nl900_m50_w50_n600_p36_ds36_lmin1of100_lseed36_lN1000_lpnsseed1100,d36_nl900_m50_w50_n600_p36_ds36,lmin1of100_lseed36_lN1000_lpnsseed1100,1100,2100,200,900,-180.55315288738544,64.53284825100582,0.2559787663401478,0.26777446615265577,0.9559491239699333,results/bootstrap_runs/d36_ds36_nl900_m50_w50/boot_method3_out/boot3_d36_nl900_m50_w50_n600_p36_ds36_lmin1of100_lseed36_lN1000_lpnsseed1100_nsseed1100_bootseed2100.npz,results/bootstrap_runs/d36_ds36_nl900_m50_w50/ns_runs_out/ns_out_d36_nl900_m50_w50_n600_p36_ds36_lmin1of100_lseed36_lN1000_lpnsseed1100_nsseed1100.npz,0.16484774620517972,results/d36_ds36_nl900_m50_w50/combined_d36_ds36_nl900_m50_w50.npz,1.5528193271234705,1.62437444440015
d36_ds36_nl900_m50_w50,d36_nl900_m50_w50_n600_p36_ds36_lmin1of100_lseed36_lN1000_lpnsseed1100,d36_nl900_m50_w50_n600_p36_ds36,lmin1of100_lseed36_lN1000_lpnsseed1100,1101,2101,200,900,-180.81053125945058,64.01998181840348,0.2644395731013057,0.26670829220622183,0.9914936311647862,results/bootstrap_runs/d36_ds36_nl900_m50_w50/boot_method3_out/boot3_d36_nl900_m50_w50_n600_p36_ds36_lmin1of100_lseed36_lN1000_lpnsseed1100_nsseed1101_bootseed2101.npz,results/bootstrap_runs/d36_ds36_nl900_m50_w50/ns_runs_out/ns_out_d36_nl900_m50_w50_n600_p36_ds36_lmin1of100_lseed36_lN1000_lpnsseed1100_nsseed1101.npz,0.16484774620517972,results/d36_ds36_nl900_m50_w50/combined_d36_ds36_nl900_m50_w50.npz,1.6041443039941101,1.6179068161129735
d36_ds36_nl900_m50_w50,d36_nl900_m50_w50_n600_p36_ds36_lmin1of100_lseed36_lN1000_lpnsseed1100,d36_nl900_m50_w50_n600_p36_ds36,lmin1of100_lseed36_lN1000_lpnsseed1100,1102,2102,200,900,-180.8034510615954,64.80846722441059,0.2630603990878848,0.26834568755082105,0.9803041796155741,results/bootstrap_runs/d36_ds36_nl900_m50_w50/boot_method3_out/boot3_d36_nl900_m50_w50_n600_p36_ds36_lmin1of100_lseed36_lN1000_lpnsseed1100_nsseed1102_bootseed2102.npz,results/bootstrap_runs/d36_ds36_nl900_m50_w50/ns_runs_out/ns_out_d36_nl900_m50_w50_n600_p36_ds36_lmin1of100_lseed36_lN1000_lpnsseed1100_nsseed1102.npz,0.16484774620517972,results/d36_ds36_nl900_m50_w50/combined_d36_ds36_nl900_m50_w50.npz,1.5957779535576029,1.6278395897316145
d36_ds36_nl900_m50_w50,d36_nl900_m50_w50_n600_p36_ds36_lmin1of100_lseed36_lN1000_lpnsseed1100,d36_nl900_m50_w50_n600_p36_ds36,lmin1of100_lseed36_lN1000_lpnsseed1100,1103,2103,200,900,-180.75011930051315,64.24477550914493,0.2620658449320121,0.26717612898432735,0.9808729766699517,results/bootstrap_runs/d36_ds36_nl900_m50_w50/boot_method3_out/boot3_d36_nl900_m50_w50_n600_p36_ds36_lmin1of100_lseed36_lN1000_lpnsseed1100_nsseed1103_bootseed2103.npz,results/bootstrap_runs/d36_ds36_nl900_m50_w50/ns_runs_out/ns_out_d36_nl900_m50_w50_n600_p36_ds36_lmin1of100_lseed36_lN1000_lpnsseed1100_nsseed1103.npz,0.16484774620517972,results/d36_ds36_nl900_m50_w50/combined_d36_ds36_nl900_m50_w50.npz,1.5897447855054612,1.6207448092847043
d36_ds36_nl900_m50_w50,d36_nl900_m50_w50_n600_p36_ds36_lmin1of100_lseed36_lN1000_lpnsseed1100,d36_nl900_m50_w50_n600_p36_ds36,lmin1of100_lseed36_lN1000_lpnsseed1100,1104,2104,200,900,-180.82679071353772,64.5733600210982,0.24819581313419367,0.2678585033207275,0.9265929961424813,results/bootstrap_runs/d36_ds36_nl900_m50_w50/boot_method3_out/boot3_d36_nl900_m50_w50_n600_p36_ds36_lmin1of100_lseed36_lN1000_lpnsseed1100_nsseed1104_bootseed2104.npz,results/bootstrap_runs/d36_ds36_nl900_m50_w50/ns_runs_out/ns_out_d36_nl900_m50_w50_n600_p36_ds36_lmin1of100_lseed36_lN1000_lpnsseed1100_nsseed1104.npz,0.16484774620517972,results/d36_ds36_nl900_m50_w50/combined_d36_ds36_nl900_m50_w50.npz,1.505606347964708,1.6248842309759832
d36_ds36_nl900_m50_w50,d36_nl900_m50_w50_n600_p36_ds36_lmin1of100_lseed36_lN1000_lpnsseed1100,d36_nl900_m50_w50_n600_p36_ds36,lmin1of100_lseed36_lN1000_lpnsseed1100,1105,2105,200,900,-181.24618617568333,64.9069426493323,0.27140656171112276,0.26854948364486714,1.010638925934536,results/bootstrap_runs/d36_ds36_nl900_m50_w50/boot_method3_out/boot3_d36_nl900_m50_w50_n600_p36_ds36_lmin1of100_lseed36_lN1000_lpnsseed1100_nsseed1105_bootseed2105.npz,results/bootstrap_runs/d36_ds36_nl900_m50_w50/ns_runs_out/ns_out_d36_nl900_m50_w50_n600_p36_ds36_lmin1of100_lseed36_lN1000_lpnsseed1100_nsseed1105.npz,0.16484774620517972,results/d36_ds36_nl900_m50_w50/combined_d36_ds36_nl900_m50_w50.npz,1.6464074757401495,1.6290758583415135
d36_ds36_nl900_m50_w50,d36_nl900_m50_w50_n600_p36_ds36_lmin1of100_lseed36_lN1000_lpnsseed1100,d36_nl900_m50_w50_n600_p36_ds36,lmin1of100_lseed36_lN1000_lpnsseed1100,1106,2106,200,900,-180.67458740084203,64.14491311859332,0.26579670430722163,0.2669683982933671,0.9956111135488857,results/bootstrap_runs/d36_ds36_nl900_m50_w50/boot_method3_out/boot3_d36_nl900_m50_w50_n600_p36_ds36_lmin1of100_lseed36_lN1000_lpnsseed1100_nsseed1106_bootseed2106.npz,results/bootstrap_runs/d36_ds36_nl900_m50_w50/ns_runs_out/ns_out_d36_nl900_m50_w50_n600_p36_ds36_lmin1of100_lseed36_lN1000_lpnsseed1100_nsseed1106.npz,0.16484774620517972,results/d36_ds36_nl900_m50_w50/combined_d36_ds36_nl900_m50_w50.npz,1.6123769382712372,1.6194846726086367
d36_ds36_nl900_m50_w50,d36_nl900_m50_w50_n600_p36_ds36_lmin1of100_lseed36_lN1000_lpnsseed1100,d36_nl900_m50_w50_n600_p36_ds36,lmin1of100_lseed36_lN1000_lpnsseed1100,1107,2107,200,900,-180.97718973400723,64.78253403015957,0.2675452752733135,0.2682919927370997,0.99721677320233,results/bootstrap_runs/d36_ds36_nl900_m50_w50/boot_method3_out/boot3_d36_nl900_m50_w50_n600_p36_ds36_lmin1of100_lseed36_lN1000_lpnsseed1100_nsseed1107_bootseed2107.npz,results/bootstrap_runs/d36_ds36_nl900_m50_w50/ns_runs_out/ns_out_d36_nl900_m50_w50_n600_p36_ds36_lmin1of100_lseed36_lN1000_lpnsseed1100_nsseed1107.npz,0.16484774620517972,results/d36_ds36_nl900_m50_w50/combined_d36_ds36_nl900_m50_w50.npz,1.6229841258509539,1.627513866056542
d36_ds36_nl900_m50_w50,d36_nl900_m50_w50_n600_p36_ds36_lmin1of100_lseed36_lN1000_lpnsseed1100,d36_nl900_m50_w50_n600_p36_ds36,lmin1of100_lseed36_lN1000_lpnsseed1100,1108,2108,200,900,-180.5590200431651,64.42154593967796,0.2760475626237065,0.26754344598313573,1.0317859277371602,results/bootstrap_runs/d36_ds36_nl900_m50_w50/boot_method3_out/boot3_d36_nl900_m50_w50_n600_p36_ds36_lmin1of100_lseed36_lN1000_lpnsseed1100_nsseed1108_bootseed2108.npz,results/bootstrap_runs/d36_ds36_nl900_m50_w50/ns_runs_out/ns_out_d36_nl900_m50_w50_n600_p36_ds36_lmin1of100_lseed36_lN1000_lpnsseed1100_nsseed1108.npz,0.16484774620517972,results/d36_ds36_nl900_m50_w50/combined_d36_ds36_nl900_m50_w50.npz,1.6745607324234848,1.6229730290041975
d36_ds36_nl900_m50_w50,d36_nl900_m50_w50_n600_p36_ds36_lmin1of100_lseed36_lN1000_lpnsseed1100,d36_nl900_m50_w50_n600_p36_ds36,lmin1of100_lseed36_lN1000_lpnsseed1100,1109,2109,200,900,-181.01608575598365,64.36451943122347,0.27226043139608436,0.267425003882134,1.0180814338366113,results/bootstrap_runs/d36_ds36_nl900_m50_w50/boot_method3_out/boot3_d36_nl900_m50_w50_n600_p36_ds36_lmin1of100_lseed36_lN1000_lpnsseed1100_nsseed1109_bootseed2109.npz,results/bootstrap_runs/d36_ds36_nl900_m50_w50/ns_runs_out/ns_out_d36_nl900_m50_w50_n600_p36_ds36_lmin1of100_lseed36_lN1000_lpnsseed1100_nsseed1109.npz,0.16484774620517972,results/d36_ds36_nl900_m50_w50/combined_d36_ds36_nl900_m50_w50.npz,1.6515872231411168,1.622254535098589
d36_ds36_nl900_m50_w50,d36_nl900_m50_w50_n600_p36_ds36_lmin1of100_lseed36_lN1000_lpnsseed1100,d36_nl900_m50_w50_n600_p36_ds36,lmin1of100_lseed36_lN1000_lpnsseed1100,1110,2110,200,900,-181.02175740702134,64.9388993457074,0.2704852037557642,0.2686155851888374,1.0069602013807668,results/bootstrap_runs/d36_ds36_nl900_m50_w50/boot_method3_out/boot3_d36_nl900_m50_w50_n600_p36_ds36_lmin1of100_lseed36_lN1000_lpnsseed1100_nsseed1110_bootseed2110.npz,results/bootstrap_runs/d36_ds36_nl900_m50_w50/ns_runs_out/ns_out_d36_nl900_m50_w50_n600_p36_ds36_lmin1of100_lseed36_lN1000_lpnsseed1100_nsseed1110.npz,0.16484774620517972,results/d36_ds36_nl900_m50_w50/combined_d36_ds36_nl900_m50_w50.npz,1.640818330746855,1.629476843768927
d36_ds36_nl900_m50_w50,d36_nl900_m50_w50_n600_p36_ds36_lmin1of100_lseed36_lN1000_lpnsseed1100,d36_nl900_m50_w50_n600_p36_ds36,lmin1of100_lseed36_lN1000_lpnsseed1100,1111,2111,200,900,-181.2637603539513,64.91631157276551,0.286890032394258,0.2685688646899535,1.068217765024457,results/bootstrap_runs/d36_ds36_nl900_m50_w50/boot_method3_out/boot3_d36_nl900_m50_w50_n600_p36_ds36_lmin1of100_lseed36_lN1000_lpnsseed1100_nsseed1111_bootseed2111.npz,results/bootstrap_runs/d36_ds36_nl900_m50_w50/ns_runs_out/ns_out_d36_nl900_m50_w50_n600_p36_ds36_lmin1of100_lseed36_lN1000_lpnsseed1100_nsseed1111.npz,0.16484774620517972,results/d36_ds36_nl900_m50_w50/combined_d36_ds36_nl900_m50_w50.npz,1.7403333621387633,1.6291934277079896
d36_ds36_nl900_m50_w50,d36_nl900_m50_w50_n600_p36_ds36_lmin1of100_lseed36_lN1000_lpnsseed1100,d36_nl900_m50_w50_n600_p36_ds36,lmin1of100_lseed36_lN1000_lpnsseed1100,1112,2112,200,900,-180.67183477909,64.2075912551355,0.2742582528165902,0.2670987983148963,1.0268045178295908,results/bootstrap_runs/d36_ds36_nl900_m50_w50/boot_method3_out/boot3_d36_nl900_m50_w50_n600_p36_ds36_lmin1of100_lseed36_lN1000_lpnsseed1100_nsseed1112_bootseed2112.npz,results/bootstrap_runs/d36_ds36_nl900_m50_w50/ns_runs_out/ns_out_d36_nl900_m50_w50_n600_p36_ds36_lmin1of100_lseed36_lN1000_lpnsseed1100_nsseed1112.npz,0.16484774620517972,results/d36_ds36_nl900_m50_w50/combined_d36_ds36_nl900_m50_w50.npz,1.6637064147375809,1.6202757056954153
d36_ds36_nl900_m50_w50,d36_nl900_m50_w50_n600_p36_ds36_lmin1of100_lseed36_lN1000_lpnsseed1100,d36_nl900_m50_w50_n600_p36_ds36,lmin1of100_lseed36_lN1000_lpnsseed1100,1113,2113,200,900,-181.03872138939477,64.32713507515567,0.25209028050454935,0.2673473293824921,0.9429317326147119,results/bootstrap_runs/d36_ds36_nl900_m50_w50/boot_method3_out/boot3_d36_nl900_m50_w50_n600_p36_ds36_lmin1of100_lseed36_lN1000_lpnsseed1100_nsseed1113_bootseed2113.npz,results/bootstrap_runs/d36_ds36_nl900_m50_w50/ns_runs_out/ns_out_d36_nl900_m50_w50_n600_p36_ds36_lmin1of100_lseed36_lN1000_lpnsseed1100_nsseed1113.npz,0.16484774620517972,results/d36_ds36_nl900_m50_w50/combined_d36_ds36_nl900_m50_w50.npz,1.5292309801480826,1.6217833457652193
d36_ds36_nl900_m50_w50,d36_nl900_m50_w50_n600_p36_ds36_lmin1of100_lseed36_lN1000_lpnsseed1100,d36_nl900_m50_w50_n600_p36_ds36,lmin1of100_lseed36_lN1000_lpnsseed1100,1114,2114,200,900,-180.52775729561165,64.50319427535501,0.26160317636065894,0.26771293555132064,0.9771779455554531,results/bootstrap_runs/d36_ds36_nl900_m50_w50/boot_method3_out/boot3_d36_nl900_m50_w50_n600_p36_ds36_lmin1of100_lseed36_lN1000_lpnsseed1100_nsseed1114_bootseed2114.npz,results/bootstrap_runs/d36_ds36_nl900_m50_w50/ns_runs_out/ns_out_d36_nl900_m50_w50_n600_p36_ds36_lmin1of100_lseed36_lN1000_lpnsseed1100_nsseed1114.npz,0.16484774620517972,results/d36_ds36_nl900_m50_w50/combined_d36_ds36_nl900_m50_w50.npz,1.5869381437284038,1.6240011872416413
d36_ds36_nl900_m50_w50,d36_nl900_m50_w50_n600_p36_ds36_lmin1of100_lseed36_lN1000_lpnsseed1100,d36_nl900_m50_w50_n600_p36_ds36,lmin1of100_lseed36_lN1000_lpnsseed1100,1115,2115,200,900,-181.02999245583166,65.21907300170575,0.28139053801515607,0.2691944216891612,1.0453059771798605,results/bootstrap_runs/d36_ds36_nl900_m50_w50/boot_method3_out/boot3_d36_nl900_m50_w50_n600_p36_ds36_lmin1of100_lseed36_lN1000_lpnsseed1100_nsseed1115_bootseed2115.npz,results/bootstrap_runs/d36_ds36_nl900_m50_w50/ns_runs_out/ns_out_d36_nl900_m50_w50_n600_p36_ds36_lmin1of100_lseed36_lN1000_lpnsseed1100_nsseed1115.npz,0.16484774620517972,results/d36_ds36_nl900_m50_w50/combined_d36_ds36_nl900_m50_w50.npz,1.7069723092538975,1.6329881838609133
d36_ds36_nl900_m50_w50,d36_nl900_m50_w50_n600_p36_ds36_lmin1of100_lseed36_lN1000_lpnsseed1100,d36_nl900_m50_w50_n600_p36_ds36,lmin1of100_lseed36_lN1000_lpnsseed1100,1116,2116,200,900,-180.58737764956325,64.47116906289146,0.27163020089553336,0.2676464688578977,1.0148843063561983,results/bootstrap_runs/d36_ds36_nl900_m50_w50/boot_method3_out/boot3_d36_nl900_m50_w50_n600_p36_ds36_lmin1of100_lseed36_lN1000_lpnsseed1100_nsseed1116_bootseed2116.npz,results/bootstrap_runs/d36_ds36_nl900_m50_w50/ns_runs_out/ns_out_d36_nl900_m50_w50_n600_p36_ds36_lmin1of100_lseed36_lN1000_lpnsseed1100_nsseed1116.npz,0.16484774620517972,results/d36_ds36_nl900_m50_w50/combined_d36_ds36_nl900_m50_w50.npz,1.6477641165772783,1.6235979867432846
d36_ds36_nl900_m50_w50,d36_nl900_m50_w50_n600_p36_ds36_lmin1of100_lseed36_lN1000_lpnsseed1100,d36_nl900_m50_w50_n600_p36_ds36,lmin1of100_lseed36_lN1000_lpnsseed1100,1117,2117,200,900,-180.86964252981818,64.70440314578475,0.23766518026130065,0.26813015733612316,0.8863798933417543,results/bootstrap_runs/d36_ds36_nl900_m50_w50/boot_method3_out/boot3_d36_nl900_m50_w50_n600_p36_ds36_lmin1of100_lseed36_lN1000_lpnsseed1100_nsseed1117_bootseed2117.npz,results/bootstrap_runs/d36_ds36_nl900_m50_w50/ns_runs_out/ns_out_d36_nl900_m50_w50_n600_p36_ds36_lmin1of100_lseed36_lN1000_lpnsseed1100_nsseed1117.npz,0.16484774620517972,results/d36_ds36_nl900_m50_w50/combined_d36_ds36_nl900_m50_w50.npz,1.4417253843767317,1.626532139556168
d36_ds36_nl900_m50_w50,d36_nl900_m50_w50_n600_p36_ds36_lmin1of100_lseed36_lN1000_lpnsseed1100,d36_nl900_m50_w50_n600_p36_ds36,lmin1of100_lseed36_lN1000_lpnsseed1100,1118,2118,200,900,-180.64916705115328,64.68672720845969,0.2593455659141255,0.26809353096024713,0.9673697272187489,results/bootstrap_runs/d36_ds36_nl900_m50_w50/boot_method3_out/boot3_d36_nl900_m50_w50_n600_p36_ds36_lmin1of100_lseed36_lN1000_lpnsseed1100_nsseed1118_bootseed2118.npz,results/bootstrap_runs/d36_ds36_nl900_m50_w50/ns_runs_out/ns_out_d36_nl900_m50_w50_n600_p36_ds36_lmin1of100_lseed36_lN1000_lpnsseed1100_nsseed1118.npz,0.16484774620517972,results/d36_ds36_nl900_m50_w50/combined_d36_ds36_nl900_m50_w50.npz,1.5732430189935867,1.6263099565010812
d36_ds36_nl900_m50_w50,d36_nl900_m50_w50_n600_p36_ds36_lmin1of100_lseed36_lN1000_lpnsseed1100,d36_nl900_m50_w50_n600_p36_ds36,lmin1of100_lseed36_lN1000_lpnsseed1100,1119,2119,200,900,-181.0644768970328,64.99925953255455,0.2619477690736822,0.26874039421087437,0.9747242123494761,results/bootstrap_runs/d36_ds36_nl900_m50_w50/boot_method3_out/boot3_d36_nl900_m50_w50_n600_p36_ds36_lmin1of100_lseed36_lN1000_lpnsseed1100_nsseed1119_bootseed2119.npz,results/bootstrap_runs/d36_ds36_nl900_m50_w50/ns_runs_out/ns_out_d36_nl900_m50_w50_n600_p36_ds36_lmin1of100_lseed36_lN1000_lpnsseed1100_nsseed1119.npz,0.16484774620517972,results/d36_ds36_nl900_m50_w50/combined_d36_ds36_nl900_m50_w50.npz,1.5890285133024857,1.6302339607141696
d36_ds36_nl900_m50_w50,d36_nl900_m50_w50_n600_p36_ds36_lmin1of100_lseed36_lN1000_lpnsseed1100,d36_nl900_m50_w50_n600_p36_ds36,lmin1of100_lseed36_lN1000_lpnsseed1100,1120,2120,200,900,-180.65708736768812,64.35303801911122,0.28511679923564015,0.26740115103864126,1.0662512039614924,results/bootstrap_runs/d36_ds36_nl900_m50_w50/boot_method3_out/boot3_d36_nl900_m50_w50_n600_p36_ds36_lmin1of100_lseed36_lN1000_lpnsseed1100_nsseed1120_bootseed2120.npz,results/bootstrap_runs/d36_ds36_nl900_m50_w50/ns_runs_out/ns_out_d36_nl900_m50_w50_n600_p36_ds36_lmin1of100_lseed36_lN1000_lpnsseed1100_nsseed1120.npz,0.16484774620517972,results/d36_ds36_nl900_m50_w50/combined_d36_ds36_nl900_m50_w50.npz,1.7295765686766873,1.6221098388922903
d36_ds36_nl900_m50_w50,d36_nl900_m50_w50_n600_p36_ds36_lmin1of100_lseed36_lN1000_lpnsseed1100,d36_nl900_m50_w50_n600_p36_ds36,lmin1of100_lseed36_lN1000_lpnsseed1100,1121,2121,200,900,-180.61689069571355,64.60932058106127,0.27127040317992607,0.26793307742598144,1.0124558183931829,results/bootstrap_runs/d36_ds36_nl900_m50_w50/boot_method3_out/boot3_d36_nl900_m50_w50_n600_p36_ds36_lmin1of100_lseed36_lN1000_lpnsseed1100_nsseed1121_bootseed2121.npz,results/bootstrap_runs/d36_ds36_nl900_m50_w50/ns_runs_out/ns_out_d36_nl900_m50_w50_n600_p36_ds36_lmin1of100_lseed36_lN1000_lpnsseed1100_nsseed1121.npz,0.16484774620517972,results/d36_ds36_nl900_m50_w50/combined_d36_ds36_nl900_m50_w50.npz,1.6455815103609976,1.6253366126855948
d36_ds36_nl900_m50_w50,d36_nl900_m50_w50_n600_p36_ds36_lmin1of100_lseed36_lN1000_lpnsseed1100,d36_nl900_m50_w50_n600_p36_ds36,lmin1of100_lseed36_lN1000_lpnsseed1100,1122,2122,200,900,-180.42142995577166,63.63289670573874,0.2524692469645039,0.26590076826126685,0.9494867149704302,results/bootstrap_runs/d36_ds36_nl900_m50_w50/boot_method3_out/boot3_d36_nl900_m50_w50_n600_p36_ds36_lmin1of100_lseed36_lN1000_lpnsseed1100_nsseed1122_bootseed2122.npz,results/bootstrap_runs/d36_ds36_nl900_m50_w50/ns_runs_out/ns_out_d36_nl900_m50_w50_n600_p36_ds36_lmin1of100_lseed36_lN1000_lpnsseed1100_nsseed1122.npz,0.16484774620517972,results/d36_ds36_nl900_m50_w50/combined_d36_ds36_nl900_m50_w50.npz,1.5315298678713207,1.6130082114092739
d36_ds36_nl900_m50_w50,d36_nl900_m50_w50_n600_p36_ds36_lmin1of100_lseed36_lN1000_lpnsseed1100,d36_nl900_m50_w50_n600_p36_ds36,lmin1of100_lseed36_lN1000_lpnsseed1100,1123,2123,200,900,-180.71586442904018,64.22885520299187,0.26501443465367447,0.2671430228734993,0.9920320276497254,results/bootstrap_runs/d36_ds36_nl900_m50_w50/boot_method3_out/boot3_d36_nl900_m50_w50_n600_p36_ds36_lmin1of100_lseed36_lN1000_lpnsseed1100_nsseed1123_bootseed2123.npz,results/bootstrap_runs/d36_ds36_nl900_m50_w50/ns_runs_out/ns_out_d36_nl900_m50_w50_n600_p36_ds36_lmin1of100_lseed36_lN1000_lpnsseed1100_nsseed1123.npz,0.16484774620517972,results/d36_ds36_nl900_m50_w50/combined_d36_ds36_nl900_m50_w50.npz,1.607631531242296,1.6205439808743063
d36_ds36_nl900_m50_w50,d36_nl900_m50_w50_n600_p36_ds36_lmin1of100_lseed36_lN1000_lpnsseed1100,d36_nl900_m50_w50_n600_p36_ds36,lmin1of100_lseed36_lN1000_lpnsseed1100,1124,2124,200,900,-180.59975577526433,64.3470183845855,0.2610953211456873,0.26738864428764336,0.9764637606106188,results/bootstrap_runs/d36_ds36_nl900_m50_w50/boot_method3_out/boot3_d36_nl900_m50_w50_n600_p36_ds36_lmin1of100_lseed36_lN1000_lpnsseed1100_nsseed1124_bootseed2124.npz,results/bootstrap_runs/d36_ds36_nl900_m50_w50/ns_runs_out/ns_out_d36_nl900_m50_w50_n600_p36_ds36_lmin1of100_lseed36_lN1000_lpnsseed1100_nsseed1124.npz,0.16484774620517972,results/d36_ds36_nl900_m50_w50/combined_d36_ds36_nl900_m50_w50.npz,1.5838573905688214,1.6220339703937163
d36_ds36_nl900_m50_w50,d36_nl900_m50_w50_n600_p36_ds36_lmin1of100_lseed36_lN1000_lpnsseed1100,d36_nl900_m50_w50_n600_p36_ds36,lmin1of100_lseed36_lN1000_lpnsseed1100,1125,2125,200,900,-180.86311338687048,64.56338486112404,0.2695864416496937,0.267837813406057,1.0065286832408002,results/bootstrap_runs/d36_ds36_nl900_m50_w50/boot_method3_out/boot3_d36_nl900_m50_w50_n600_p36_ds36_lmin1of100_lseed36_lN1000_lpnsseed1100_nsseed1125_bootseed2125.npz,results/bootstrap_runs/d36_ds36_nl900_m50_w50/ns_runs_out/ns_out_d36_nl900_m50_w50_n600_p36_ds36_lmin1of100_lseed36_lN1000_lpnsseed1100_nsseed1125.npz,0.16484774620517972,results/d36_ds36_nl900_m50_w50/combined_d36_ds36_nl900_m50_w50.npz,1.6353662567770244,1.624758721740056
d36_ds36_nl900_m50_w50,d36_nl900_m50_w50_n600_p36_ds36_lmin1of100_lseed36_lN1000_lpnsseed1100,d36_nl900_m50_w50_n600_p36_ds36,lmin1of100_lseed36_lN1000_lpnsseed1100,1126,2126,200,900,-181.2737160900715,65.1572854107645,0.27010163824450895,0.2690668760545198,1.003845743501253,results/bootstrap_runs/d36_ds36_nl900_m50_w50/boot_method3_out/boot3_d36_nl900_m50_w50_n600_p36_ds36_lmin1of100_lseed36_lN1000_lpnsseed1100_nsseed1126_bootseed2126.npz,results/bootstrap_runs/d36_ds36_nl900_m50_w50/ns_runs_out/ns_out_d36_nl900_m50_w50_n600_p36_ds36_lmin1of100_lseed36_lN1000_lpnsseed1100_nsseed1126.npz,0.16484774620517972,results/d36_ds36_nl900_m50_w50/combined_d36_ds36_nl900_m50_w50.npz,1.6384915442418224,1.6322144660662965
d36_ds36_nl900_m50_w50,d36_nl900_m50_w50_n600_p36_ds36_lmin1of100_lseed36_lN1000_lpnsseed1100,d36_nl900_m50_w50_n600_p36_ds36,lmin1of100_lseed36_lN1000_lpnsseed1100,1127,2127,200,900,-180.95147452662303,64.62603245912096,0.2803131297322219,0.2679677270350977,1.046070483314236,results/bootstrap_runs/d36_ds36_nl900_m50_w50/boot_method3_out/boot3_d36_nl900_m50_w50_n600_p36_ds36_lmin1of100_lseed36_lN1000_lpnsseed1100_nsseed1127_bootseed2127.npz,results/bootstrap_runs/d36_ds36_nl900_m50_w50/ns_runs_out/ns_out_d36_nl900_m50_w50_n600_p36_ds36_lmin1of100_lseed36_lN1000_lpnsseed1100_nsseed1127.npz,0.16484774620517972,results/d36_ds36_nl900_m50_w50/combined_d36_ds36_nl900_m50_w50.npz,1.7004365311936191,1.625546804270945
d36_ds36_nl900_m50_w50,d36_nl900_m50_w50_n600_p36_ds36_lmin1of100_lseed36_lN1000_lpnsseed1100,d36_nl900_m50_w50_n600_p36_ds36,lmin1of100_lseed36_lN1000_lpnsseed1100,1128,2128,200,900,-180.04028435160077,63.876268502261624,0.2624381294403801,0.2664087680035693,0.9850956911330486,results/bootstrap_runs/d36_ds36_nl900_m50_w50/boot_method3_out/boot3_d36_nl900_m50_w50_n600_p36_ds36_lmin1of100_lseed36_lN1000_lpnsseed1100_nsseed1128_bootseed2128.npz,results/bootstrap_runs/d36_ds36_nl900_m50_w50/ns_runs_out/ns_out_d36_nl900_m50_w50_n600_p36_ds36_lmin1of100_lseed36_lN1000_lpnsseed1100_nsseed1128.npz,0.16484774620517972,results/d36_ds36_nl900_m50_w50/combined_d36_ds36_nl900_m50_w50.npz,1.5920031391495844,1.616089841301078
d36_ds36_nl900_m50_w50,d36_nl900_m50_w50_n600_p36_ds36_lmin1of100_lseed36_lN1000_lpnsseed1100,d36_nl900_m50_w50_n600_p36_ds36,lmin1of100_lseed36_lN1000_lpnsseed1100,1129,2129,200,900,-180.4839442068827,64.18448158587258,0.2794574994749262,0.2670507267373926,1.046458487078876,results/bootstrap_runs/d36_ds36_nl900_m50_w50/boot_method3_out/boot3_d36_nl900_m50_w50_n600_p36_ds36_lmin1of100_lseed36_lN1000_lpnsseed1100_nsseed1129_bootseed2129.npz,results/bootstrap_runs/d36_ds36_nl900_m50_w50/ns_runs_out/ns_out_d36_nl900_m50_w50_n600_p36_ds36_lmin1of100_lseed36_lN1000_lpnsseed1100_nsseed1129.npz,0.16484774620517972,results/d36_ds36_nl900_m50_w50/combined_d36_ds36_nl900_m50_w50.npz,1.6952461038023297,1.6199840937164207
d36_ds36_nl900_m50_w50,d36_nl900_m50_w50_n600_p36_ds36_lmin1of100_lseed36_lN1000_lpnsseed1100,d36_nl900_m50_w50_n600_p36_ds36,lmin1of100_lseed36_lN1000_lpnsseed1100,1130,2130,200,900,-181.13865803101223,64.89073905791265,0.27719375023388415,0.26851596074620687,1.032317592829721,results/bootstrap_runs/d36_ds36_nl900_m50_w50/boot_method3_out/boot3_d36_nl900_m50_w50_n600_p36_ds36_lmin1of100_lseed36_lN1000_lpnsseed1100_nsseed1130_bootseed2130.npz,results/bootstrap_runs/d36_ds36_nl900_m50_w50/ns_runs_out/ns_out_d36_nl900_m50_w50_n600_p36_ds36_lmin1of100_lseed36_lN1000_lpnsseed1100_nsseed1130.npz,0.16484774620517972,results/d36_ds36_nl900_m50_w50/combined_d36_ds36_nl900_m50_w50.npz,1.6815137398898474,1.628872501611246
d36_ds36_nl900_m50_w50,d36_nl900_m50_w50_n600_p36_ds36_lmin1of100_lseed36_lN1000_lpnsseed1100,d36_nl900_m50_w50_n600_p36_ds36,lmin1of100_lseed36_lN1000_lpnsseed1100,1131,2131,200,900,-180.30296653551542,64.21765893607487,0.25978414807528843,0.2671197378956046,0.9725381962482194,results/bootstrap_runs/d36_ds36_nl900_m50_w50/boot_method3_out/boot3_d36_nl900_m50_w50_n600_p36_ds36_lmin1of100_lseed36_lN1000_lpnsseed1100_nsseed1131_bootseed2131.npz,results/bootstrap_runs/d36_ds36_nl900_m50_w50/ns_runs_out/ns_out_d36_nl900_m50_w50_n600_p36_ds36_lmin1of100_lseed36_lN1000_lpnsseed1100_nsseed1131.npz,0.16484774620517972,results/d36_ds36_nl900_m50_w50/combined_d36_ds36_nl900_m50_w50.npz,1.575903547701192,1.6204027294563725
d36_ds36_nl900_m50_w50,d36_nl900_m50_w50_n600_p36_ds36_lmin1of100_lseed36_lN1000_lpnsseed1100,d36_nl900_m50_w50_n600_p36_ds36,lmin1of100_lseed36_lN1000_lpnsseed1100,1132,2132,200,900,-180.73725098972943,64.87134553347973,0.2487804266830572,0.26847583283226345,0.9266399290340914,results/bootstrap_runs/d36_ds36_nl900_m50_w50/boot_method3_out/boot3_d36_nl900_m50_w50_n600_p36_ds36_lmin1of100_lseed36_lN1000_lpnsseed1100_nsseed1132_bootseed2132.npz,results/bootstrap_runs/d36_ds36_nl900_m50_w50/ns_runs_out/ns_out_d36_nl900_m50_w50_n600_p36_ds36_lmin1of100_lseed36_lN1000_lpnsseed1100_nsseed1132.npz,0.16484774620517972,results/d36_ds36_nl900_m50_w50/combined_d36_ds36_nl900_m50_w50.npz,1.5091527328096415,1.6286290775131482
d36_ds36_nl900_m50_w50,d36_nl900_m50_w50_n600_p36_ds36_lmin1of100_lseed36_lN1000_lpnsseed1100,d36_nl900_m50_w50_n600_p36_ds36,lmin1of100_lseed36_lN1000_lpnsseed1100,1133,2133,200,900,-180.94894678341524,64.46999683301257,0.2766512586974522,0.2676440356414811,1.0336537410011133,results/bootstrap_runs/d36_ds36_nl900_m50_w50/boot_method3_out/boot3_d36_nl900_m50_w50_n600_p36_ds36_lmin1of100_lseed36_lN1000_lpnsseed1100_nsseed1133_bootseed2133.npz,results/bootstrap_runs/d36_ds36_nl900_m50_w50/ns_runs_out/ns_out_d36_nl900_m50_w50_n600_p36_ds36_lmin1of100_lseed36_lN1000_lpnsseed1100_nsseed1133.npz,0.16484774620517972,results/d36_ds36_nl900_m50_w50/combined_d36_ds36_nl900_m50_w50.npz,1.678222875750542,1.6235832263569727
d36_ds36_nl900_m50_w50,d36_nl900_m50_w50_n600_p36_ds36_lmin1of100_lseed36_lN1000_lpnsseed1100,d36_nl900_m50_w50_n600_p36_ds36,lmin1of100_lseed36_lN1000_lpnsseed1100,1134,2134,200,900,-180.86475074484866,64.26255189702698,0.2432825793104424,0.2672130899509623,0.9104440929712255,results/bootstrap_runs/d36_ds36_nl900_m50_w50/boot_method3_out/boot3_d36_nl900_m50_w50_n600_p36_ds36_lmin1of100_lseed36_lN1000_lpnsseed1100_nsseed1134_bootseed2134.npz,results/bootstrap_runs/d36_ds36_nl900_m50_w50/ns_runs_out/ns_out_d36_nl900_m50_w50_n600_p36_ds36_lmin1of100_lseed36_lN1000_lpnsseed1100_nsseed1134.npz,0.16484774620517972,results/d36_ds36_nl900_m50_w50/combined_d36_ds36_nl900_m50_w50.npz,1.4758016710015422,1.6209690220354747
d36_ds36_nl900_m50_w50,d36_nl900_m50_w50_n600_p36_ds36_lmin1of100_lseed36_lN1000_lpnsseed1100,d36_nl900_m50_w50_n600_p36_ds36,lmin1of100_lseed36_lN1000_lpnsseed1100,1135,2135,200,900,-180.6560941838931,64.71002326876506,0.2620642402055061,0.26814180176575114,0.9773345240457719,results/bootstrap_runs/d36_ds36_nl900_m50_w50/boot_method3_out/boot3_d36_nl900_m50_w50_n600_p36_ds36_lmin1of100_lseed36_lN1000_lpnsseed1100_nsseed1135_bootseed2135.npz,results/bootstrap_runs/d36_ds36_nl900_m50_w50/ns_runs_out/ns_out_d36_nl900_m50_w50_n600_p36_ds36_lmin1of100_lseed36_lN1000_lpnsseed1100_nsseed1135.npz,0.16484774620517972,results/d36_ds36_nl900_m50_w50/combined_d36_ds36_nl900_m50_w50.npz,1.5897350509076704,1.626602777037699
d36_ds36_nl900_m50_w50,d36_nl900_m50_w50_n600_p36_ds36_lmin1of100_lseed36_lN1000_lpnsseed1100,d36_nl900_m50_w50_n600_p36_ds36,lmin1of100_lseed36_lN1000_lpnsseed1100,1136,2136,200,900,-180.43237550481794,64.21713443311818,0.2617250422091438,0.2671186470322758,0.9798082055182007,results/bootstrap_runs/d36_ds36_nl900_m50_w50/boot_method3_out/boot3_d36_nl900_m50_w50_n600_p36_ds36_lmin1of100_lseed36_lN1000_lpnsseed1100_nsseed1136_bootseed2136.npz,results/bootstrap_runs/d36_ds36_nl900_m50_w50/ns_runs_out/ns_out_d36_nl900_m50_w50_n600_p36_ds36_lmin1of100_lseed36_lN1000_lpnsseed1100_nsseed1136.npz,0.16484774620517972,results/d36_ds36_nl900_m50_w50/combined_d36_ds36_nl900_m50_w50.npz,1.587677406783497,1.6203961120572639
d36_ds36_nl900_m50_w50,d36_nl900_m50_w50_n600_p36_ds36_lmin1of100_lseed36_lN1000_lpnsseed1100,d36_nl900_m50_w50_n600_p36_ds36,lmin1of100_lseed36_lN1000_lpnsseed1100,1137,2137,200,900,-180.59130390228313,64.58086086889335,0.2656479886395446,0.26787406010390064,0.9916898580493662,results/bootstrap_runs/d36_ds36_nl900_m50_w50/boot_method3_out/boot3_d36_nl900_m50_w50_n600_p36_ds36_lmin1of100_lseed36_lN1000_lpnsseed1100_nsseed1137_bootseed2137.npz,results/bootstrap_runs/d36_ds36_nl900_m50_w50/ns_runs_out/ns_out_d36_nl900_m50_w50_n600_p36_ds36_lmin1of100_lseed36_lN1000_lpnsseed1100_nsseed1137.npz,0.16484774620517972,results/d36_ds36_nl900_m50_w50/combined_d36_ds36_nl900_m50_w50.npz,1.6114747987449136,1.6249786015908763
d36_ds36_nl900_m50_w50,d36_nl900_m50_w50_n600_p36_ds36_lmin1of100_lseed36_lN1000_lpnsseed1100,d36_nl900_m50_w50_n600_p36_ds36,lmin1of100_lseed36_lN1000_lpnsseed1100,1138,2138,200,900,-180.28586304471736,64.435449144807,0.27116348799732803,0.2675723145137217,1.013421319354855,results/bootstrap_runs/d36_ds36_nl900_m50_w50/boot_method3_out/boot3_d36_nl900_m50_w50_n600_p36_ds36_lmin1of100_lseed36_lN1000_lpnsseed1100_nsseed1138_bootseed2138.npz,results/bootstrap_runs/d36_ds36_nl900_m50_w50/ns_runs_out/ns_out_d36_nl900_m50_w50_n600_p36_ds36_lmin1of100_lseed36_lN1000_lpnsseed1100_nsseed1138.npz,0.16484774620517972,results/d36_ds36_nl900_m50_w50/combined_d36_ds36_nl900_m50_w50.npz,1.644932941089902,1.6231481513898565
d36_ds36_nl900_m50_w50,d36_nl900_m50_w50_n600_p36_ds36_lmin1of100_lseed36_lN1000_lpnsseed1100,d36_nl900_m50_w50_n600_p36_ds36,lmin1of100_lseed36_lN1000_lpnsseed1100,1139,2139,200,900,-180.62873199646378,64.48029392113027,0.2594094152701746,0.2676654087167,0.9691555457759442,results/bootstrap_runs/d36_ds36_nl900_m50_w50/boot_method3_out/boot3_d36_nl900_m50_w50_n600_p36_ds36_lmin1of100_lseed36_lN1000_lpnsseed1100_nsseed1139_bootseed2139.npz,results/bootstrap_runs/d36_ds36_nl900_m50_w50/ns_runs_out/ns_out_d36_nl900_m50_w50_n600_p36_ds36_lmin1of100_lseed36_lN1000_lpnsseed1100_nsseed1139.npz,0.16484774620517972,results/d36_ds36_nl900_m50_w50/combined_d36_ds36_nl900_m50_w50.npz,1.5736303421904085,1.6237128797839133
d36_ds36_nl900_m50_w50,d36_nl900_m50_w50_n600_p36_ds36_lmin1of100_lseed36_lN1000_lpnsseed1100,d36_nl900_m50_w50_n600_p36_ds36,lmin1of100_lseed36_lN1000_lpnsseed1100,1140,2140,200,900,-180.66952284548486,64.90924865289608,0.2970773926392714,0.26855425409422723,1.1062099672978418,results/bootstrap_runs/d36_ds36_nl900_m50_w50/boot_method3_out/boot3_d36_nl900_m50_w50_n600_p36_ds36_lmin1of100_lseed36_lN1000_lpnsseed1100_nsseed1140_bootseed2140.npz,results/bootstrap_runs/d36_ds36_nl900_m50_w50/ns_runs_out/ns_out_d36_nl900_m50_w50_n600_p36_ds36_lmin1of100_lseed36_lN1000_lpnsseed1100_nsseed1140.npz,0.16484774620517972,results/d36_ds36_nl900_m50_w50/combined_d36_ds36_nl900_m50_w50.npz,1.8021319640579767,1.629104796858842
d36_ds36_nl900_m50_w50,d36_nl900_m50_w50_n600_p36_ds36_lmin1of100_lseed36_lN1000_lpnsseed1100,d36_nl900_m50_w50_n600_p36_ds36,lmin1of100_lseed36_lN1000_lpnsseed1100,1141,2141,200,900,-180.60402718106798,64.56071193291096,0.24877949327169308,0.26783226909747276,0.9288630309933051,results/bootstrap_runs/d36_ds36_nl900_m50_w50/boot_method3_out/boot3_d36_nl900_m50_w50_n600_p36_ds36_lmin1of100_lseed36_lN1000_lpnsseed1100_nsseed1141_bootseed2141.npz,results/bootstrap_runs/d36_ds36_nl900_m50_w50/ns_runs_out/ns_out_d36_nl900_m50_w50_n600_p36_ds36_lmin1of100_lseed36_lN1000_lpnsseed1100_nsseed1141.npz,0.16484774620517972,results/d36_ds36_nl900_m50_w50/combined_d36_ds36_nl900_m50_w50.npz,1.509147070546216,1.6247250888350764
d36_ds36_nl900_m50_w50,d36_nl900_m50_w50_n600_p36_ds36_lmin1of100_lseed36_lN1000_lpnsseed1100,d36_nl900_m50_w50_n600_p36_ds36,lmin1of100_lseed36_lN1000_lpnsseed1100,1142,2142,200,900,-180.6856864723354,64.69192397556715,0.25107290076507555,0.2681042997201051,0.936474726541835,results/bootstrap_runs/d36_ds36_nl900_m50_w50/boot_method3_out/boot3_d36_nl900_m50_w50_n600_p36_ds36_lmin1of100_lseed36_lN1000_lpnsseed1100_nsseed1142_bootseed2142.npz,results/bootstrap_runs/d36_ds36_nl900_m50_w50/ns_runs_out/ns_out_d36_nl900_m50_w50_n600_p36_ds36_lmin1of100_lseed36_lN1000_lpnsseed1100_nsseed1142.npz,0.16484774620517972,results/d36_ds36_nl900_m50_w50/combined_d36_ds36_nl900_m50_w50.npz,1.523059347457348,1.6263752819914556
d36_ds36_nl900_m50_w50,d36_nl900_m50_w50_n600_p36_ds36_lmin1of100_lseed36_lN1000_lpnsseed1100,d36_nl900_m50_w50_n600_p36_ds36,lmin1of100_lseed36_lN1000_lpnsseed1100,1143,2143,200,900,-181.15327078155872,64.3257220073843,0.25402986587163207,0.26734439297028323,0.9501970961473235,results/bootstrap_runs/d36_ds36_nl900_m50_w50/boot_method3_out/boot3_d36_nl900_m50_w50_n600_p36_ds36_lmin1of100_lseed36_lN1000_lpnsseed1100_nsseed1143_bootseed2143.npz,results/bootstrap_runs/d36_ds36_nl900_m50_w50/ns_runs_out/ns_out_d36_nl900_m50_w50_n600_p36_ds36_lmin1of100_lseed36_lN1000_lpnsseed1100_nsseed1143.npz,0.16484774620517972,results/d36_ds36_nl900_m50_w50/combined_d36_ds36_nl900_m50_w50.npz,1.5409968999846122,1.621765532890755
d36_ds36_nl900_m50_w50,d36_nl900_m50_w50_n600_p36_ds36_lmin1of100_lseed36_lN1000_lpnsseed1100,d36_nl900_m50_w50_n600_p36_ds36,lmin1of100_lseed36_lN1000_lpnsseed1100,1144,2144,200,900,-180.59253544754392,64.63825694785066,0.28734067809619873,0.267993069868629,1.0721944348674912,results/bootstrap_runs/d36_ds36_nl900_m50_w50/boot_method3_out/boot3_d36_nl900_m50_w50_n600_p36_ds36_lmin1of100_lseed36_lN1000_lpnsseed1100_nsseed1144_bootseed2144.npz,results/bootstrap_runs/d36_ds36_nl900_m50_w50/ns_runs_out/ns_out_d36_nl900_m50_w50_n600_p36_ds36_lmin1of100_lseed36_lN1000_lpnsseed1100_nsseed1144.npz,0.16484774620517972,results/d36_ds36_nl900_m50_w50/combined_d36_ds36_nl900_m50_w50.npz,1.7430670707414873,1.6257005390602561
d36_ds36_nl900_m50_w50,d36_nl900_m50_w50_n600_p36_ds36_lmin1of100_lseed36_lN1000_lpnsseed1100,d36_nl900_m50_w50_n600_p36_ds36,lmin1of100_lseed36_lN1000_lpnsseed1100,1145,2145,200,900,-180.55150734670912,64.10794035778491,0.28509762871174427,0.26689144767486134,1.0682156779300866,results/bootstrap_runs/d36_ds36_nl900_m50_w50/boot_method3_out/boot3_d36_nl900_m50_w50_n600_p36_ds36_lmin1of100_lseed36_lN1000_lpnsseed1100_nsseed1145_bootseed2145.npz,results/bootstrap_runs/d36_ds36_nl900_m50_w50/ns_runs_out/ns_out_d36_nl900_m50_w50_n600_p36_ds36_lmin1of100_lseed36_lN1000_lpnsseed1100_nsseed1145.npz,0.16484774620517972,results/d36_ds36_nl900_m50_w50/combined_d36_ds36_nl900_m50_w50.npz,1.7294602763746256,1.6190178744856585
d36_ds36_nl900_m50_w50,d36_nl900_m50_w50_n600_p36_ds36_lmin1of100_lseed36_lN1000_lpnsseed1100,d36_nl900_m50_w50_n600_p36_ds36,lmin1of100_lseed36_lN1000_lpnsseed1100,1146,2146,200,900,-180.52948399905188,64.33315578835985,0.26762683414645455,0.2673598403075689,1.00099863105311,results/bootstrap_runs/d36_ds36_nl900_m50_w50/boot_method3_out/boot3_d36_nl900_m50_w50_n600_p36_ds36_lmin1of100_lseed36_lN1000_lpnsseed1100_nsseed1146_bootseed2146.npz,results/bootstrap_runs/d36_ds36_nl900_m50_w50/ns_runs_out/ns_out_d36_nl900_m50_w50_n600_p36_ds36_lmin1of100_lseed36_lN1000_lpnsseed1100_nsseed1146.npz,0.16484774620517972,results/d36_ds36_nl900_m50_w50/combined_d36_ds36_nl900_m50_w50.npz,1.6234788785850285,1.6218592395846059
d36_ds36_nl900_m50_w50,d36_nl900_m50_w50_n600_p36_ds36_lmin1of100_lseed36_lN1000_lpnsseed1100,d36_nl900_m50_w50_n600_p36_ds36,lmin1of100_lseed36_lN1000_lpnsseed1100,1147,2147,200,900,-180.56399713573546,64.27370316435142,0.2715125608548789,0.2672362732455462,1.0160018980859065,results/bootstrap_runs/d36_ds36_nl900_m50_w50/boot_method3_out/boot3_d36_nl900_m50_w50_n600_p36_ds36_lmin1of100_lseed36_lN1000_lpnsseed1100_nsseed1147_bootseed2147.npz,results/bootstrap_runs/d36_ds36_nl900_m50_w50/ns_runs_out/ns_out_d36_nl900_m50_w50_n600_p36_ds36_lmin1of100_lseed36_lN1000_lpnsseed1100_nsseed1147.npz,0.16484774620517972,results/d36_ds36_nl900_m50_w50/combined_d36_ds36_nl900_m50_w50.npz,1.6470504881330772,1.6211096566217373
d36_ds36_nl900_m50_w50,d36_nl900_m50_w50_n600_p36_ds36_lmin1of100_lseed36_lN1000_lpnsseed1100,d36_nl900_m50_w50_n600_p36_ds36,lmin1of100_lseed36_lN1000_lpnsseed1100,1148,2148,200,900,-180.2899267204545,64.11778055639843,0.26412806440219483,0.26691193003685365,0.9895700966447081,results/bootstrap_runs/d36_ds36_nl900_m50_w50/boot_method3_out/boot3_d36_nl900_m50_w50_n600_p36_ds36_lmin1of100_lseed36_lN1000_lpnsseed1100_nsseed1148_bootseed2148.npz,results/bootstrap_runs/d36_ds36_nl900_m50_w50/ns_runs_out/ns_out_d36_nl900_m50_w50_n600_p36_ds36_lmin1of100_lseed36_lN1000_lpnsseed1100_nsseed1148.npz,0.16484774620517972,results/d36_ds36_nl900_m50_w50/combined_d36_ds36_nl900_m50_w50.npz,1.6022546287860355,1.619142124664771
d36_ds36_nl900_m50_w50,d36_nl900_m50_w50_n600_p36_ds36_lmin1of100_lseed36_lN1000_lpnsseed1100,d36_nl900_m50_w50_n600_p36_ds36,lmin1of100_lseed36_lN1000_lpnsseed1100,1149,2149,200,900,-180.8807962607356,64.6243104868488,0.2729379284815953,0.2679641569871463,1.0185613313003186,results/bootstrap_runs/d36_ds36_nl900_m50_w50/boot_method3_out/boot3_d36_nl900_m50_w50_n600_p36_ds36_lmin1of100_lseed36_lN1000_lpnsseed1100_nsseed1149_bootseed2149.npz,results/bootstrap_runs/d36_ds36_nl900_m50_w50/ns_runs_out/ns_out_d36_nl900_m50_w50_n600_p36_ds36_lmin1of100_lseed36_lN1000_lpnsseed1100_nsseed1149.npz,0.16484774620517972,results/d36_ds36_nl900_m50_w50/combined_d36_ds36_nl900_m50_w50.npz,1.6556970584352415,1.6255251476330257
d36_ds36_nl900_m50_w50,d36_nl900_m50_w50_n600_p36_ds36_lmin1of100_lseed36_lN1000_lpnsseed1100,d36_nl900_m50_w50_n600_p36_ds36,lmin1of100_lseed36_lN1000_lpnsseed1100,1150,2150,200,900,-180.90694901298826,64.81928054719968,0.2625562388034182,0.2683680734182475,0.9783437927589411,results/bootstrap_runs/d36_ds36_nl900_m50_w50/boot_method3_out/boot3_d36_nl900_m50_w50_n600_p36_ds36_lmin1of100_lseed36_lN1000_lpnsseed1100_nsseed1150_bootseed2150.npz,results/bootstrap_runs/d36_ds36_nl900_m50_w50/ns_runs_out/ns_out_d36_nl900_m50_w50_n600_p36_ds36_lmin1of100_lseed36_lN1000_lpnsseed1100_nsseed1150.npz,0.16484774620517972,results/d36_ds36_nl900_m50_w50/combined_d36_ds36_nl900_m50_w50.npz,1.592719614598943,1.6279753869623423
d36_ds36_nl900_m50_w50,d36_nl900_m50_w50_n600_p36_ds36_lmin1of100_lseed36_lN1000_lpnsseed1100,d36_nl900_m50_w50_n600_p36_ds36,lmin1of100_lseed36_lN1000_lpnsseed1100,1151,2151,200,900,-180.92635943939862,65.07716738755286,0.270751279805888,0.2689014015656066,1.006879392333067,results/bootstrap_runs/d36_ds36_nl900_m50_w50/boot_method3_out/boot3_d36_nl900_m50_w50_n600_p36_ds36_lmin1of100_lseed36_lN1000_lpnsseed1100_nsseed1151_bootseed2151.npz,results/bootstrap_runs/d36_ds36_nl900_m50_w50/ns_runs_out/ns_out_d36_nl900_m50_w50_n600_p36_ds36_lmin1of100_lseed36_lN1000_lpnsseed1100_nsseed1151.npz,0.16484774620517972,results/d36_ds36_nl900_m50_w50/combined_d36_ds36_nl900_m50_w50.npz,1.6424324022537387,1.6312106641173927
d36_ds36_nl900_m50_w50,d36_nl900_m50_w50_n600_p36_ds36_lmin1of100_lseed36_lN1000_lpnsseed1100,d36_nl900_m50_w50_n600_p36_ds36,lmin1of100_lseed36_lN1000_lpnsseed1100,1152,2152,200,900,-181.23352702499355,64.47475308037708,0.2832467022878089,0.2676539081234427,1.0582573005329508,results/bootstrap_runs/d36_ds36_nl900_m50_w50/boot_method3_out/boot3_d36_nl900_m50_w50_n600_p36_ds36_lmin1of100_lseed36_lN1000_lpnsseed1100_nsseed1152_bootseed2152.npz,results/bootstrap_runs/d36_ds36_nl900_m50_w50/ns_runs_out/ns_out_d36_nl900_m50_w50_n600_p36_ds36_lmin1of100_lseed36_lN1000_lpnsseed1100_nsseed1152.npz,0.16484774620517972,results/d36_ds36_nl900_m50_w50/combined_d36_ds36_nl900_m50_w50.npz,1.71823217974277,1.6236431148430992
d36_ds36_nl900_m50_w50,d36_nl900_m50_w50_n600_p36_ds36_lmin1of100_lseed36_lN1000_lpnsseed1100,d36_nl900_m50_w50_n600_p36_ds36,lmin1of100_lseed36_lN1000_lpnsseed1100,1153,2153,200,900,-180.74464020544679,64.5689573066642,0.3100987113584596,0.2678493716555885,1.157735444521397,results/bootstrap_runs/d36_ds36_nl900_m50_w50/boot_method3_out/boot3_d36_nl900_m50_w50_n600_p36_ds36_lmin1of100_lseed36_lN1000_lpnsseed1100_nsseed1153_bootseed2153.npz,results/bootstrap_runs/d36_ds36_nl900_m50_w50/ns_runs_out/ns_out_d36_nl900_m50_w50_n600_p36_ds36_lmin1of100_lseed36_lN1000_lpnsseed1100_nsseed1153.npz,0.16484774620517972,results/d36_ds36_nl900_m50_w50/combined_d36_ds36_nl900_m50_w50.npz,1.8811219352219202,1.624828836435571
d36_ds36_nl900_m50_w50,d36_nl900_m50_w50_n600_p36_ds36_lmin1of100_lseed36_lN1000_lpnsseed1100,d36_nl900_m50_w50_n600_p36_ds36,lmin1of100_lseed36_lN1000_lpnsseed1100,1154,2154,200,900,-180.74869930575062,64.89340001286858,0.26779346352528055,0.26852146616625683,0.997288847512379,results/bootstrap_runs/d36_ds36_nl900_m50_w50/boot_method3_out/boot3_d36_nl900_m50_w50_n600_p36_ds36_lmin1of100_lseed36_lN1000_lpnsseed1100_nsseed1154_bootseed2154.npz,results/bootstrap_runs/d36_ds36_nl900_m50_w50/ns_runs_out/ns_out_d36_nl900_m50_w50_n600_p36_ds36_lmin1of100_lseed36_lN1000_lpnsseed1100_nsseed1154.npz,0.16484774620517972,results/d36_ds36_nl900_m50_w50/combined_d36_ds36_nl900_m50_w50.npz,1.6244896863313387,1.628905898610457
d36_ds36_nl900_m50_w50,d36_nl900_m50_w50_n600_p36_ds36_lmin1of100_lseed36_lN1000_lpnsseed1100,d36_nl900_m50_w50_n600_p36_ds36,lmin1of100_lseed36_lN1000_lpnsseed1100,1155,2155,200,900,-180.71434181100835,64.50033260783073,0.26064140587556756,0.2677069969778957,0.9736069987632354,results/bootstrap_runs/d36_ds36_nl900_m50_w50/boot_method3_out/boot3_d36_nl900_m50_w50_n600_p36_ds36_lmin1of100_lseed36_lN1000_lpnsseed1100_nsseed1155_bootseed2155.npz,results/bootstrap_runs/d36_ds36_nl900_m50_w50/ns_runs_out/ns_out_d36_nl900_m50_w50_n600_p36_ds36_lmin1of100_lseed36_lN1000_lpnsseed1100_nsseed1155.npz,0.16484774620517972,results/d36_ds36_nl900_m50_w50/combined_d36_ds36_nl900_m50_w50.npz,1.5811038480996706,1.6239651626458451
d36_ds36_nl900_m50_w50,d36_nl900_m50_w50_n600_p36_ds36_lmin1of100_lseed36_lN1000_lpnsseed1100,d36_nl900_m50_w50_n600_p36_ds36,lmin1of100_lseed36_lN1000_lpnsseed1100,1156,2156,200,900,-180.77709497121,64.90267870178914,0.2544290167123521,0.2685406625567763,0.9474506180551311,results/bootstrap_runs/d36_ds36_nl900_m50_w50/boot_method3_out/boot3_d36_nl900_m50_w50_n600_p36_ds36_lmin1of100_lseed36_lN1000_lpnsseed1100_nsseed1156_bootseed2156.npz,results/bootstrap_runs/d36_ds36_nl900_m50_w50/ns_runs_out/ns_out_d36_nl900_m50_w50_n600_p36_ds36_lmin1of100_lseed36_lN1000_lpnsseed1100_nsseed1156.npz,0.16484774620517972,results/d36_ds36_nl900_m50_w50/combined_d36_ds36_nl900_m50_w50.npz,1.5434182302721564,1.629022347824725
d36_ds36_nl900_m50_w50,d36_nl900_m50_w50_n600_p36_ds36_lmin1of100_lseed36_lN1000_lpnsseed1100,d36_nl900_m50_w50_n600_p36_ds36,lmin1of100_lseed36_lN1000_lpnsseed1100,1157,2157,200,900,-180.60163890621163,64.25010266040896,0.29252379693305036,0.2671872058239502,1.0948271120653674,results/bootstrap_runs/d36_ds36_nl900_m50_w50/boot_method3_out/boot3_d36_nl900_m50_w50_n600_p36_ds36_lmin1of100_lseed36_lN1000_lpnsseed1100_nsseed1157_bootseed2157.npz,results/bootstrap_runs/d36_ds36_nl900_m50_w50/ns_runs_out/ns_out_d36_nl900_m50_w50_n600_p36_ds36_lmin1of100_lseed36_lN1000_lpnsseed1100_nsseed1157.npz,0.16484774620517972,results/d36_ds36_nl900_m50_w50/combined_d36_ds36_nl900_m50_w50.npz,1.774508925156654,1.6208120036496736
d36_ds36_nl900_m50_w50,d36_nl900_m50_w50_n600_p36_ds36_lmin1of100_lseed36_lN1000_lpnsseed1100,d36_nl900_m50_w50_n600_p36_ds36,lmin1of100_lseed36_lN1000_lpnsseed1100,1158,2158,200,900,-181.02822086205444,64.54081089641375,0.274085161635036,0.2677909858586102,1.0235040614091058,results/bootstrap_runs/d36_ds36_nl900_m50_w50/boot_method3_out/boot3_d36_nl900_m50_w50_n600_p36_ds36_lmin1of100_lseed36_lN1000_lpnsseed1100_nsseed1158_bootseed2158.npz,results/bootstrap_runs/d36_ds36_nl900_m50_w50/ns_runs_out/ns_out_d36_nl900_m50_w50_n600_p36_ds36_lmin1of100_lseed36_lN1000_lpnsseed1100_nsseed1158.npz,0.16484774620517972,results/d36_ds36_nl900_m50_w50/combined_d36_ds36_nl900_m50_w50.npz,1.6626564083799642,1.6244746563007355
d36_ds36_nl900_m50_w50,d36_nl900_m50_w50_n600_p36_ds36_lmin1of100_lseed36_lN1000_lpnsseed1100,d36_nl900_m50_w50_n600_p36_ds36,lmin1of100_lseed36_lN1000_lpnsseed1100,1159,2159,200,900,-181.18094849111014,64.61757395111728,0.27555573877588235,0.26795019012893107,1.0283841882825002,results/bootstrap_runs/d36_ds36_nl900_m50_w50/boot_method3_out/boot3_d36_nl900_m50_w50_n600_p36_ds36_lmin1of100_lseed36_lN1000_lpnsseed1100_nsseed1159_bootseed2159.npz,results/bootstrap_runs/d36_ds36_nl900_m50_w50/ns_runs_out/ns_out_d36_nl900_m50_w50_n600_p36_ds36_lmin1of100_lseed36_lN1000_lpnsseed1100_nsseed1159.npz,0.16484774620517972,results/d36_ds36_nl900_m50_w50/combined_d36_ds36_nl900_m50_w50.npz,1.6715772288018338,1.625440421826718
d36_ds36_nl900_m50_w50,d36_nl900_m50_w50_n600_p36_ds36_lmin1of100_lseed36_lN1000_lpnsseed1100,d36_nl900_m50_w50_n600_p36_ds36,lmin1of100_lseed36_lN1000_lpnsseed1100,1160,2160,200,900,-181.0833087830959,65.03904099339996,0.2636218261632428,0.2688226201490078,0.9806534361472922,results/bootstrap_runs/d36_ds36_nl900_m50_w50/boot_method3_out/boot3_d36_nl900_m50_w50_n600_p36_ds36_lmin1of100_lseed36_lN1000_lpnsseed1100_nsseed1160_bootseed2160.npz,results/bootstrap_runs/d36_ds36_nl900_m50_w50/ns_runs_out/ns_out_d36_nl900_m50_w50_n600_p36_ds36_lmin1of100_lseed36_lN1000_lpnsseed1100_nsseed1160.npz,0.16484774620517972,results/d36_ds36_nl900_m50_w50/combined_d36_ds36_nl900_m50_w50.npz,1.599183684532288,1.630732760000337
d36_ds36_nl900_m50_w50,d36_nl900_m50_w50_n600_p36_ds36_lmin1of100_lseed36_lN1000_lpnsseed1100,d36_nl900_m50_w50_n600_p36_ds36,lmin1of100_lseed36_lN1000_lpnsseed1100,1161,2161,200,900,-181.0167463883779,65.01962554536607,0.2757093070427497,0.26878249270318944,1.02577107708875,results/bootstrap_runs/d36_ds36_nl900_m50_w50/boot_method3_out/boot3_d36_nl900_m50_w50_n600_p36_ds36_lmin1of100_lseed36_lN1000_lpnsseed1100_nsseed1161_bootseed2161.npz,results/bootstrap_runs/d36_ds36_nl900_m50_w50/ns_runs_out/ns_out_d36_nl900_m50_w50_n600_p36_ds36_lmin1of100_lseed36_lN1000_lpnsseed1100_nsseed1161.npz,0.16484774620517972,results/d36_ds36_nl900_m50_w50/combined_d36_ds36_nl900_m50_w50.npz,1.6725088051830859,1.6304893387419812
d36_ds36_nl900_m50_w50,d36_nl900_m50_w50_n600_p36_ds36_lmin1of100_lseed36_lN1000_lpnsseed1100,d36_nl900_m50_w50_n600_p36_ds36,lmin1of100_lseed36_lN1000_lpnsseed1100,1162,2162,200,900,-180.83864718085505,64.00441091141043,0.24678659576434717,0.2666758559071094,0.9254178445397389,results/bootstrap_runs/d36_ds36_nl900_m50_w50/boot_method3_out/boot3_d36_nl900_m50_w50_n600_p36_ds36_lmin1of100_lseed36_lN1000_lpnsseed1100_nsseed1162_bootseed2162.npz,results/bootstrap_runs/d36_ds36_nl900_m50_w50/ns_runs_out/ns_out_d36_nl900_m50_w50_n600_p36_ds36_lmin1of100_lseed36_lN1000_lpnsseed1100_nsseed1162.npz,0.16484774620517972,results/d36_ds36_nl900_m50_w50/combined_d36_ds36_nl900_m50_w50.npz,1.4970577484097434,1.617710050916851
d36_ds36_nl900_m50_w50,d36_nl900_m50_w50_n600_p36_ds36_lmin1of100_lseed36_lN1000_lpnsseed1100,d36_nl900_m50_w50_n600_p36_ds36,lmin1of100_lseed36_lN1000_lpnsseed1100,1163,2163,200,900,-180.8919245554965,64.25473875469402,0.26261521652644393,0.2671968453628939,0.9828529830499031,results/bootstrap_runs/d36_ds36_nl900_m50_w50/boot_method3_out/boot3_d36_nl900_m50_w50_n600_p36_ds36_lmin1of100_lseed36_lN1000_lpnsseed1100_nsseed1163_bootseed2163.npz,results/bootstrap_runs/d36_ds36_nl900_m50_w50/ns_runs_out/ns_out_d36_nl900_m50_w50_n600_p36_ds36_lmin1of100_lseed36_lN1000_lpnsseed1100_nsseed1163.npz,0.16484774620517972,results/d36_ds36_nl900_m50_w50/combined_d36_ds36_nl900_m50_w50.npz,1.593077385477729,1.6208704790560142
d36_ds36_nl900_m50_w50,d36_nl900_m50_w50_n600_p36_ds36_lmin1of100_lseed36_lN1000_lpnsseed1100,d36_nl900_m50_w50_n600_p36_ds36,lmin1of100_lseed36_lN1000_lpnsseed1100,1164,2164,200,900,-180.8781885848166,64.88813210160137,0.26289123037144074,0.2685105669379417,0.9790721958149242,results/bootstrap_runs/d36_ds36_nl900_m50_w50/boot_method3_out/boot3_d36_nl900_m50_w50_n600_p36_ds36_lmin1of100_lseed36_lN1000_lpnsseed1100_nsseed1164_bootseed2164.npz,results/bootstrap_runs/d36_ds36_nl900_m50_w50/ns_runs_out/ns_out_d36_nl900_m50_w50_n600_p36_ds36_lmin1of100_lseed36_lN1000_lpnsseed1100_nsseed1164.npz,0.16484774620517972,results/d36_ds36_nl900_m50_w50/combined_d36_ds36_nl900_m50_w50.npz,1.594751741672161,1.6288397816718512
d36_ds36_nl900_m50_w50,d36_nl900_m50_w50_n600_p36_ds36_lmin1of100_lseed36_lN1000_lpnsseed1100,d36_nl900_m50_w50_n600_p36_ds36,lmin1of100_lseed36_lN1000_lpnsseed1100,1165,2165,200,900,-180.21239015655541,64.56168136612884,0.26309204360903077,0.2678342799529607,0.9822941397017483,results/bootstrap_runs/d36_ds36_nl900_m50_w50/boot_method3_out/boot3_d36_nl900_m50_w50_n600_p36_ds36_lmin1of100_lseed36_lN1000_lpnsseed1100_nsseed1165_bootseed2165.npz,results/bootstrap_runs/d36_ds36_nl900_m50_w50/ns_runs_out/ns_out_d36_nl900_m50_w50_n600_p36_ds36_lmin1of100_lseed36_lN1000_lpnsseed1100_nsseed1165.npz,0.16484774620517972,results/d36_ds36_nl900_m50_w50/combined_d36_ds36_nl900_m50_w50.npz,1.595969915667334,1.6247372870939805
d36_ds36_nl900_m50_w50,d36_nl900_m50_w50_n600_p36_ds36_lmin1of100_lseed36_lN1000_lpnsseed1100,d36_nl900_m50_w50_n600_p36_ds36,lmin1of100_lseed36_lN1000_lpnsseed1100,1166,2166,200,900,-180.4500399382142,64.10748964568852,0.2676365928810501,0.2668905094805078,1.0027954662082008,results/bootstrap_runs/d36_ds36_nl900_m50_w50/boot_method3_out/boot3_d36_nl900_m50_w50_n600_p36_ds36_lmin1of100_lseed36_lN1000_lpnsseed1100_nsseed1166_bootseed2166.npz,results/bootstrap_runs/d36_ds36_nl900_m50_w50/ns_runs_out/ns_out_d36_nl900_m50_w50_n600_p36_ds36_lmin1of100_lseed36_lN1000_lpnsseed1100_nsseed1166.npz,0.16484774620517972,results/d36_ds36_nl900_m50_w50/combined_d36_ds36_nl900_m50_w50.npz,1.6235380770564676,1.619012183207645
d36_ds36_nl900_m50_w50,d36_nl900_m50_w50_n600_p36_ds36_lmin1of100_lseed36_lN1000_lpnsseed1100,d36_nl900_m50_w50_n600_p36_ds36,lmin1of100_lseed36_lN1000_lpnsseed1100,1167,2167,200,900,-180.8467297850399,64.45093139115428,0.2879549497240439,0.26760445809098815,1.076046908105456,results/bootstrap_runs/d36_ds36_nl900_m50_w50/boot_method3_out/boot3_d36_nl900_m50_w50_n600_p36_ds36_lmin1of100_lseed36_lN1000_lpnsseed1100_nsseed1167_bootseed2167.npz,results/bootstrap_runs/d36_ds36_nl900_m50_w50/ns_runs_out/ns_out_d36_nl900_m50_w50_n600_p36_ds36_lmin1of100_lseed36_lN1000_lpnsseed1100_nsseed1167.npz,0.16484774620517972,results/d36_ds36_nl900_m50_w50/combined_d36_ds36_nl900_m50_w50.npz,1.7467933675334408,1.623343140875648
d36_ds36_nl900_m50_w50,d36_nl900_m50_w50_n600_p36_ds36_lmin1of100_lseed36_lN1000_lpnsseed1100,d36_nl900_m50_w50_n600_p36_ds36,lmin1of100_lseed36_lN1000_lpnsseed1100,1168,2168,200,900,-180.46636029443192,64.25537068189558,0.27551418708842285,0.2671981592624046,1.0311230730367846,results/bootstrap_runs/d36_ds36_nl900_m50_w50/boot_method3_out/boot3_d36_nl900_m50_w50_n600_p36_ds36_lmin1of100_lseed36_lN1000_lpnsseed1100_nsseed1168_bootseed2168.npz,results/bootstrap_runs/d36_ds36_nl900_m50_w50/ns_runs_out/ns_out_d36_nl900_m50_w50_n600_p36_ds36_lmin1of100_lseed36_lN1000_lpnsseed1100_nsseed1168.npz,0.16484774620517972,results/d36_ds36_nl900_m50_w50/combined_d36_ds36_nl900_m50_w50.npz,1.6713251678036338,1.6208784494380237
d36_ds36_nl900_m50_w50,d36_nl900_m50_w50_n600_p36_ds36_lmin1of100_lseed36_lN1000_lpnsseed1100,d36_nl900_m50_w50_n600_p36_ds36,lmin1of100_lseed36_lN1000_lpnsseed1100,1169,2169,200,900,-180.32291741370884,64.39922787083049,0.25562811348858105,0.26749709836604973,0.9556294817776795,results/bootstrap_runs/d36_ds36_nl900_m50_w50/boot_method3_out/boot3_d36_nl900_m50_w50_n600_p36_ds36_lmin1of100_lseed36_lN1000_lpnsseed1100_nsseed1169_bootseed2169.npz,results/bootstrap_runs/d36_ds36_nl900_m50_w50/ns_runs_out/ns_out_d36_nl900_m50_w50_n600_p36_ds36_lmin1of100_lseed36_lN1000_lpnsseed1100_nsseed1169.npz,0.16484774620517972,results/d36_ds36_nl900_m50_w50/combined_d36_ds36_nl900_m50_w50.npz,1.5506921955148265,1.622691874920184
d36_ds36_nl900_m50_w50,d36_nl900_m50_w50_n600_p36_ds36_lmin1of100_lseed36_lN1000_lpnsseed1100,d36_nl900_m50_w50_n600_p36_ds36,lmin1of100_lseed36_lN1000_lpnsseed1100,1170,2170,200,900,-180.680583822689,64.93736134693533,0.25105139553023414,0.2686124042534466,0.9346232398610939,results/bootstrap_runs/d36_ds36_nl900_m50_w50/boot_method3_out/boot3_d36_nl900_m50_w50_n600_p36_ds36_lmin1of100_lseed36_lN1000_lpnsseed1100_nsseed1170_bootseed2170.npz,results/bootstrap_runs/d36_ds36_nl900_m50_w50/ns_runs_out/ns_out_d36_nl900_m50_w50_n600_p36_ds36_lmin1of100_lseed36_lN1000_lpnsseed1100_nsseed1170.npz,0.16484774620517972,results/d36_ds36_nl900_m50_w50/combined_d36_ds36_nl900_m50_w50.npz,1.522928892323223,1.6294575475670439
d36_ds36_nl900_m50_w50,d36_nl900_m50_w50_n600_p36_ds36_lmin1of100_lseed36_lN1000_lpnsseed1100,d36_nl900_m50_w50_n600_p36_ds36,lmin1of100_lseed36_lN1000_lpnsseed1100,1171,2171,200,900,-180.21436264111713,64.05613944599706,0.2727587160441114,0.26678359820897923,1.022396871004235,results/bootstrap_runs/d36_ds36_nl900_m50_w50/boot_method3_out/boot3_d36_nl900_m50_w50_n600_p36_ds36_lmin1of100_lseed36_lN1000_lpnsseed1100_nsseed1171_bootseed2171.npz,results/bootstrap_runs/d36_ds36_nl900_m50_w50/ns_runs_out/ns_out_d36_nl900_m50_w50_n600_p36_ds36_lmin1of100_lseed36_lN1000_lpnsseed1100_nsseed1171.npz,0.16484774620517972,results/d36_ds36_nl900_m50_w50/combined_d36_ds36_nl900_m50_w50.npz,1.6546099192925512,1.6183636376618933
d36_ds36_nl900_m50_w50,d36_nl900_m50_w50_n600_p36_ds36_lmin1of100_lseed36_lN1000_lpnsseed1100,d36_nl900_m50_w50_n600_p36_ds36,lmin1of100_lseed36_lN1000_lpnsseed1100,1172,2172,200,900,-180.6246855785321,64.51329860442506,0.29519544358254757,0.26773390314602596,1.1025702763595975,results/bootstrap_runs/d36_ds36_nl900_m50_w50/boot_method3_out/boot3_d36_nl900_m50_w50_n600_p36_ds36_lmin1of100_lseed36_lN1000_lpnsseed1100_nsseed1172_bootseed2172.npz,results/bootstrap_runs/d36_ds36_nl900_m50_w50/ns_runs_out/ns_out_d36_nl900_m50_w50_n600_p36_ds36_lmin1of100_lseed36_lN1000_lpnsseed1100_nsseed1172.npz,0.16484774620517972,results/d36_ds36_nl900_m50_w50/combined_d36_ds36_nl900_m50_w50.npz,1.790715677817815,1.6241283809412095
d36_ds36_nl900_m50_w50,d36_nl900_m50_w50_n600_p36_ds36_lmin1of100_lseed36_lN1000_lpnsseed1100,d36_nl900_m50_w50_n600_p36_ds36,lmin1of100_lseed36_lN1000_lpnsseed1100,1173,2173,200,900,-180.7190577542149,64.45671969206211,0.26476950824408,0.26761647452207526,0.9893617674955194,results/bootstrap_runs/d36_ds36_nl900_m50_w50/boot_method3_out/boot3_d36_nl900_m50_w50_n600_p36_ds36_lmin1of100_lseed36_lN1000_lpnsseed1100_nsseed1173_bootseed2173.npz,results/bootstrap_runs/d36_ds36_nl900_m50_w50/ns_runs_out/ns_out_d36_nl900_m50_w50_n600_p36_ds36_lmin1of100_lseed36_lN1000_lpnsseed1100_nsseed1173.npz,0.16484774620517972,results/d36_ds36_nl900_m50_w50/combined_d36_ds36_nl900_m50_w50.npz,1.6061457577620228,1.6234160349937887
d36_ds36_nl900_m50_w50,d36_nl900_m50_w50_n600_p36_ds36_lmin1of100_lseed36_lN1000_lpnsseed1100,d36_nl900_m50_w50_n600_p36_ds36,lmin1of100_lseed36_lN1000_lpnsseed1100,1174,2174,200,900,-180.74587598750222,64.3669872107758,0.2860465687523505,0.26743013046147174,1.0696123441990424,results/bootstrap_runs/d36_ds36_nl900_m50_w50/boot_method3_out/boot3_d36_nl900_m50_w50_n600_p36_ds36_lmin1of100_lseed36_lN1000_lpnsseed1100_nsseed1174_bootseed2174.npz,results/bootstrap_runs/d36_ds36_nl900_m50_w50/ns_runs_out/ns_out_d36_nl900_m50_w50_n600_p36_ds36_lmin1of100_lseed36_lN1000_lpnsseed1100_nsseed1174.npz,0.16484774620517972,results/d36_ds36_nl900_m50_w50/combined_d36_ds36_nl900_m50_w50.npz,1.7352167399141705,1.622285633972888
d36_ds36_nl900_m50_w50,d36_nl900_m50_w50_n600_p36_ds36_lmin1of100_lseed36_lN1000_lpnsseed1100,d36_nl900_m50_w50_n600_p36_ds36,lmin1of100_lseed36_lN1000_lpnsseed1100,1175,2175,200,900,-180.35032625671508,63.77254065843953,0.27937147954657204,0.2661923712456412,1.049509714494294,results/bootstrap_runs/d36_ds36_nl900_m50_w50/boot_method3_out/boot3_d36_nl900_m50_w50_n600_p36_ds36_lmin1of100_lseed36_lN1000_lpnsseed1100_nsseed1175_bootseed2175.npz,results/bootstrap_runs/d36_ds36_nl900_m50_w50/ns_runs_out/ns_out_d36_nl900_m50_w50_n600_p36_ds36_lmin1of100_lseed36_lN1000_lpnsseed1100_nsseed1175.npz,0.16484774620517972,results/d36_ds36_nl900_m50_w50/combined_d36_ds36_nl900_m50_w50.npz,1.694724289398831,1.6147771344979245
d36_ds36_nl900_m50_w50,d36_nl900_m50_w50_n600_p36_ds36_lmin1of100_lseed36_lN1000_lpnsseed1100,d36_nl900_m50_w50_n600_p36_ds36,lmin1of100_lseed36_lN1000_lpnsseed1100,1176,2176,200,900,-180.73124882951436,64.44760220688565,0.29021357962901506,0.26759754650695067,1.0845150989509427,results/bootstrap_runs/d36_ds36_nl900_m50_w50/boot_method3_out/boot3_d36_nl900_m50_w50_n600_p36_ds36_lmin1of100_lseed36_lN1000_lpnsseed1100_nsseed1176_bootseed2176.npz,results/bootstrap_runs/d36_ds36_nl900_m50_w50/ns_runs_out/ns_out_d36_nl900_m50_w50_n600_p36_ds36_lmin1of100_lseed36_lN1000_lpnsseed1100_nsseed1176.npz,0.16484774620517972,results/d36_ds36_nl900_m50_w50/combined_d36_ds36_nl900_m50_w50.npz,1.7604946765107559,1.623301213799321
d36_ds36_nl900_m50_w50,d36_nl900_m50_w50_n600_p36_ds36_lmin1of100_lseed36_lN1000_lpnsseed1100,d36_nl900_m50_w50_n600_p36_ds36,lmin1of100_lseed36_lN1000_lpnsseed1100,1177,2177,200,900,-180.55345429137873,64.23674625569743,0.2839428609799732,0.26715943274818216,1.0628217692302508,results/bootstrap_runs/d36_ds36_nl900_m50_w50/boot_method3_out/boot3_d36_nl900_m50_w50_n600_p36_ds36_lmin1of100_lseed36_lN1000_lpnsseed1100_nsseed1177_bootseed2177.npz,results/bootstrap_runs/d36_ds36_nl900_m50_w50/ns_runs_out/ns_out_d36_nl900_m50_w50_n600_p36_ds36_lmin1of100_lseed36_lN1000_lpnsseed1100_nsseed1177.npz,0.16484774620517972,results/d36_ds36_nl900_m50_w50/combined_d36_ds36_nl900_m50_w50.npz,1.7224552201433212,1.620643526516031
d36_ds36_nl900_m50_w50,d36_nl900_m50_w50_n600_p36_ds36_lmin1of100_lseed36_lN1000_lpnsseed1100,d36_nl900_m50_w50_n600_p36_ds36,lmin1of100_lseed36_lN1000_lpnsseed1100,1178,2178,200,900,-180.4005361869808,64.09969072476076,0.2526288058538746,0.2668742748619048,0.946621048374177,results/bootstrap_runs/d36_ds36_nl900_m50_w50/boot_method3_out/boot3_d36_nl900_m50_w50_n600_p36_ds36_lmin1of100_lseed36_lN1000_lpnsseed1100_nsseed1178_bootseed2178.npz,results/bootstrap_runs/d36_ds36_nl900_m50_w50/ns_runs_out/ns_out_d36_nl900_m50_w50_n600_p36_ds36_lmin1of100_lseed36_lN1000_lpnsseed1100_nsseed1178.npz,0.16484774620517972,results/d36_ds36_nl900_m50_w50/combined_d36_ds36_nl900_m50_w50.npz,1.532497784588678,1.6189137007049919
d36_ds36_nl900_m50_w50,d36_nl900_m50_w50_n600_p36_ds36_lmin1of100_lseed36_lN1000_lpnsseed1100,d36_nl900_m50_w50_n600_p36_ds36,lmin1of100_lseed36_lN1000_lpnsseed1100,1179,2179,200,900,-180.35216459964863,64.36277468967789,0.29309487608567975,0.26742137928677673,1.0960039053996926,results/bootstrap_runs/d36_ds36_nl900_m50_w50/boot_method3_out/boot3_d36_nl900_m50_w50_n600_p36_ds36_lmin1of100_lseed36_lN1000_lpnsseed1100_nsseed1179_bootseed2179.npz,results/bootstrap_runs/d36_ds36_nl900_m50_w50/ns_runs_out/ns_out_d36_nl900_m50_w50_n600_p36_ds36_lmin1of100_lseed36_lN1000_lpnsseed1100_nsseed1179.npz,0.16484774620517972,results/d36_ds36_nl900_m50_w50/combined_d36_ds36_nl900_m50_w50.npz,1.777973207597729,1.6222325475649968
d36_ds36_nl900_m50_w50,d36_nl900_m50_w50_n600_p36_ds36_lmin1of100_lseed36_lN1000_lpnsseed1100,d36_nl900_m50_w50_n600_p36_ds36,lmin1of100_lseed36_lN1000_lpnsseed1100,1180,2180,200,900,-181.1787830646287,64.86863706801238,0.2845746065761134,0.268470228161155,1.0599857143388405,results/bootstrap_runs/d36_ds36_nl900_m50_w50/boot_method3_out/boot3_d36_nl900_m50_w50_n600_p36_ds36_lmin1of100_lseed36_lN1000_lpnsseed1100_nsseed1180_bootseed2180.npz,results/bootstrap_runs/d36_ds36_nl900_m50_w50/ns_runs_out/ns_out_d36_nl900_m50_w50_n600_p36_ds36_lmin1of100_lseed36_lN1000_lpnsseed1100_nsseed1180.npz,0.16484774620517972,results/d36_ds36_nl900_m50_w50/combined_d36_ds36_nl900_m50_w50.npz,1.7262875175855554,1.628595078436804
d36_ds36_nl900_m50_w50,d36_nl900_m50_w50_n600_p36_ds36_lmin1of100_lseed36_lN1000_lpnsseed1100,d36_nl900_m50_w50_n600_p36_ds36,lmin1of100_lseed36_lN1000_lpnsseed1100,1181,2181,200,900,-181.00081051634118,64.8242367726971,0.28507615151705823,0.268378333230239,1.062217460276476,results/bootstrap_runs/d36_ds36_nl900_m50_w50/boot_method3_out/boot3_d36_nl900_m50_w50_n600_p36_ds36_lmin1of100_lseed36_lN1000_lpnsseed1100_nsseed1181_bootseed2181.npz,results/bootstrap_runs/d36_ds36_nl900_m50_w50/ns_runs_out/ns_out_d36_nl900_m50_w50_n600_p36_ds36_lmin1of100_lseed36_lN1000_lpnsseed1100_nsseed1181.npz,0.16484774620517972,results/d36_ds36_nl900_m50_w50/combined_d36_ds36_nl900_m50_w50.npz,1.7293299913377935,1.6280376250713111
d36_ds36_nl900_m50_w50,d36_nl900_m50_w50_n600_p36_ds36_lmin1of100_lseed36_lN1000_lpnsseed1100,d36_nl900_m50_w50_n600_p36_ds36,lmin1of100_lseed36_lN1000_lpnsseed1100,1182,2182,200,900,-180.65908717271122,64.34689112638131,0.27812054872790537,0.26738837988210934,1.0401370053946541,results/bootstrap_runs/d36_ds36_nl900_m50_w50/boot_method3_out/boot3_d36_nl900_m50_w50_n600_p36_ds36_lmin1of100_lseed36_lN1000_lpnsseed1100_nsseed1182_bootseed2182.npz,results/bootstrap_runs/d36_ds36_nl900_m50_w50/ns_runs_out/ns_out_d36_nl900_m50_w50_n600_p36_ds36_lmin1of100_lseed36_lN1000_lpnsseed1100_nsseed1182.npz,0.16484774620517972,results/d36_ds36_nl900_m50_w50/combined_d36_ds36_nl900_m50_w50.npz,1.6871358882986442,1.6220323664559004
d36_ds36_nl900_m50_w50,d36_nl900_m50_w50_n600_p36_ds36_lmin1of100_lseed36_lN1000_lpnsseed1100,d36_nl900_m50_w50_n600_p36_ds36,lmin1of100_lseed36_lN1000_lpnsseed1100,1183,2183,200,900,-180.97326375278377,64.74644394703229,0.24785393084362875,0.26821725014338715,0.9240790095011701,results/bootstrap_runs/d36_ds36_nl900_m50_w50/boot_method3_out/boot3_d36_nl900_m50_w50_n600_p36_ds36_lmin1of100_lseed36_lN1000_lpnsseed1100_nsseed1183_bootseed2183.npz,results/bootstrap_runs/d36_ds36_nl900_m50_w50/ns_runs_out/ns_out_d36_nl900_m50_w50_n600_p36_ds36_lmin1of100_lseed36_lN1000_lpnsseed1100_nsseed1183.npz,0.16484774620517972,results/d36_ds36_nl900_m50_w50/combined_d36_ds36_nl900_m50_w50.npz,1.5035324203652405,1.6270604622616274
d36_ds36_nl900_m50_w50,d36_nl900_m50_w50_n600_p36_ds36_lmin1of100_lseed36_lN1000_lpnsseed1100,d36_nl900_m50_w50_n600_p36_ds36,lmin1of100_lseed36_lN1000_lpnsseed1100,1184,2184,200,900,-180.56776848650063,64.4150161524678,0.27260024388610177,0.2675298864975812,1.0189524895887339,results/bootstrap_runs/d36_ds36_nl900_m50_w50/boot_method3_out/boot3_d36_nl900_m50_w50_n600_p36_ds36_lmin1of100_lseed36_lN1000_lpnsseed1100_nsseed1184_bootseed2184.npz,results/bootstrap_runs/d36_ds36_nl900_m50_w50/ns_runs_out/ns_out_d36_nl900_m50_w50_n600_p36_ds36_lmin1of100_lseed36_lN1000_lpnsseed1100_nsseed1184.npz,0.16484774620517972,results/d36_ds36_nl900_m50_w50/combined_d36_ds36_nl900_m50_w50.npz,1.6536485949089448,1.6228907744034118
d36_ds36_nl900_m50_w50,d36_nl900_m50_w50_n600_p36_ds36_lmin1of100_lseed36_lN1000_lpnsseed1100,d36_nl900_m50_w50_n600_p36_ds36,lmin1of100_lseed36_lN1000_lpnsseed1100,1185,2185,200,900,-180.33039487819977,64.71632883464952,0.2669710981616338,0.2681548657744242,0.9955855076156395,results/bootstrap_runs/d36_ds36_nl900_m50_w50/boot_method3_out/boot3_d36_nl900_m50_w50_n600_p36_ds36_lmin1of100_lseed36_lN1000_lpnsseed1100_nsseed1185_bootseed2185.npz,results/bootstrap_runs/d36_ds36_nl900_m50_w50/ns_runs_out/ns_out_d36_nl900_m50_w50_n600_p36_ds36_lmin1of100_lseed36_lN1000_lpnsseed1100_nsseed1185.npz,0.16484774620517972,results/d36_ds36_nl900_m50_w50/combined_d36_ds36_nl900_m50_w50.npz,1.619501050559375,1.6266820259748171
d36_ds36_nl900_m50_w50,d36_nl900_m50_w50_n600_p36_ds36_lmin1of100_lseed36_lN1000_lpnsseed1100,d36_nl900_m50_w50_n600_p36_ds36,lmin1of100_lseed36_lN1000_lpnsseed1100,1186,2186,200,900,-180.9412943347738,64.35370848875668,0.2734234858668424,0.2674025440100804,1.0225163970636533,results/bootstrap_runs/d36_ds36_nl900_m50_w50/boot_method3_out/boot3_d36_nl900_m50_w50_n600_p36_ds36_lmin1of100_lseed36_lN1000_lpnsseed1100_nsseed1186_bootseed2186.npz,results/bootstrap_runs/d36_ds36_nl900_m50_w50/ns_runs_out/ns_out_d36_nl900_m50_w50_n600_p36_ds36_lmin1of100_lseed36_lN1000_lpnsseed1100_nsseed1186.npz,0.16484774620517972,results/d36_ds36_nl900_m50_w50/combined_d36_ds36_nl900_m50_w50.npz,1.6586425484187244,1.6221182889407213
d36_ds36_nl900_m50_w50,d36_nl900_m50_w50_n600_p36_ds36_lmin1of100_lseed36_lN1000_lpnsseed1100,d36_nl900_m50_w50_n600_p36_ds36,lmin1of100_lseed36_lN1000_lpnsseed1100,1187,2187,200,900,-181.12811176162222,64.77676021185113,0.27948648478450955,0.26828003655353844,1.041771457820473,results/bootstrap_runs/d36_ds36_nl900_m50_w50/boot_method3_out/boot3_d36_nl900_m50_w50_n600_p36_ds36_lmin1of100_lseed36_lN1000_lpnsseed1100_nsseed1187_bootseed2187.npz,results/bootstrap_runs/d36_ds36_nl900_m50_w50/ns_runs_out/ns_out_d36_nl900_m50_w50_n600_p36_ds36_lmin1of100_lseed36_lN1000_lpnsseed1100_nsseed1187.npz,0.16484774620517972,results/d36_ds36_nl900_m50_w50/combined_d36_ds36_nl900_m50_w50.npz,1.6954219345931691,1.6274413374121626
d36_ds36_nl900_m50_w50,d36_nl900_m50_w50_n600_p36_ds36_lmin1of100_lseed36_lN1000_lpnsseed1100,d36_nl900_m50_w50_n600_p36_ds36,lmin1of100_lseed36_lN1000_lpnsseed1100,1188,2188,200,900,-180.17969600978384,64.36061631769618,0.2527706219080733,0.26741689533115015,0.9452305606759067,results/bootstrap_runs/d36_ds36_nl900_m50_w50/boot_method3_out/boot3_d36_nl900_m50_w50_n600_p36_ds36_lmin1of100_lseed36_lN1000_lpnsseed1100_nsseed1188_bootseed2188.npz,results/bootstrap_runs/d36_ds36_nl900_m50_w50/ns_runs_out/ns_out_d36_nl900_m50_w50_n600_p36_ds36_lmin1of100_lseed36_lN1000_lpnsseed1100_nsseed1188.npz,0.16484774620517972,results/d36_ds36_nl900_m50_w50/combined_d36_ds36_nl900_m50_w50.npz,1.5333580696545244,1.6222053469770008
d36_ds36_nl900_m50_w50,d36_nl900_m50_w50_n600_p36_ds36_lmin1of100_lseed36_lN1000_lpnsseed1100,d36_nl900_m50_w50_n600_p36_ds36,lmin1of100_lseed36_lN1000_lpnsseed1100,1189,2189,200,900,-180.65279042572982,64.41534149300807,0.26576733248370676,0.2675305621025341,0.9934092404061425,results/bootstrap_runs/d36_ds36_nl900_m50_w50/boot_method3_out/boot3_d36_nl900_m50_w50_n600_p36_ds36_lmin1of100_lseed36_lN1000_lpnsseed1100_nsseed1189_bootseed2189.npz,results/bootstrap_runs/d36_ds36_nl900_m50_w50/ns_runs_out/ns_out_d36_nl900_m50_w50_n600_p36_ds36_lmin1of100_lseed36_lN1000_lpnsseed1100_nsseed1189.npz,0.16484774620517972,results/d36_ds36_nl900_m50_w50/combined_d36_ds36_nl900_m50_w50.npz,1.6121987628081749,1.6228948727606443
d36_ds36_nl900_m50_w50,d36_nl900_m50_w50_n600_p36_ds36_lmin1of100_lseed36_lN1000_lpnsseed1100,d36_nl900_m50_w50_n600_p36_ds36,lmin1of100_lseed36_lN1000_lpnsseed1100,1190,2190,200,900,-180.63898514855927,64.3511465514065,0.26060412709822595,0.2673972212757777,0.9745954945038648,results/bootstrap_runs/d36_ds36_nl900_m50_w50/boot_method3_out/boot3_d36_nl900_m50_w50_n600_p36_ds36_lmin1of100_lseed36_lN1000_lpnsseed1100_nsseed1190_bootseed2190.npz,results/bootstrap_runs/d36_ds36_nl900_m50_w50/ns_runs_out/ns_out_d36_nl900_m50_w50_n600_p36_ds36_lmin1of100_lseed36_lN1000_lpnsseed1100_nsseed1190.npz,0.16484774620517972,results/d36_ds36_nl900_m50_w50/combined_d36_ds36_nl900_m50_w50.npz,1.5808777074444311,1.6220860001504573
d36_ds36_nl900_m50_w50,d36_nl900_m50_w50_n600_p36_ds36_lmin1of100_lseed36_lN1000_lpnsseed1100,d36_nl900_m50_w50_n600_p36_ds36,lmin1of100_lseed36_lN1000_lpnsseed1100,1191,2191,200,900,-180.89784268790947,64.50142173303709,0.27945671361805813,0.2677092571616477,1.043881397979888,results/bootstrap_runs/d36_ds36_nl900_m50_w50/boot_method3_out/boot3_d36_nl900_m50_w50_n600_p36_ds36_lmin1of100_lseed36_lN1000_lpnsseed1100_nsseed1191_bootseed2191.npz,results/bootstrap_runs/d36_ds36_nl900_m50_w50/ns_runs_out/ns_out_d36_nl900_m50_w50_n600_p36_ds36_lmin1of100_lseed36_lN1000_lpnsseed1100_nsseed1191.npz,0.16484774620517972,results/d36_ds36_nl900_m50_w50/combined_d36_ds36_nl900_m50_w50.npz,1.695241336634527,1.623978873380775
d36_ds36_nl900_m50_w50,d36_nl900_m50_w50_n600_p36_ds36_lmin1of100_lseed36_lN1000_lpnsseed1100,d36_nl900_m50_w50_n600_p36_ds36,lmin1of100_lseed36_lN1000_lpnsseed1100,1192,2192,200,900,-180.58932073954134,63.97762196126051,0.2491856143999371,0.2666200416765829,0.9346094645885842,results/bootstrap_runs/d36_ds36_nl900_m50_w50/boot_method3_out/boot3_d36_nl900_m50_w50_n600_p36_ds36_lmin1of100_lseed36_lN1000_lpnsseed1100_nsseed1192_bootseed2192.npz,results/bootstrap_runs/d36_ds36_nl900_m50_w50/ns_runs_out/ns_out_d36_nl900_m50_w50_n600_p36_ds36_lmin1of100_lseed36_lN1000_lpnsseed1100_nsseed1192.npz,0.16484774620517972,results/d36_ds36_nl900_m50_w50/combined_d36_ds36_nl900_m50_w50.npz,1.5116106840173917,1.6173714704278155
d36_ds36_nl900_m50_w50,d36_nl900_m50_w50_n600_p36_ds36_lmin1of100_lseed36_lN1000_lpnsseed1100,d36_nl900_m50_w50_n600_p36_ds36,lmin1of100_lseed36_lN1000_lpnsseed1100,1193,2193,200,900,-180.60159507893755,64.43103373907589,0.28384330458289103,0.2675631467296311,1.0608460397190305,results/bootstrap_runs/d36_ds36_nl900_m50_w50/boot_method3_out/boot3_d36_nl900_m50_w50_n600_p36_ds36_lmin1of100_lseed36_lN1000_lpnsseed1100_nsseed1193_bootseed2193.npz,results/bootstrap_runs/d36_ds36_nl900_m50_w50/ns_runs_out/ns_out_d36_nl900_m50_w50_n600_p36_ds36_lmin1of100_lseed36_lN1000_lpnsseed1100_nsseed1193.npz,0.16484774620517972,results/d36_ds36_nl900_m50_w50/combined_d36_ds36_nl900_m50_w50.npz,1.721851290763794,1.6230925377445284
d36_ds36_nl900_m50_w50,d36_nl900_m50_w50_n600_p36_ds36_lmin1of100_lseed36_lN1000_lpnsseed1100,d36_nl900_m50_w50_n600_p36_ds36,lmin1of100_lseed36_lN1000_lpnsseed1100,1194,2194,200,900,-180.44873771618063,64.21675825270898,0.2997489192557368,0.26711786464802595,1.122159761387386,results/bootstrap_runs/d36_ds36_nl900_m50_w50/boot_method3_out/boot3_d36_nl900_m50_w50_n600_p36_ds36_lmin1of100_lseed36_lN1000_lpnsseed1100_nsseed1194_bootseed2194.npz,results/bootstrap_runs/d36_ds36_nl900_m50_w50/ns_runs_out/ns_out_d36_nl900_m50_w50_n600_p36_ds36_lmin1of100_lseed36_lN1000_lpnsseed1100_nsseed1194.npz,0.16484774620517972,results/d36_ds36_nl900_m50_w50/combined_d36_ds36_nl900_m50_w50.npz,1.818337988574322,1.6203913659550704
d36_ds36_nl900_m50_w50,d36_nl900_m50_w50_n600_p36_ds36_lmin1of100_lseed36_lN1000_lpnsseed1100,d36_nl900_m50_w50_n600_p36_ds36,lmin1of100_lseed36_lN1000_lpnsseed1100,1195,2195,200,900,-181.34522103401488,64.8137728088153,0.26399683040792377,0.268356671467109,0.9837535581457695,results/bootstrap_runs/d36_ds36_nl900_m50_w50/boot_method3_out/boot3_d36_nl900_m50_w50_n600_p36_ds36_lmin1of100_lseed36_lN1000_lpnsseed1100_nsseed1195_bootseed2195.npz,results/bootstrap_runs/d36_ds36_nl900_m50_w50/ns_runs_out/ns_out_d36_nl900_m50_w50_n600_p36_ds36_lmin1of100_lseed36_lN1000_lpnsseed1100_nsseed1195.npz,0.16484774620517972,results/d36_ds36_nl900_m50_w50/combined_d36_ds36_nl900_m50_w50.npz,1.6014585366507648,1.6279062204047101
d36_ds36_nl900_m50_w50,d36_nl900_m50_w50_n600_p36_ds36_lmin1of100_lseed36_lN1000_lpnsseed1100,d36_nl900_m50_w50_n600_p36_ds36,lmin1of100_lseed36_lN1000_lpnsseed1100,1196,2196,200,900,-180.47690735629814,64.27248115810342,0.2672775258813258,0.26723373281352086,1.0001638755232878,results/bootstrap_runs/d36_ds36_nl900_m50_w50/boot_method3_out/boot3_d36_nl900_m50_w50_n600_p36_ds36_lmin1of100_lseed36_lN1000_lpnsseed1100_nsseed1196_bootseed2196.npz,results/bootstrap_runs/d36_ds36_nl900_m50_w50/ns_runs_out/ns_out_d36_nl900_m50_w50_n600_p36_ds36_lmin1of100_lseed36_lN1000_lpnsseed1100_nsseed1196.npz,0.16484774620517972,results/d36_ds36_nl900_m50_w50/combined_d36_ds36_nl900_m50_w50.npz,1.6213599035115447,1.6210942458437083
d36_ds36_nl900_m50_w50,d36_nl900_m50_w50_n600_p36_ds36_lmin1of100_lseed36_lN1000_lpnsseed1100,d36_nl900_m50_w50_n600_p36_ds36,lmin1of100_lseed36_lN1000_lpnsseed1100,1197,2197,200,900,-180.46722988113058,64.31500863692396,0.2510782369519275,0.2673221291021252,0.9392347644216463,results/bootstrap_runs/d36_ds36_nl900_m50_w50/boot_method3_out/boot3_d36_nl900_m50_w50_n600_p36_ds36_lmin1of100_lseed36_lN1000_lpnsseed1100_nsseed1197_bootseed2197.npz,results/bootstrap_runs/d36_ds36_nl900_m50_w50/ns_runs_out/ns_out_d36_nl900_m50_w50_n600_p36_ds36_lmin1of100_lseed36_lN1000_lpnsseed1100_nsseed1197.npz,0.16484774620517972,results/d36_ds36_nl900_m50_w50/combined_d36_ds36_nl900_m50_w50.npz,1.5230917178535153,1.6216304757324345
d36_ds36_nl900_m50_w50,d36_nl900_m50_w50_n600_p36_ds36_lmin1of100_lseed36_lN1000_lpnsseed1100,d36_nl900_m50_w50_n600_p36_ds36,lmin1of100_lseed36_lN1000_lpnsseed1100,1198,2198,200,900,-181.1688169183252,64.87807829978752,0.24703129743650484,0.2684897645468642,0.9200771502534734,results/bootstrap_runs/d36_ds36_nl900_m50_w50/boot_method3_out/boot3_d36_nl900_m50_w50_n600_p36_ds36_lmin1of100_lseed36_lN1000_lpnsseed1100_nsseed1198_bootseed2198.npz,results/bootstrap_runs/d36_ds36_nl900_m50_w50/ns_runs_out/ns_out_d36_nl900_m50_w50_n600_p36_ds36_lmin1of100_lseed36_lN1000_lpnsseed1100_nsseed1198.npz,0.16484774620517972,results/d36_ds36_nl900_m50_w50/combined_d36_ds36_nl900_m50_w50.npz,1.4985421585869567,1.6287135901311334
d36_ds36_nl900_m50_w50,d36_nl900_m50_w50_n600_p36_ds36_lmin1of100_lseed36_lN1000_lpnsseed1100,d36_nl900_m50_w50_n600_p36_ds36,lmin1of100_lseed36_lN1000_lpnsseed1100,1199,2199,200,900,-180.7670414642305,64.64712281237647,0.2648399039870257,0.2680114483715128,0.9881663846684238,results/bootstrap_runs/d36_ds36_nl900_m50_w50/boot_method3_out/boot3_d36_nl900_m50_w50_n600_p36_ds36_lmin1of100_lseed36_lN1000_lpnsseed1100_nsseed1199_bootseed2199.npz,results/bootstrap_runs/d36_ds36_nl900_m50_w50/ns_runs_out/ns_out_d36_nl900_m50_w50_n600_p36_ds36_lmin1of100_lseed36_lN1000_lpnsseed1100_nsseed1199.npz,0.16484774620517972,results/d36_ds36_nl900_m50_w50/combined_d36_ds36_nl900_m50_w50.npz,1.6065727926749425,1.6258120268015623
d36_ds36_nl900_m50_w50,d36_nl900_m50_w50_n600_p36_ds36_lmin1of100_lseed36_lN1000_lpnsseed1100,d36_nl900_m50_w50_n600_p36_ds36,lmin1of100_lseed36_lN1000_lpnsseed1100,1200,2200,200,900,-180.75651877793211,64.53506053189066,0.2607400820881284,0.2677790559644496,0.9737135010392458,results/bootstrap_runs/d36_ds36_nl900_m50_w50/boot_method3_out/boot3_d36_nl900_m50_w50_n600_p36_ds36_lmin1of100_lseed36_lN1000_lpnsseed1100_nsseed1200_bootseed2200.npz,results/bootstrap_runs/d36_ds36_nl900_m50_w50/ns_runs_out/ns_out_d36_nl900_m50_w50_n600_p36_ds36_lmin1of100_lseed36_lN1000_lpnsseed1100_nsseed1200.npz,0.16484774620517972,results/d36_ds36_nl900_m50_w50/combined_d36_ds36_nl900_m50_w50.npz,1.5817024381006406,1.6244022871332144
d36_ds36_nl900_m50_w50,d36_nl900_m50_w50_n600_p36_ds36_lmin1of100_lseed36_lN1000_lpnsseed1100,d36_nl900_m50_w50_n600_p36_ds36,lmin1of100_lseed36_lN1000_lpnsseed1100,1201,2201,200,900,-180.94418696859674,64.5871460418703,0.3008908321977721,0.2678870948778199,1.1232001763093693,results/bootstrap_runs/d36_ds36_nl900_m50_w50/boot_method3_out/boot3_d36_nl900_m50_w50_n600_p36_ds36_lmin1of100_lseed36_lN1000_lpnsseed1100_nsseed1201_bootseed2201.npz,results/bootstrap_runs/d36_ds36_nl900_m50_w50/ns_runs_out/ns_out_d36_nl900_m50_w50_n600_p36_ds36_lmin1of100_lseed36_lN1000_lpnsseed1100_nsseed1201.npz,0.16484774620517972,results/d36_ds36_nl900_m50_w50/combined_d36_ds36_nl900_m50_w50.npz,1.8252650650331894,1.6250576731840243
d36_ds36_nl900_m50_w50,d36_nl900_m50_w50_n600_p36_ds36_lmin1of100_lseed36_lN1000_lpnsseed1100,d36_nl900_m50_w50_n600_p36_ds36,lmin1of100_lseed36_lN1000_lpnsseed1100,1202,2202,200,900,-180.74585071568396,64.95485039585152,0.2567992683068415,0.2686485734103023,0.9558929163366018,results/bootstrap_runs/d36_ds36_nl900_m50_w50/boot_method3_out/boot3_d36_nl900_m50_w50_n600_p36_ds36_lmin1of100_lseed36_lN1000_lpnsseed1100_nsseed1202_bootseed2202.npz,results/bootstrap_runs/d36_ds36_nl900_m50_w50/ns_runs_out/ns_out_d36_nl900_m50_w50_n600_p36_ds36_lmin1of100_lseed36_lN1000_lpnsseed1100_nsseed1202.npz,0.16484774620517972,results/d36_ds36_nl900_m50_w50/combined_d36_ds36_nl900_m50_w50.npz,1.5577966591500332,1.6296769570384397
d36_ds36_nl900_m50_w50,d36_nl900_m50_w50_n600_p36_ds36_lmin1of100_lseed36_lN1000_lpnsseed1100,d36_nl900_m50_w50_n600_p36_ds36,lmin1of100_lseed36_lN1000_lpnsseed1100,1203,2203,200,900,-180.5804014253174,64.3819829845665,0.29331432472010166,0.26746128065482366,1.0966608849026003,results/bootstrap_runs/d36_ds36_nl900_m50_w50/boot_method3_out/boot3_d36_nl900_m50_w50_n600_p36_ds36_lmin1of100_lseed36_lN1000_lpnsseed1100_nsseed1203_bootseed2203.npz,results/bootstrap_runs/d36_ds36_nl900_m50_w50/ns_runs_out/ns_out_d36_nl900_m50_w50_n600_p36_ds36_lmin1of100_lseed36_lN1000_lpnsseed1100_nsseed1203.npz,0.16484774620517972,results/d36_ds36_nl900_m50_w50/combined_d36_ds36_nl900_m50_w50.npz,1.779304427705214,1.6224745973895498
d36_ds36_nl900_m50_w50,d36_nl900_m50_w50_n600_p36_ds36_lmin1of100_lseed36_lN1000_lpnsseed1100,d36_nl900_m50_w50_n600_p36_ds36,lmin1of100_lseed36_lN1000_lpnsseed1100,1204,2204,200,900,-180.79515458013375,64.52198267944044,0.275357995479501,0.2677519222452846,1.0284071657466891,results/bootstrap_runs/d36_ds36_nl900_m50_w50/boot_method3_out/boot3_d36_nl900_m50_w50_n600_p36_ds36_lmin1of100_lseed36_lN1000_lpnsseed1100_nsseed1204_bootseed2204.npz,results/bootstrap_runs/d36_ds36_nl900_m50_w50/ns_runs_out/ns_out_d36_nl900_m50_w50_n600_p36_ds36_lmin1of100_lseed36_lN1000_lpnsseed1100_nsseed1204.npz,0.16484774620517972,results/d36_ds36_nl900_m50_w50/combined_d36_ds36_nl900_m50_w50.npz,1.6703776776952315,1.624237688466932
d36_ds36_nl900_m50_w50,d36_nl900_m50_w50_n600_p36_ds36_lmin1of100_lseed36_lN1000_lpnsseed1100,d36_nl900_m50_w50_n600_p36_ds36,lmin1of100_lseed36_lN1000_lpnsseed1100,1205,2205,200,900,-180.71443051685137,64.39017027365126,0.24941012801677512,0.2674782862914115,0.9324499998667124,results/bootstrap_runs/d36_ds36_nl900_m50_w50/boot_method3_out/boot3_d36_nl900_m50_w50_n600_p36_ds36_lmin1of100_lseed36_lN1000_lpnsseed1100_nsseed1205_bootseed2205.npz,results/bootstrap_runs/d36_ds36_nl900_m50_w50/ns_runs_out/ns_out_d36_nl900_m50_w50_n600_p36_ds36_lmin1of100_lseed36_lN1000_lpnsseed1100_nsseed1205.npz,0.16484774620517972,results/d36_ds36_nl900_m50_w50/combined_d36_ds36_nl900_m50_w50.npz,1.5129726293397048,1.622577757044318
d36_ds36_nl900_m50_w50,d36_nl900_m50_w50_n600_p36_ds36_lmin1of100_lseed36_lN1000_lpnsseed1100,d36_nl900_m50_w50_n600_p36_ds36,lmin1of100_lseed36_lN1000_lpnsseed1100,1206,2206,200,900,-180.1181498358572,64.08888914434962,0.26826620965590436,0.26685178812789534,1.0053004011625026,results/bootstrap_runs/d36_ds36_nl900_m50_w50/boot_method3_out/boot3_d36_nl900_m50_w50_n600_p36_ds36_lmin1of100_lseed36_lN1000_lpnsseed1100_nsseed1206_bootseed2206.npz,results/bootstrap_runs/d36_ds36_nl900_m50_w50/ns_runs_out/ns_out_d36_nl900_m50_w50_n600_p36_ds36_lmin1of100_lseed36_lN1000_lpnsseed1100_nsseed1206.npz,0.16484774620517972,results/d36_ds36_nl900_m50_w50/combined_d36_ds36_nl900_m50_w50.npz,1.6273574606352434,1.6187772915970295
d36_ds36_nl900_m50_w50,d36_nl900_m50_w50_n600_p36_ds36_lmin1of100_lseed36_lN1000_lpnsseed1100,d36_nl900_m50_w50_n600_p36_ds36,lmin1of100_lseed36_lN1000_lpnsseed1100,1207,2207,200,900,-180.2200049535602,64.40452132461616,0.2529947847940194,0.2675080919328862,0.9457462873963902,results/bootstrap_runs/d36_ds36_nl900_m50_w50/boot_method3_out/boot3_d36_nl900_m50_w50_n600_p36_ds36_lmin1of100_lseed36_lN1000_lpnsseed1100_nsseed1207_bootseed2207.npz,results/bootstrap_runs/d36_ds36_nl900_m50_w50/ns_runs_out/ns_out_d36_nl900_m50_w50_n600_p36_ds36_lmin1of100_lseed36_lN1000_lpnsseed1100_nsseed1207.npz,0.16484774620517972,results/d36_ds36_nl900_m50_w50/combined_d36_ds36_nl900_m50_w50.npz,1.53471788737182,1.6227585641354725
d36_ds36_nl900_m50_w50,d36_nl900_m50_w50_n600_p36_ds36_lmin1of100_lseed36_lN1000_lpnsseed1100,d36_nl900_m50_w50_n600_p36_ds36,lmin1of100_lseed36_lN1000_lpnsseed1100,1208,2208,200,900,-180.56766631886225,64.12123486069164,0.28155177848660135,0.26691911979451677,1.0548205715025183,results/bootstrap_runs/d36_ds36_nl900_m50_w50/boot_method3_out/boot3_d36_nl900_m50_w50_n600_p36_ds36_lmin1of100_lseed36_lN1000_lpnsseed1100_nsseed1208_bootseed2208.npz,results/bootstrap_runs/d36_ds36_nl900_m50_w50/ns_runs_out/ns_out_d36_nl900_m50_w50_n600_p36_ds36_lmin1of100_lseed36_lN1000_lpnsseed1100_nsseed1208.npz,0.16484774620517972,results/d36_ds36_nl900_m50_w50/combined_d36_ds36_nl900_m50_w50.npz,1.7079504267905765,1.6191857391989617
d36_ds36_nl900_m50_w50,d36_nl900_m50_w50_n600_p36_ds36_lmin1of100_lseed36_lN1000_lpnsseed1100,d36_nl900_m50_w50_n600_p36_ds36,lmin1of100_lseed36_lN1000_lpnsseed1100,1209,2209,200,900,-180.49159334325853,64.00222681162327,0.25596878280628066,0.2666713058171953,0.9598662369087011,results/bootstrap_runs/d36_ds36_nl900_m50_w50/boot_method3_out/boot3_d36_nl900_m50_w50_n600_p36_ds36_lmin1of100_lseed36_lN1000_lpnsseed1100_nsseed1209_bootseed2209.npz,results/bootstrap_runs/d36_ds36_nl900_m50_w50/ns_runs_out/ns_out_d36_nl900_m50_w50_n600_p36_ds36_lmin1of100_lseed36_lN1000_lpnsseed1100_nsseed1209.npz,0.16484774620517972,results/d36_ds36_nl900_m50_w50/combined_d36_ds36_nl900_m50_w50.npz,1.552758764973869,1.6176824491447983
d36_ds36_nl900_m50_w50,d36_nl900_m50_w50_n600_p36_ds36_lmin1of100_lseed36_lN1000_lpnsseed1100,d36_nl900_m50_w50_n600_p36_ds36,lmin1of100_lseed36_lN1000_lpnsseed1100,1210,2210,200,900,-180.85573472123326,64.92692785453993,0.26612724208312716,0.2685908243955642,0.9908277495406588,results/bootstrap_runs/d36_ds36_nl900_m50_w50/boot_method3_out/boot3_d36_nl900_m50_w50_n600_p36_ds36_lmin1of100_lseed36_lN1000_lpnsseed1100_nsseed1210_bootseed2210.npz,results/bootstrap_runs/d36_ds36_nl900_m50_w50/ns_runs_out/ns_out_d36_nl900_m50_w50_n600_p36_ds36_lmin1of100_lseed36_lN1000_lpnsseed1100_nsseed1210.npz,0.16484774620517972,results/d36_ds36_nl900_m50_w50/combined_d36_ds36_nl900_m50_w50.npz,1.6143820477344513,1.6293266397543549
d36_ds36_nl900_m50_w50,d36_nl900_m50_w50_n600_p36_ds36_lmin1of100_lseed36_lN1000_lpnsseed1100,d36_nl900_m50_w50_n600_p36_ds36,lmin1of100_lseed36_lN1000_lpnsseed1100,1211,2211,200,900,-180.4805745085727,64.35928627449847,0.2765079695057347,0.2674141321672736,1.034006569752913,results/bootstrap_runs/d36_ds36_nl900_m50_w50/boot_method3_out/boot3_d36_nl900_m50_w50_n600_p36_ds36_lmin1of100_lseed36_lN1000_lpnsseed1100_nsseed1211_bootseed2211.npz,results/bootstrap_runs/d36_ds36_nl900_m50_w50/ns_runs_out/ns_out_d36_nl900_m50_w50_n600_p36_ds36_lmin1of100_lseed36_lN1000_lpnsseed1100_nsseed1211.npz,0.16484774620517972,results/d36_ds36_nl900_m50_w50/combined_d36_ds36_nl900_m50_w50.npz,1.6773536543324998,1.6221885850622029
d36_ds36_nl900_m50_w50,d36_nl900_m50_w50_n600_p36_ds36_lmin1of100_lseed36_lN1000_lpnsseed1100,d36_nl900_m50_w50_n600_p36_ds36,lmin1of100_lseed36_lN1000_lpnsseed1100,1212,2212,200,900,-180.98817698309958,64.45511933333579,0.27838380438800453,0.26761315225388677,1.0402470956431153,results/bootstrap_runs/d36_ds36_nl900_m50_w50/boot_method3_out/boot3_d36_nl900_m50_w50_n600_p36_ds36_lmin1of100_lseed36_lN1000_lpnsseed1100_nsseed1212_bootseed2212.npz,results/bootstrap_runs/d36_ds36_nl900_m50_w50/ns_runs_out/ns_out_d36_nl900_m50_w50_n600_p36_ds36_lmin1of100_lseed36_lN1000_lpnsseed1100_nsseed1212.npz,0.16484774620517972,results/d36_ds36_nl900_m50_w50/combined_d36_ds36_nl900_m50_w50.npz,1.6887328507452615,1.623395881438372
d36_ds36_nl900_m50_w50,d36_nl900_m50_w50_n600_p36_ds36_lmin1of100_lseed36_lN1000_lpnsseed1100,d36_nl900_m50_w50_n600_p36_ds36,lmin1of100_lseed36_lN1000_lpnsseed1100,1213,2213,200,900,-181.2154385721797,64.82114065182726,0.280424662600718,0.268371924040391,1.044910579239701,results/bootstrap_runs/d36_ds36_nl900_m50_w50/boot_method3_out/boot3_d36_nl900_m50_w50_n600_p36_ds36_lmin1of100_lseed36_lN1000_lpnsseed1100_nsseed1213_bootseed2213.npz,results/bootstrap_runs/d36_ds36_nl900_m50_w50/ns_runs_out/ns_out_d36_nl900_m50_w50_n600_p36_ds36_lmin1of100_lseed36_lN1000_lpnsseed1100_nsseed1213.npz,0.16484774620517972,results/d36_ds36_nl900_m50_w50/combined_d36_ds36_nl900_m50_w50.npz,1.7011131122877718,1.6279987456204508
d36_ds36_nl900_m50_w50,d36_nl900_m50_w50_n600_p36_ds36_lmin1of100_lseed36_lN1000_lpnsseed1100,d36_nl900_m50_w50_n600_p36_ds36,lmin1of100_lseed36_lN1000_lpnsseed1100,1214,2214,200,900,-180.60662928117,63.971600347430275,0.2630716201300422,0.2666074941587149,0.9867375294913213,results/bootstrap_runs/d36_ds36_nl900_m50_w50/boot_method3_out/boot3_d36_nl900_m50_w50_n600_p36_ds36_lmin1of100_lseed36_lN1000_lpnsseed1100_nsseed1214_bootseed2214.npz,results/bootstrap_runs/d36_ds36_nl900_m50_w50/ns_runs_out/ns_out_d36_nl900_m50_w50_n600_p36_ds36_lmin1of100_lseed36_lN1000_lpnsseed1100_nsseed1214.npz,0.16484774620517972,results/d36_ds36_nl900_m50_w50/combined_d36_ds36_nl900_m50_w50.npz,1.5958460226845137,1.6172953546291051
d36_ds36_nl900_m50_w50,d36_nl900_m50_w50_n600_p36_ds36_lmin1of100_lseed36_lN1000_lpnsseed1100,d36_nl900_m50_w50_n600_p36_ds36,lmin1of100_lseed36_lN1000_lpnsseed1100,1215,2215,200,900,-180.2581042213132,64.02539934176762,0.25488228919095923,0.266719576713004,0.9556189775496609,results/bootstrap_runs/d36_ds36_nl900_m50_w50/boot_method3_out/boot3_d36_nl900_m50_w50_n600_p36_ds36_lmin1of100_lseed36_lN1000_lpnsseed1100_nsseed1215_bootseed2215.npz,results/bootstrap_runs/d36_ds36_nl900_m50_w50/ns_runs_out/ns_out_d36_nl900_m50_w50_n600_p36_ds36_lmin1of100_lseed36_lN1000_lpnsseed1100_nsseed1215.npz,0.16484774620517972,results/d36_ds36_nl900_m50_w50/combined_d36_ds36_nl900_m50_w50.npz,1.5461678734370863,1.6179752702292227
d36_ds36_nl900_m50_w50,d36_nl900_m50_w50_n600_p36_ds36_lmin1of100_lseed36_lN1000_lpnsseed1100,d36_nl900_m50_w50_n600_p36_ds36,lmin1of100_lseed36_lN1000_lpnsseed1100,1216,2216,200,900,-180.82378305714238,64.35886817056335,0.25151056032652475,0.2674132635507225,0.9405313595405064,results/bootstrap_runs/d36_ds36_nl900_m50_w50/boot_method3_out/boot3_d36_nl900_m50_w50_n600_p36_ds36_lmin1of100_lseed36_lN1000_lpnsseed1100_nsseed1216_bootseed2216.npz,results/bootstrap_runs/d36_ds36_nl900_m50_w50/ns_runs_out/ns_out_d36_nl900_m50_w50_n600_p36_ds36_lmin1of100_lseed36_lN1000_lpnsseed1100_nsseed1216.npz,0.16484774620517972,results/d36_ds36_nl900_m50_w50/combined_d36_ds36_nl900_m50_w50.npz,1.525714279487201,1.6221833158573085
d36_ds36_nl900_m50_w50,d36_nl900_m50_w50_n600_p36_ds36_lmin1of100_lseed36_lN1000_lpnsseed1100,d36_nl900_m50_w50_n600_p36_ds36,lmin1of100_lseed36_lN1000_lpnsseed1100,1217,2217,200,900,-180.8222760079936,64.31171387111476,0.2638939773423256,0.26731528174946184,0.9872012389836253,results/bootstrap_runs/d36_ds36_nl900_m50_w50/boot_method3_out/boot3_d36_nl900_m50_w50_n600_p36_ds36_lmin1of100_lseed36_lN1000_lpnsseed1100_nsseed1217_bootseed2217.npz,results/bootstrap_runs/d36_ds36_nl900_m50_w50/ns_runs_out/ns_out_d36_nl900_m50_w50_n600_p36_ds36_lmin1of100_lseed36_lN1000_lpnsseed1100_nsseed1217.npz,0.16484774620517972,results/d36_ds36_nl900_m50_w50/combined_d36_ds36_nl900_m50_w50.npz,1.6008346090086474,1.6215889382967037
d36_ds36_nl900_m50_w50,d36_nl900_m50_w50_n600_p36_ds36_lmin1of100_lseed36_lN1000_lpnsseed1100,d36_nl900_m50_w50_n600_p36_ds36,lmin1of100_lseed36_lN1000_lpnsseed1100,1218,2218,200,900,-180.82937037361867,64.5988003192828,0.270386168517564,0.2679112629196524,1.0092377810881874,results/bootstrap_runs/d36_ds36_nl900_m50_w50/boot_method3_out/boot3_d36_nl900_m50_w50_n600_p36_ds36_lmin1of100_lseed36_lN1000_lpnsseed1100_nsseed1218_bootseed2218.npz,results/bootstrap_runs/d36_ds36_nl900_m50_w50/ns_runs_out/ns_out_d36_nl900_m50_w50_n600_p36_ds36_lmin1of100_lseed36_lN1000_lpnsseed1100_nsseed1218.npz,0.16484774620517972,results/d36_ds36_nl900_m50_w50/combined_d36_ds36_nl900_m50_w50.npz,1.6402175628232405,1.6252042814476422
d36_ds36_nl900_m50_w50,d36_nl900_m50_w50_n600_p36_ds36_lmin1of100_lseed36_lN1000_lpnsseed1100,d36_nl900_m50_w50_n600_p36_ds36,lmin1of100_lseed36_lN1000_lpnsseed1100,1219,2219,200,900,-180.72175639552117,64.66214102002243,0.2717075584282789,0.2680425775051055,1.0136731296844195,results/bootstrap_runs/d36_ds36_nl900_m50_w50/boot_method3_out/boot3_d36_nl900_m50_w50_n600_p36_ds36_lmin1of100_lseed36_lN1000_lpnsseed1100_nsseed1219_bootseed2219.npz,results/bootstrap_runs/d36_ds36_nl900_m50_w50/ns_runs_out/ns_out_d36_nl900_m50_w50_n600_p36_ds36_lmin1of100_lseed36_lN1000_lpnsseed1100_nsseed1219.npz,0.16484774620517972,results/d36_ds36_nl900_m50_w50/combined_d36_ds36_nl900_m50_w50.npz,1.6482333831249036,1.6260008624654358
d72_ds72_nl1800_m50_w50,d72_nl1800_m50_w50_n600_p72_ds72_lmin1of100_lseed72_lN1000_lpnsseed1000,d72_nl1800_m50_w50_n600_p72_ds72,lmin1of100_lseed72_lN1000_lpnsseed1000,1000,2000,200,1800,-229.5496690542364,106.55114096736378,0.25318298275221174,0.2433003870017516,1.0406189068264367,results/bootstrap_runs/d72_ds72_nl1800_m50_w50/boot_method3_out/boot3_d72_nl1800_m50_w50_n600_p72_ds72_lmin1of100_lseed72_lN1000_lpnsseed1000_nsseed1000_bootseed2000.npz,results/bootstrap_runs/d72_ds72_nl1800_m50_w50/ns_runs_out/ns_out_d72_nl1800_m50_w50_n600_p72_ds72_lmin1of100_lseed72_lN1000_lpnsseed1000_nsseed1000.npz,0.11853261539365136,results/d72_ds72_nl1800_m50_w50/combined_d72_ds72_nl1800_m50_w50.npz,2.135977358732711,2.0526028738481954
d72_ds72_nl1800_m50_w50,d72_nl1800_m50_w50_n600_p72_ds72_lmin1of100_lseed72_lN1000_lpnsseed1000,d72_nl1800_m50_w50_n600_p72_ds72,lmin1of100_lseed72_lN1000_lpnsseed1000,1001,2001,200,1800,-229.01060923442552,106.9204023339566,0.24821876740531965,0.2437216106931529,1.0184520227786804,results/bootstrap_runs/d72_ds72_nl1800_m50_w50/boot_method3_out/boot3_d72_nl1800_m50_w50_n600_p72_ds72_lmin1of100_lseed72_lN1000_lpnsseed1000_nsseed1001_bootseed2001.npz,results/bootstrap_runs/d72_ds72_nl1800_m50_w50/ns_runs_out/ns_out_d72_nl1800_m50_w50_n600_p72_ds72_lmin1of100_lseed72_lN1000_lpnsseed1000_nsseed1001.npz,0.11853261539365136,results/d72_ds72_nl1800_m50_w50/combined_d72_ds72_nl1800_m50_w50.npz,2.0940967731200026,2.0561565260645276
d72_ds72_nl1800_m50_w50,d72_nl1800_m50_w50_n600_p72_ds72_lmin1of100_lseed72_lN1000_lpnsseed1000,d72_nl1800_m50_w50_n600_p72_ds72,lmin1of100_lseed72_lN1000_lpnsseed1000,1002,2002,200,1800,-229.3755572154284,106.31386233354421,0.22487911273112984,0.24302933331589627,0.9253167494757751,results/bootstrap_runs/d72_ds72_nl1800_m50_w50/boot_method3_out/boot3_d72_nl1800_m50_w50_n600_p72_ds72_lmin1of100_lseed72_lN1000_lpnsseed1000_nsseed1002_bootseed2002.npz,results/bootstrap_runs/d72_ds72_nl1800_m50_w50/ns_runs_out/ns_out_d72_nl1800_m50_w50_n600_p72_ds72_lmin1of100_lseed72_lN1000_lpnsseed1000_nsseed1002.npz,0.11853261539365136,results/d72_ds72_nl1800_m50_w50/combined_d72_ds72_nl1800_m50_w50.npz,1.8971918571466402,2.050316130364512
d72_ds72_nl1800_m50_w50,d72_nl1800_m50_w50_n600_p72_ds72_lmin1of100_lseed72_lN1000_lpnsseed1000,d72_nl1800_m50_w50_n600_p72_ds72,lmin1of100_lseed72_lN1000_lpnsseed1000,1003,2003,200,1800,-229.50121936292427,106.65606195418447,0.23261758268569652,0.2434201465621215,0.9556217345647349,results/bootstrap_runs/d72_ds72_nl1800_m50_w50/boot_method3_out/boot3_d72_nl1800_m50_w50_n600_p72_ds72_lmin1of100_lseed72_lN1000_lpnsseed1000_nsseed1003_bootseed2003.npz,results/bootstrap_runs/d72_ds72_nl1800_m50_w50/ns_runs_out/ns_out_d72_nl1800_m50_w50_n600_p72_ds72_lmin1of100_lseed72_lN1000_lpnsseed1000_nsseed1003.npz,0.11853261539365136,results/d72_ds72_nl1800_m50_w50/combined_d72_ds72_nl1800_m50_w50.npz,1.9624774321663672,2.053613224965246
d72_ds72_nl1800_m50_w50,d72_nl1800_m50_w50_n600_p72_ds72_lmin1of100_lseed72_lN1000_lpnsseed1015,d72_nl1800_m50_w50_n600_p72_ds72,lmin1of100_lseed72_lN1000_lpnsseed1015,1015,2015,200,1800,-229.51297469413424,106.15677421857428,0.2367214547105773,0.24284971829711005,0.9747652019960952,results/bootstrap_runs/d72_ds72_nl1800_m50_w50/boot_method3_out/boot3_d72_nl1800_m50_w50_n600_p72_ds72_lmin1of100_lseed72_lN1000_lpnsseed1015_nsseed1015_bootseed2015.npz,results/bootstrap_runs/d72_ds72_nl1800_m50_w50/ns_runs_out/ns_out_d72_nl1800_m50_w50_n600_p72_ds72_lmin1of100_lseed72_lN1000_lpnsseed1015_nsseed1015.npz,0.11853261539365136,results/d72_ds72_nl1800_m50_w50/combined_d72_ds72_nl1800_m50_w50.npz,1.9970997343171437,2.0488008088794536
d72_ds72_nl1800_m50_w50,d72_nl1800_m50_w50_n600_p72_ds72_lmin1of100_lseed72_lN1000_lpnsseed1015,d72_nl1800_m50_w50_n600_p72_ds72,lmin1of100_lseed72_lN1000_lpnsseed1015,1025,2025,200,1800,-229.9805837270096,106.73006181127906,0.2480654835965875,0.24350457651560456,1.0187302725322318,results/bootstrap_runs/d72_ds72_nl1800_m50_w50/boot_method3_out/boot3_d72_nl1800_m50_w50_n600_p72_ds72_lmin1of100_lseed72_lN1000_lpnsseed1015_nsseed1025_bootseed2025.npz,results/bootstrap_runs/d72_ds72_nl1800_m50_w50/ns_runs_out/ns_out_d72_nl1800_m50_w50_n600_p72_ds72_lmin1of100_lseed72_lN1000_lpnsseed1015_nsseed1025.npz,0.11853261539365136,results/d72_ds72_nl1800_m50_w50/combined_d72_ds72_nl1800_m50_w50.npz,2.092803594797538,2.0543255179759305
d72_ds72_nl1800_m50_w50,d72_nl1800_m50_w50_n600_p72_ds72_lmin1of100_lseed72_lN1000_lpnsseed1015,d72_nl1800_m50_w50_n600_p72_ds72,lmin1of100_lseed72_lN1000_lpnsseed1015,1026,2026,200,1800,-230.10712587463686,106.93421261392535,0.2502353860749898,0.2437373502289405,1.0266599921593704,results/bootstrap_runs/d72_ds72_nl1800_m50_w50/boot_method3_out/boot3_d72_nl1800_m50_w50_n600_p72_ds72_lmin1of100_lseed72_lN1000_lpnsseed1015_nsseed1026_bootseed2026.npz,results/bootstrap_runs/d72_ds72_nl1800_m50_w50/ns_runs_out/ns_out_d72_nl1800_m50_w50_n600_p72_ds72_lmin1of100_lseed72_lN1000_lpnsseed1015_nsseed1026.npz,0.11853261539365136,results/d72_ds72_nl1800_m50_w50/combined_d72_ds72_nl1800_m50_w50.npz,2.1111099695552022,2.0562893126037878
d72_ds72_nl1800_m50_w50,d72_nl1800_m50_w50_n600_p72_ds72_lmin1of100_lseed72_lN1000_lpnsseed1015,d72_nl1800_m50_w50_n600_p72_ds72,lmin1of100_lseed72_lN1000_lpnsseed1015,1027,2027,200,1800,-229.2911677184555,106.30681785525982,0.2326572759446565,0.243021281481524,0.9573535063526712,results/bootstrap_runs/d72_ds72_nl1800_m50_w50/boot_method3_out/boot3_d72_nl1800_m50_w50_n600_p72_ds72_lmin1of100_lseed72_lN1000_lpnsseed1015_nsseed1027_bootseed2027.npz,results/bootstrap_runs/d72_ds72_nl1800_m50_w50/ns_runs_out/ns_out_d72_nl1800_m50_w50_n600_p72_ds72_lmin1of100_lseed72_lN1000_lpnsseed1015_nsseed1027.npz,0.11853261539365136,results/d72_ds72_nl1800_m50_w50/combined_d72_ds72_nl1800_m50_w50.npz,1.962812304208363,2.050248201091666
d72_ds72_nl1800_m50_w50,d72_nl1800_m50_w50_n600_p72_ds72_lmin1of100_lseed72_lN1000_lpnsseed1015,d72_nl1800_m50_w50_n600_p72_ds72,lmin1of100_lseed72_lN1000_lpnsseed1015,1028,2028,200,1800,-229.8280097391948,107.28651366978603,0.23591875412056054,0.2441385235996906,0.9663315344176986,results/bootstrap_runs/d72_ds72_nl1800_m50_w50/boot_method3_out/boot3_d72_nl1800_m50_w50_n600_p72_ds72_lmin1of100_lseed72_lN1000_lpnsseed1015_nsseed1028_bootseed2028.npz,results/bootstrap_runs/d72_ds72_nl1800_m50_w50/ns_runs_out/ns_out_d72_nl1800_m50_w50_n600_p72_ds72_lmin1of100_lseed72_lN1000_lpnsseed1015_nsseed1028.npz,0.11853261539365136,results/d72_ds72_nl1800_m50_w50/combined_d72_ds72_nl1800_m50_w50.npz,1.990327753564412,2.0596738103592602
d72_ds72_nl1800_m50_w50,d72_nl1800_m50_w50_n600_p72_ds72_lmin1of100_lseed72_lN1000_lpnsseed1015,d72_nl1800_m50_w50_n600_p72_ds72,lmin1of100_lseed72_lN1000_lpnsseed1015,1029,2029,200,1800,-229.57869957982902,105.97156550496523,0.2402279402238829,0.24263777930735128,0.9900681621372086,results/bootstrap_runs/d72_ds72_nl1800_m50_w50/boot_method3_out/boot3_d72_nl1800_m50_w50_n600_p72_ds72_lmin1of100_lseed72_lN1000_lpnsseed1015_nsseed1029_bootseed2029.npz,results/bootstrap_runs/d72_ds72_nl1800_m50_w50/ns_runs_out/ns_out_d72_nl1800_m50_w50_n600_p72_ds72_lmin1of100_lseed72_lN1000_lpnsseed1015_nsseed1029.npz,0.11853261539365136,results/d72_ds72_nl1800_m50_w50/combined_d72_ds72_nl1800_m50_w50.npz,2.026682187228188,2.047012786325029
d72_ds72_nl1800_m50_w50,d72_nl1800_m50_w50_n600_p72_ds72_lmin1of100_lseed72_lN1000_lpnsseed1030,d72_nl1800_m50_w50_n600_p72_ds72,lmin1of100_lseed72_lN1000_lpnsseed1030,1030,2030,200,1800,-229.60841891049458,106.65229361125756,0.2601677779825093,0.24341584629698293,1.0688202183233704,results/bootstrap_runs/d72_ds72_nl1800_m50_w50/boot_method3_out/boot3_d72_nl1800_m50_w50_n600_p72_ds72_lmin1of100_lseed72_lN1000_lpnsseed1030_nsseed1030_bootseed2030.npz,results/bootstrap_runs/d72_ds72_nl1800_m50_w50/ns_runs_out/ns_out_d72_nl1800_m50_w50_n600_p72_ds72_lmin1of100_lseed72_lN1000_lpnsseed1030_nsseed1030.npz,0.11853261539365136,results/d72_ds72_nl1800_m50_w50/combined_d72_ds72_nl1800_m50_w50.npz,2.1949045595466035,2.0535769457932704
d72_ds72_nl1800_m50_w50,d72_nl1800_m50_w50_n600_p72_ds72_lmin1of100_lseed72_lN1000_lpnsseed1030,d72_nl1800_m50_w50_n600_p72_ds72,lmin1of100_lseed72_lN1000_lpnsseed1030,1031,2031,200,1800,-229.81749473570213,106.80883843429544,0.24352595695276075,0.24359442435041195,0.9997189287159023,results/bootstrap_runs/d72_ds72_nl1800_m50_w50/boot_method3_out/boot3_d72_nl1800_m50_w50_n600_p72_ds72_lmin1of100_lseed72_lN1000_lpnsseed1030_nsseed1031_bootseed2031.npz,results/bootstrap_runs/d72_ds72_nl1800_m50_w50/ns_runs_out/ns_out_d72_nl1800_m50_w50_n600_p72_ds72_lmin1of100_lseed72_lN1000_lpnsseed1030_nsseed1031.npz,0.11853261539365136,results/d72_ds72_nl1800_m50_w50/combined_d72_ds72_nl1800_m50_w50.npz,2.054505893960086,2.055083518923678
d72_ds72_nl1800_m50_w50,d72_nl1800_m50_w50_n600_p72_ds72_lmin1of100_lseed72_lN1000_lpnsseed1030,d72_nl1800_m50_w50_n600_p72_ds72,lmin1of100_lseed72_lN1000_lpnsseed1030,1032,2032,200,1800,-229.49835556170916,106.61907260817303,0.2412943918446516,0.24337793268012547,0.9914390725053438,results/bootstrap_runs/d72_ds72_nl1800_m50_w50/boot_method3_out/boot3_d72_nl1800_m50_w50_n600_p72_ds72_lmin1of100_lseed72_lN1000_lpnsseed1030_nsseed1032_bootseed2032.npz,results/bootstrap_runs/d72_ds72_nl1800_m50_w50/ns_runs_out/ns_out_d72_nl1800_m50_w50_n600_p72_ds72_lmin1of100_lseed72_lN1000_lpnsseed1030_nsseed1032.npz,0.11853261539365136,results/d72_ds72_nl1800_m50_w50/combined_d72_ds72_nl1800_m50_w50.npz,2.035679302640068,2.0532570876957204
d72_ds72_nl1800_m50_w50,d72_nl1800_m50_w50_n600_p72_ds72_lmin1of100_lseed72_lN1000_lpnsseed1030,d72_nl1800_m50_w50_n600_p72_ds72,lmin1of100_lseed72_lN1000_lpnsseed1030,1033,2033,200,1800,-229.64880684606555,106.30096907371119,0.2534840368714346,0.24301459612508783,1.0430815305470698,results/bootstrap_runs/d72_ds72_nl1800_m50_w50/boot_method3_out/boot3_d72_nl1800_m50_w50_n600_p72_ds72_lmin1of100_lseed72_lN1000_lpnsseed1030_nsseed1033_bootseed2033.npz,results/bootstrap_runs/d72_ds72_nl1800_m50_w50/ns_runs_out/ns_out_d72_nl1800_m50_w50_n600_p72_ds72_lmin1of100_lseed72_lN1000_lpnsseed1030_nsseed1033.npz,0.11853261539365136,results/d72_ds72_nl1800_m50_w50/combined_d72_ds72_nl1800_m50_w50.npz,2.1385172007687876,2.0501918001052033
d72_ds72_nl1800_m50_w50,d72_nl1800_m50_w50_n600_p72_ds72_lmin1of100_lseed72_lN1000_lpnsseed1030,d72_nl1800_m50_w50_n600_p72_ds72,lmin1of100_lseed72_lN1000_lpnsseed1030,1034,2034,200,1800,-229.16830142195386,106.16752044010147,0.24918823626024034,0.24286200979168474,1.0260486457885363,results/bootstrap_runs/d72_ds72_nl1800_m50_w50/boot_method3_out/boot3_d72_nl1800_m50_w50_n600_p72_ds72_lmin1of100_lseed72_lN1000_lpnsseed1030_nsseed1034_bootseed2034.npz,results/bootstrap_runs/d72_ds72_nl1800_m50_w50/ns_runs_out/ns_out_d72_nl1800_m50_w50_n600_p72_ds72_lmin1of100_lseed72_lN1000_lpnsseed1030_nsseed1034.npz,0.11853261539365136,results/d72_ds72_nl1800_m50_w50/combined_d72_ds72_nl1800_m50_w50.npz,2.1022756937630764,2.048904506030941
d72_ds72_nl1800_m50_w50,d72_nl1800_m50_w50_n600_p72_ds72_lmin1of100_lseed72_lN1000_lpnsseed1030,d72_nl1800_m50_w50_n600_p72_ds72,lmin1of100_lseed72_lN1000_lpnsseed1030,1035,2035,200,1800,-229.76208047374558,106.28710153476278,0.2519564007045278,0.24299874432090154,1.036862973957581,results/bootstrap_runs/d72_ds72_nl1800_m50_w50/boot_method3_out/boot3_d72_nl1800_m50_w50_n600_p72_ds72_lmin1of100_lseed72_lN1000_lpnsseed1030_nsseed1035_bootseed2035.npz,results/bootstrap_runs/d72_ds72_nl1800_m50_w50/ns_runs_out/ns_out_d72_nl1800_m50_w50_n600_p72_ds72_lmin1of100_lseed72_lN1000_lpnsseed1030_nsseed1035.npz,0.11853261539365136,results/d72_ds72_nl1800_m50_w50/combined_d72_ds72_nl1800_m50_w50.npz,2.125629303527733,2.050058066413986
d72_ds72_nl1800_m50_w50,d72_nl1800_m50_w50_n600_p72_ds72_lmin1of100_lseed72_lN1000_lpnsseed1030,d72_nl1800_m50_w50_n600_p72_ds72,lmin1of100_lseed72_lN1000_lpnsseed1030,1036,2036,200,1800,-229.2838097510695,106.28394323886253,0.25670508200364034,0.24299513396918343,1.0564206690500872,results/bootstrap_runs/d72_ds72_nl1800_m50_w50/boot_method3_out/boot3_d72_nl1800_m50_w50_n600_p72_ds72_lmin1of100_lseed72_lN1000_lpnsseed1030_nsseed1036_bootseed2036.npz,results/bootstrap_runs/d72_ds72_nl1800_m50_w50/ns_runs_out/ns_out_d72_nl1800_m50_w50_n600_p72_ds72_lmin1of100_lseed72_lN1000_lpnsseed1030_nsseed1036.npz,0.11853261539365136,results/d72_ds72_nl1800_m50_w50/combined_d72_ds72_nl1800_m50_w50.npz,2.1656915368914533,2.050027607694197
d72_ds72_nl1800_m50_w50,d72_nl1800_m50_w50_n600_p72_ds72_lmin1of100_lseed72_lN1000_lpnsseed1030,d72_nl1800_m50_w50_n600_p72_ds72,lmin1of100_lseed72_lN1000_lpnsseed1030,1037,2037,200,1800,-229.75708359518197,106.53716310744255,0.2558792904486826,0.24328442785650725,1.0517701141135263,results/bootstrap_runs/d72_ds72_nl1800_m50_w50/boot_method3_out/boot3_d72_nl1800_m50_w50_n600_p72_ds72_lmin1of100_lseed72_lN1000_lpnsseed1030_nsseed1037_bootseed2037.npz,results/bootstrap_runs/d72_ds72_nl1800_m50_w50/ns_runs_out/ns_out_d72_nl1800_m50_w50_n600_p72_ds72_lmin1of100_lseed72_lN1000_lpnsseed1030_nsseed1037.npz,0.11853261539365136,results/d72_ds72_nl1800_m50_w50/combined_d72_ds72_nl1800_m50_w50.npz,2.1587247492928223,2.0524682345745124
d72_ds72_nl1800_m50_w50,d72_nl1800_m50_w50_n600_p72_ds72_lmin1of100_lseed72_lN1000_lpnsseed1030,d72_nl1800_m50_w50_n600_p72_ds72,lmin1of100_lseed72_lN1000_lpnsseed1030,1038,2038,200,1800,-229.5670021290049,106.34292466767545,0.2585629985283915,0.24306254872594632,1.063771444361517,results/bootstrap_runs/d72_ds72_nl1800_m50_w50/boot_method3_out/boot3_d72_nl1800_m50_w50_n600_p72_ds72_lmin1of100_lseed72_lN1000_lpnsseed1030_nsseed1038_bootseed2038.npz,results/bootstrap_runs/d72_ds72_nl1800_m50_w50/ns_runs_out/ns_out_d72_nl1800_m50_w50_n600_p72_ds72_lmin1of100_lseed72_lN1000_lpnsseed1030_nsseed1038.npz,0.11853261539365136,results/d72_ds72_nl1800_m50_w50/combined_d72_ds72_nl1800_m50_w50.npz,2.1813658432296785,2.0505963520565733
d72_ds72_nl1800_m50_w50,d72_nl1800_m50_w50_n600_p72_ds72_lmin1of100_lseed72_lN1000_lpnsseed1030,d72_nl1800_m50_w50_n600_p72_ds72,lmin1of100_lseed72_lN1000_lpnsseed1030,1039,2039,200,1800,-230.08123921698723,106.5153296224399,0.2514870635907154,0.24325949749922968,1.033822178274917,results/bootstrap_runs/d72_ds72_nl1800_m50_w50/boot_method3_out/boot3_d72_nl1800_m50_w50_n600_p72_ds72_lmin1of100_lseed72_lN1000_lpnsseed1030_nsseed1039_bootseed2039.npz,results/bootstrap_runs/d72_ds72_nl1800_m50_w50/ns_runs_out/ns_out_d72_nl1800_m50_w50_n600_p72_ds72_lmin1of100_lseed72_lN1000_lpnsseed1030_nsseed1039.npz,0.11853261539365136,results/d72_ds72_nl1800_m50_w50/combined_d72_ds72_nl1800_m50_w50.npz,2.121669742589558,2.0522579097015243
d72_ds72_nl1800_m50_w50,d72_nl1800_m50_w50_n600_p72_ds72_lmin1of100_lseed72_lN1000_lpnsseed1030,d72_nl1800_m50_w50_n600_p72_ds72,lmin1of100_lseed72_lN1000_lpnsseed1030,1040,2040,200,1800,-229.43479000854123,106.59068800083678,0.24596377266213057,0.24334553394166444,1.010759345684535,results/bootstrap_runs/d72_ds72_nl1800_m50_w50/boot_method3_out/boot3_d72_nl1800_m50_w50_n600_p72_ds72_lmin1of100_lseed72_lN1000_lpnsseed1030_nsseed1040_bootseed2040.npz,results/bootstrap_runs/d72_ds72_nl1800_m50_w50/ns_runs_out/ns_out_d72_nl1800_m50_w50_n600_p72_ds72_lmin1of100_lseed72_lN1000_lpnsseed1030_nsseed1040.npz,0.11853261539365136,results/d72_ds72_nl1800_m50_w50/combined_d72_ds72_nl1800_m50_w50.npz,2.0750725177646294,2.0529837558506965
d72_ds72_nl1800_m50_w50,d72_nl1800_m50_w50_n600_p72_ds72_lmin1of100_lseed72_lN1000_lpnsseed1030,d72_nl1800_m50_w50_n600_p72_ds72,lmin1of100_lseed72_lN1000_lpnsseed1030,1041,2041,200,1800,-229.40241225635535,106.38738270509545,0.261293076182296,0.24311335114063728,1.07477880156052,results/bootstrap_runs/d72_ds72_nl1800_m50_w50/boot_method3_out/boot3_d72_nl1800_m50_w50_n600_p72_ds72_lmin1of100_lseed72_lN1000_lpnsseed1030_nsseed1041_bootseed2041.npz,results/bootstrap_runs/d72_ds72_nl1800_m50_w50/ns_runs_out/ns_out_d72_nl1800_m50_w50_n600_p72_ds72_lmin1of100_lseed72_lN1000_lpnsseed1030_nsseed1041.npz,0.11853261539365136,results/d72_ds72_nl1800_m50_w50/combined_d72_ds72_nl1800_m50_w50.npz,2.2043981339189362,2.0510249464524892
d72_ds72_nl1800_m50_w50,d72_nl1800_m50_w50_n600_p72_ds72_lmin1of100_lseed72_lN1000_lpnsseed1030,d72_nl1800_m50_w50_n600_p72_ds72,lmin1of100_lseed72_lN1000_lpnsseed1030,1042,2042,200,1800,-229.2970434044202,106.43636790030621,0.25058875196239033,0.24316931447074097,1.0305114052231377,results/bootstrap_runs/d72_ds72_nl1800_m50_w50/boot_method3_out/boot3_d72_nl1800_m50_w50_n600_p72_ds72_lmin1of100_lseed72_lN1000_lpnsseed1030_nsseed1042_bootseed2042.npz,results/bootstrap_runs/d72_ds72_nl1800_m50_w50/ns_runs_out/ns_out_d72_nl1800_m50_w50_n600_p72_ds72_lmin1of100_lseed72_lN1000_lpnsseed1030_nsseed1042.npz,0.11853261539365136,results/d72_ds72_nl1800_m50_w50/combined_d72_ds72_nl1800_m50_w50.npz,2.114091139642667,2.0514970808934434
d72_ds72_nl1800_m50_w50,d72_nl1800_m50_w50_n600_p72_ds72_lmin1of100_lseed72_lN1000_lpnsseed1030,d72_nl1800_m50_w50_n600_p72_ds72,lmin1of100_lseed72_lN1000_lpnsseed1030,1043,2043,200,1800,-230.11643742064442,106.37452049287388,0.2704386113790009,0.24309865451987672,1.1124644515746949,results/bootstrap_runs/d72_ds72_nl1800_m50_w50/boot_method3_out/boot3_d72_nl1800_m50_w50_n600_p72_ds72_lmin1of100_lseed72_lN1000_lpnsseed1030_nsseed1043_bootseed2043.npz,results/bootstrap_runs/d72_ds72_nl1800_m50_w50/ns_runs_out/ns_out_d72_nl1800_m50_w50_n600_p72_ds72_lmin1of100_lseed72_lN1000_lpnsseed1030_nsseed1043.npz,0.11853261539365136,results/d72_ds72_nl1800_m50_w50/combined_d72_ds72_nl1800_m50_w50.npz,2.281554409989722,2.050900958462249
d72_ds72_nl1800_m50_w50,d72_nl1800_m50_w50_n600_p72_ds72_lmin1of100_lseed72_lN1000_lpnsseed1030,d72_nl1800_m50_w50_n600_p72_ds72,lmin1of100_lseed72_lN1000_lpnsseed1030,1044,2044,200,1800,-229.37237594799177,106.116194794874,0.26039984130077126,0.24280329806802003,1.0724724226267373,results/bootstrap_runs/d72_ds72_nl1800_m50_w50/boot_method3_out/boot3_d72_nl1800_m50_w50_n600_p72_ds72_lmin1of100_lseed72_lN1000_lpnsseed1030_nsseed1044_bootseed2044.npz,results/bootstrap_runs/d72_ds72_nl1800_m50_w50/ns_runs_out/ns_out_d72_nl1800_m50_w50_n600_p72_ds72_lmin1of100_lseed72_lN1000_lpnsseed1030_nsseed1044.npz,0.11853261539365136,results/d72_ds72_nl1800_m50_w50/combined_d72_ds72_nl1800_m50_w50.npz,2.196862360928875,2.048409184777211
d72_ds72_nl1800_m50_w50,d72_nl1800_m50_w50_n600_p72_ds72_lmin1of100_lseed72_lN1000_lpnsseed1045,d72_nl1800_m50_w50_n600_p72_ds72,lmin1of100_lseed72_lN1000_lpnsseed1045,1045,2045,200,1800,-229.2561294340894,106.78511287395254,0.2301589684822474,0.2435673679041415,0.944949935053816,results/bootstrap_runs/d72_ds72_nl1800_m50_w50/boot_method3_out/boot3_d72_nl1800_m50_w50_n600_p72_ds72_lmin1of100_lseed72_lN1000_lpnsseed1045_nsseed1045_bootseed2045.npz,results/bootstrap_runs/d72_ds72_nl1800_m50_w50/ns_runs_out/ns_out_d72_nl1800_m50_w50_n600_p72_ds72_lmin1of100_lseed72_lN1000_lpnsseed1045_nsseed1045.npz,0.11853261539365136,results/d72_ds72_nl1800_m50_w50/combined_d72_ds72_nl1800_m50_w50.npz,1.9417353419384247,2.0548552573082515
d72_ds72_nl1800_m50_w50,d72_nl1800_m50_w50_n600_p72_ds72_lmin1of100_lseed72_lN1000_lpnsseed1045,d72_nl1800_m50_w50_n600_p72_ds72,lmin1of100_lseed72_lN1000_lpnsseed1045,1046,2046,200,1800,-229.32785413689177,105.68017347360518,0.26312900368046604,0.2423039568090794,1.0859459628543973,results/bootstrap_runs/d72_ds72_nl1800_m50_w50/boot_method3_out/boot3_d72_nl1800_m50_w50_n600_p72_ds72_lmin1of100_lseed72_lN1000_lpnsseed1045_nsseed1046_bootseed2046.npz,results/bootstrap_runs/d72_ds72_nl1800_m50_w50/ns_runs_out/ns_out_d72_nl1800_m50_w50_n600_p72_ds72_lmin1of100_lseed72_lN1000_lpnsseed1045_nsseed1046.npz,0.11853261539365136,results/d72_ds72_nl1800_m50_w50/combined_d72_ds72_nl1800_m50_w50.npz,2.2198869299104262,2.0441964939723865
d72_ds72_nl1800_m50_w50,d72_nl1800_m50_w50_n600_p72_ds72_lmin1of100_lseed72_lN1000_lpnsseed1045,d72_nl1800_m50_w50_n600_p72_ds72,lmin1of100_lseed72_lN1000_lpnsseed1045,1047,2047,200,1800,-229.34195279657567,105.68488103733766,0.24345136568678263,0.24230935351017904,1.0047130338142545,results/bootstrap_runs/d72_ds72_nl1800_m50_w50/boot_method3_out/boot3_d72_nl1800_m50_w50_n600_p72_ds72_lmin1of100_lseed72_lN1000_lpnsseed1045_nsseed1047_bootseed2047.npz,results/bootstrap_runs/d72_ds72_nl1800_m50_w50/ns_runs_out/ns_out_d72_nl1800_m50_w50_n600_p72_ds72_lmin1of100_lseed72_lN1000_lpnsseed1045_nsseed1047.npz,0.11853261539365136,results/d72_ds72_nl1800_m50_w50/combined_d72_ds72_nl1800_m50_w50.npz,2.053876605002525,2.044242023222557
d72_ds72_nl1800_m50_w50,d72_nl1800_m50_w50_n600_p72_ds72_lmin1of100_lseed72_lN1000_lpnsseed1045,d72_nl1800_m50_w50_n600_p72_ds72,lmin1of100_lseed72_lN1000_lpnsseed1045,1048,2048,200,1800,-229.34659580818902,106.61958190557067,0.27133371219155544,0.24337851396261415,1.1148630492223137,results/bootstrap_runs/d72_ds72_nl1800_m50_w50/boot_method3_out/boot3_d72_nl1800_m50_w50_n600_p72_ds72_lmin1of100_lseed72_lN1000_lpnsseed1045_nsseed1048_bootseed2048.npz,results/bootstrap_runs/d72_ds72_nl1800_m50_w50/ns_runs_out/ns_out_d72_nl1800_m50_w50_n600_p72_ds72_lmin1of100_lseed72_lN1000_lpnsseed1045_nsseed1048.npz,0.11853261539365136,results/d72_ds72_nl1800_m50_w50/combined_d72_ds72_nl1800_m50_w50.npz,2.2891059249004657,2.0532619916834265
d72_ds72_nl1800_m50_w50,d72_nl1800_m50_w50_n600_p72_ds72_lmin1of100_lseed72_lN1000_lpnsseed1045,d72_nl1800_m50_w50_n600_p72_ds72,lmin1of100_lseed72_lN1000_lpnsseed1045,1049,2049,200,1800,-229.5550933967764,105.94274341327716,0.2658962842425909,0.24260478081448203,1.096005954004343,results/bootstrap_runs/d72_ds72_nl1800_m50_w50/boot_method3_out/boot3_d72_nl1800_m50_w50_n600_p72_ds72_lmin1of100_lseed72_lN1000_lpnsseed1045_nsseed1049_bootseed2049.npz,results/bootstrap_runs/d72_ds72_nl1800_m50_w50/ns_runs_out/ns_out_d72_nl1800_m50_w50_n600_p72_ds72_lmin1of100_lseed72_lN1000_lpnsseed1045_nsseed1049.npz,0.11853261539365136,results/d72_ds72_nl1800_m50_w50/combined_d72_ds72_nl1800_m50_w50.npz,2.2432330828062734,2.0467343946540137
d72_ds72_nl1800_m50_w50,d72_nl1800_m50_w50_n600_p72_ds72_lmin1of100_lseed72_lN1000_lpnsseed1045,d72_nl1800_m50_w50_n600_p72_ds72,lmin1of100_lseed72_lN1000_lpnsseed1045,1050,2050,200,1800,-229.5346828444439,106.3116520813864,0.2463086731817972,0.24302680702775065,1.0135041322979312,results/bootstrap_runs/d72_ds72_nl1800_m50_w50/boot_method3_out/boot3_d72_nl1800_m50_w50_n600_p72_ds72_lmin1of100_lseed72_lN1000_lpnsseed1045_nsseed1050_bootseed2050.npz,results/bootstrap_runs/d72_ds72_nl1800_m50_w50/ns_runs_out/ns_out_d72_nl1800_m50_w50_n600_p72_ds72_lmin1of100_lseed72_lN1000_lpnsseed1045_nsseed1050.npz,0.11853261539365136,results/d72_ds72_nl1800_m50_w50/combined_d72_ds72_nl1800_m50_w50.npz,2.077982269806472,2.050294817343305
d72_ds72_nl1800_m50_w50,d72_nl1800_m50_w50_n600_p72_ds72_lmin1of100_lseed72_lN1000_lpnsseed1045,d72_nl1800_m50_w50_n600_p72_ds72,lmin1of100_lseed72_lN1000_lpnsseed1045,1051,2051,200,1800,-229.50605182334854,106.4667490287535,0.23760403791902812,0.24320401704096717,0.9769741503858641,results/bootstrap_runs/d72_ds72_nl1800_m50_w50/boot_method3_out/boot3_d72_nl1800_m50_w50_n600_p72_ds72_lmin1of100_lseed72_lN1000_lpnsseed1045_nsseed1051_bootseed2051.npz,results/bootstrap_runs/d72_ds72_nl1800_m50_w50/ns_runs_out/ns_out_d72_nl1800_m50_w50_n600_p72_ds72_lmin1of100_lseed72_lN1000_lpnsseed1045_nsseed1051.npz,0.11853261539365136,results/d72_ds72_nl1800_m50_w50/combined_d72_ds72_nl1800_m50_w50.npz,2.004545644504139,2.0517898490071893
d72_ds72_nl1800_m50_w50,d72_nl1800_m50_w50_n600_p72_ds72_lmin1of100_lseed72_lN1000_lpnsseed1045,d72_nl1800_m50_w50_n600_p72_ds72,lmin1of100_lseed72_lN1000_lpnsseed1045,1052,2052,200,1800,-229.6146428638728,105.84704475071909,0.25662020608733355,0.24249518294267106,1.0582486751829698,results/bootstrap_runs/d72_ds72_nl1800_m50_w50/boot_method3_out/boot3_d72_nl1800_m50_w50_n600_p72_ds72_lmin1of100_lseed72_lN1000_lpnsseed1045_nsseed1052_bootseed2052.npz,results/bootstrap_runs/d72_ds72_nl1800_m50_w50/ns_runs_out/ns_out_d72_nl1800_m50_w50_n600_p72_ds72_lmin1of100_lseed72_lN1000_lpnsseed1045_nsseed1052.npz,0.11853261539365136,results/d72_ds72_nl1800_m50_w50/combined_d72_ds72_nl1800_m50_w50.npz,2.164975481516948,2.0458097725873614
d72_ds72_nl1800_m50_w50,d72_nl1800_m50_w50_n600_p72_ds72_lmin1of100_lseed72_lN1000_lpnsseed1045,d72_nl1800_m50_w50_n600_p72_ds72,lmin1of100_lseed72_lN1000_lpnsseed1045,1053,2053,200,1800,-229.4428420541838,106.75706754225043,0.2343382149385956,0.24353538134718106,0.9622347834729029,results/bootstrap_runs/d72_ds72_nl1800_m50_w50/boot_method3_out/boot3_d72_nl1800_m50_w50_n600_p72_ds72_lmin1of100_lseed72_lN1000_lpnsseed1045_nsseed1053_bootseed2053.npz,results/bootstrap_runs/d72_ds72_nl1800_m50_w50/ns_runs_out/ns_out_d72_nl1800_m50_w50_n600_p72_ds72_lmin1of100_lseed72_lN1000_lpnsseed1045_nsseed1053.npz,0.11853261539365136,results/d72_ds72_nl1800_m50_w50/combined_d72_ds72_nl1800_m50_w50.npz,1.9769935402197059,2.054585402831033
d72_ds72_nl1800_m50_w50,d72_nl1800_m50_w50_n600_p72_ds72_lmin1of100_lseed72_lN1000_lpnsseed1045,d72_nl1800_m50_w50_n600_p72_ds72,lmin1of100_lseed72_lN1000_lpnsseed1045,1054,2054,200,1800,-229.84772090484256,106.96824095816775,0.2394604450956096,0.24377612789671474,0.9822965323211071,results/bootstrap_runs/d72_ds72_nl1800_m50_w50/boot_method3_out/boot3_d72_nl1800_m50_w50_n600_p72_ds72_lmin1of100_lseed72_lN1000_lpnsseed1045_nsseed1054_bootseed2054.npz,results/bootstrap_runs/d72_ds72_nl1800_m50_w50/ns_runs_out/ns_out_d72_nl1800_m50_w50_n600_p72_ds72_lmin1of100_lseed72_lN1000_lpnsseed1045_nsseed1054.npz,0.11853261539365136,results/d72_ds72_nl1800_m50_w50/combined_d72_ds72_nl1800_m50_w50.npz,2.020207217231749,2.0566164602639105
d72_ds72_nl1800_m50_w50,d72_nl1800_m50_w50_n600_p72_ds72_lmin1of100_lseed72_lN1000_lpnsseed1045,d72_nl1800_m50_w50_n600_p72_ds72,lmin1of100_lseed72_lN1000_lpnsseed1045,1055,2055,200,1800,-229.77770517775642,106.70846752257663,0.2262866412252362,0.2434799415906514,0.9293851466650945,results/bootstrap_runs/d72_ds72_nl1800_m50_w50/boot_method3_out/boot3_d72_nl1800_m50_w50_n600_p72_ds72_lmin1of100_lseed72_lN1000_lpnsseed1045_nsseed1055_bootseed2055.npz,results/bootstrap_runs/d72_ds72_nl1800_m50_w50/ns_runs_out/ns_out_d72_nl1800_m50_w50_n600_p72_ds72_lmin1of100_lseed72_lN1000_lpnsseed1045_nsseed1055.npz,0.11853261539365136,results/d72_ds72_nl1800_m50_w50/combined_d72_ds72_nl1800_m50_w50.npz,1.909066466421327,2.0541176855167262
d72_ds72_nl1800_m50_w50,d72_nl1800_m50_w50_n600_p72_ds72_lmin1of100_lseed72_lN1000_lpnsseed1045,d72_nl1800_m50_w50_n600_p72_ds72,lmin1of100_lseed72_lN1000_lpnsseed1045,1056,2056,200,1800,-229.14746563803774,106.515760514503,0.2601030702315536,0.2432599895339495,1.0692390093819908,results/bootstrap_runs/d72_ds72_nl1800_m50_w50/boot_method3_out/boot3_d72_nl1800_m50_w50_n600_p72_ds72_lmin1of100_lseed72_lN1000_lpnsseed1045_nsseed1056_bootseed2056.npz,results/bootstrap_runs/d72_ds72_nl1800_m50_w50/ns_runs_out/ns_out_d72_nl1800_m50_w50_n600_p72_ds72_lmin1of100_lseed72_lN1000_lpnsseed1045_nsseed1056.npz,0.11853261539365136,results/d72_ds72_nl1800_m50_w50/combined_d72_ds72_nl1800_m50_w50.npz,2.1943586528293615,2.0522620607507376
d72_ds72_nl1800_m50_w50,d72_nl1800_m50_w50_n600_p72_ds72_lmin1of100_lseed72_lN1000_lpnsseed1045,d72_nl1800_m50_w50_n600_p72_ds72,lmin1of100_lseed72_lN1000_lpnsseed1045,1057,2057,200,1800,-229.29529461167525,106.78159383982018,0.24195151499815745,0.24356335456876305,0.9933822574686598,results/bootstrap_runs/d72_ds72_nl1800_m50_w50/boot_method3_out/boot3_d72_nl1800_m50_w50_n600_p72_ds72_lmin1of100_lseed72_lN1000_lpnsseed1045_nsseed1057_bootseed2057.npz,results/bootstrap_runs/d72_ds72_nl1800_m50_w50/ns_runs_out/ns_out_d72_nl1800_m50_w50_n600_p72_ds72_lmin1of100_lseed72_lN1000_lpnsseed1045_nsseed1057.npz,0.11853261539365136,results/d72_ds72_nl1800_m50_w50/combined_d72_ds72_nl1800_m50_w50.npz,2.0412231198529383,2.0548213988182056
d72_ds72_nl1800_m50_w50,d72_nl1800_m50_w50_n600_p72_ds72_lmin1of100_lseed72_lN1000_lpnsseed1045,d72_nl1800_m50_w50_n600_p72_ds72,lmin1of100_lseed72_lN1000_lpnsseed1045,1058,2058,200,1800,-229.51859388998997,106.08463418692388,0.2586340024981746,0.24276718864299676,1.0653581480424477,results/bootstrap_runs/d72_ds72_nl1800_m50_w50/boot_method3_out/boot3_d72_nl1800_m50_w50_n600_p72_ds72_lmin1of100_lseed72_lN1000_lpnsseed1045_nsseed1058_bootseed2058.npz,results/bootstrap_runs/d72_ds72_nl1800_m50_w50/ns_runs_out/ns_out_d72_nl1800_m50_w50_n600_p72_ds72_lmin1of100_lseed72_lN1000_lpnsseed1045_nsseed1058.npz,0.11853261539365136,results/d72_ds72_nl1800_m50_w50/combined_d72_ds72_nl1800_m50_w50.npz,2.1819648679752923,2.048104547737833
d72_ds72_nl1800_m50_w50,d72_nl1800_m50_w50_n600_p72_ds72_lmin1of100_lseed72_lN1000_lpnsseed1045,d72_nl1800_m50_w50_n600_p72_ds72,lmin1of100_lseed72_lN1000_lpnsseed1045,1059,2059,200,1800,-230.03573242252097,106.65449818117887,0.26006793075446655,0.24341836206322606,1.0683989841609232,results/bootstrap_runs/d72_ds72_nl1800_m50_w50/boot_method3_out/boot3_d72_nl1800_m50_w50_n600_p72_ds72_lmin1of100_lseed72_lN1000_lpnsseed1045_nsseed1059_bootseed2059.npz,results/bootstrap_runs/d72_ds72_nl1800_m50_w50/ns_runs_out/ns_out_d72_nl1800_m50_w50_n600_p72_ds72_lmin1of100_lseed72_lN1000_lpnsseed1045_nsseed1059.npz,0.11853261539365136,results/d72_ds72_nl1800_m50_w50/combined_d72_ds72_nl1800_m50_w50.npz,2.194062198752394,2.0535981700464836
nl100_m20_w20,d12_nl100_m20_w20_n600_p12_ds415_lmin1of100_lseed415_lN1000_lpnsseed1000,d12_nl100_m20_w20_n600_p12_ds415,lmin1of100_lseed415_lN1000_lpnsseed1000,1000,2000,200,100,-182.00041645806797,26.210588403847883,0.5251187166038548,0.5119627760281785,1.02569706469236,results/bootstrap_runs/nl100_m20_w20/boot_method3_out/boot3_d12_nl100_m20_w20_n600_p12_ds415_lmin1of100_lseed415_lN1000_lpnsseed1000_nsseed1000_bootseed2000.npz,results/bootstrap_runs/nl100_m20_w20/ns_runs_out/ns_out_d12_nl100_m20_w20_n600_p12_ds415_lmin1of100_lseed415_lN1000_lpnsseed1000_nsseed1000.npz,0.583743127326304,results/nl100_m20_w20/combined_nl100_m20_w20.npz,0.8995715615685888,0.8770343530605693
nl100_m20_w20,d12_nl100_m20_w20_n600_p12_ds415_lmin1of100_lseed415_lN1000_lpnsseed1000,d12_nl100_m20_w20_n600_p12_ds415,lmin1of100_lseed415_lN1000_lpnsseed1000,1001,2001,200,100,-181.51218735033083,26.16840333040049,0.4589241492318234,0.5115506165610642,0.8971236362043193,results/bootstrap_runs/nl100_m20_w20/boot_method3_out/boot3_d12_nl100_m20_w20_n600_p12_ds415_lmin1of100_lseed415_lN1000_lpnsseed1000_nsseed1001_bootseed2001.npz,results/bootstrap_runs/nl100_m20_w20/ns_runs_out/ns_out_d12_nl100_m20_w20_n600_p12_ds415_lmin1of100_lseed415_lN1000_lpnsseed1000_nsseed1001.npz,0.583743127326304,results/nl100_m20_w20/combined_nl100_m20_w20.npz,0.7861748220211446,0.876328289986213
nl100_m20_w20,d12_nl100_m20_w20_n600_p12_ds415_lmin1of100_lseed415_lN1000_lpnsseed1000,d12_nl100_m20_w20_n600_p12_ds415,lmin1of100_lseed415_lN1000_lpnsseed1000,1002,2002,200,100,-181.44714982280286,25.42756962110911,0.48567676380665503,0.5042575693146223,0.9631521535051581,results/bootstrap_runs/nl100_m20_w20/boot_method3_out/boot3_d12_nl100_m20_w20_n600_p12_ds415_lmin1of100_lseed415_lN1000_lpnsseed1000_nsseed1002_bootseed2002.npz,results/bootstrap_runs/nl100_m20_w20/ns_runs_out/ns_out_d12_nl100_m20_w20_n600_p12_ds415_lmin1of100_lseed415_lN1000_lpnsseed1000_nsseed1002.npz,0.583743127326304,results/nl100_m20_w20/combined_nl100_m20_w20.npz,0.832004251649491,0.8638347000747636
nl100_m20_w20,d12_nl100_m20_w20_n600_p12_ds415_lmin1of100_lseed415_lN1000_lpnsseed1000,d12_nl100_m20_w20_n600_p12_ds415,lmin1of100_lseed415_lN1000_lpnsseed1000,1003,2003,200,100,-181.94404016562635,26.548043069031337,0.5338204392722611,0.5152479312819348,1.0360457691583893,results/bootstrap_runs/nl100_m20_w20/boot_method3_out/boot3_d12_nl100_m20_w20_n600_p12_ds415_lmin1of100_lseed415_lN1000_lpnsseed1000_nsseed1003_bootseed2003.npz,results/bootstrap_runs/nl100_m20_w20/ns_runs_out/ns_out_d12_nl100_m20_w20_n600_p12_ds415_lmin1of100_lseed415_lN1000_lpnsseed1000_nsseed1003.npz,0.583743127326304,results/nl100_m20_w20/combined_nl100_m20_w20.npz,0.9144783283655915,0.8826620942706511
nl100_m20_w20,d12_nl100_m20_w20_n600_p12_ds415_lmin1of100_lseed415_lN1000_lpnsseed1000,d12_nl100_m20_w20_n600_p12_ds415,lmin1of100_lseed415_lN1000_lpnsseed1000,1004,2004,200,100,-182.61869461920048,27.091888214512274,0.5266661040275216,0.520498686016711,1.011849055869879,results/bootstrap_runs/nl100_m20_w20/boot_method3_out/boot3_d12_nl100_m20_w20_n600_p12_ds415_lmin1of100_lseed415_lN1000_lpnsseed1000_nsseed1004_bootseed2004.npz,results/bootstrap_runs/nl100_m20_w20/ns_runs_out/ns_out_d12_nl100_m20_w20_n600_p12_ds415_lmin1of100_lseed415_lN1000_lpnsseed1000_nsseed1004.npz,0.583743127326304,results/nl100_m20_w20/combined_nl100_m20_w20.npz,0.9022223635245008,0.8916570690960097
nl100_m20_w20,d12_nl100_m20_w20_n600_p12_ds415_lmin1of100_lseed415_lN1000_lpnsseed1000,d12_nl100_m20_w20_n600_p12_ds415,lmin1of100_lseed415_lN1000_lpnsseed1000,1005,2005,200,100,-181.34219227361356,25.42832058567276,0.4924432523537363,0.5042650154995165,0.9765564479342875,results/bootstrap_runs/nl100_m20_w20/boot_method3_out/boot3_d12_nl100_m20_w20_n600_p12_ds415_lmin1of100_lseed415_lN1000_lpnsseed1000_nsseed1005_bootseed2005.npz,results/bootstrap_runs/nl100_m20_w20/ns_runs_out/ns_out_d12_nl100_m20_w20_n600_p12_ds415_lmin1of100_lseed415_lN1000_lpnsseed1000_nsseed1005.npz,0.583743127326304,results/nl100_m20_w20/combined_nl100_m20_w20.npz,0.8435958031904462,0.8638474560020639
nl100_m20_w20,d12_nl100_m20_w20_n600_p12_ds415_lmin1of100_lseed415_lN1000_lpnsseed1000,d12_nl100_m20_w20_n600_p12_ds415,lmin1of100_lseed415_lN1000_lpnsseed1000,1006,2006,200,100,-181.53160539983278,25.97465825468753,0.5223171920858556,0.5096533945210954,1.0248478626864832,results/bootstrap_runs/nl100_m20_w20/boot_method3_out/boot3_d12_nl100_m20_w20_n600_p12_ds415_lmin1of100_lseed415_lN1000_lpnsseed1000_nsseed1006_bootseed2006.npz,results/bootstrap_runs/nl100_m20_w20/ns_runs_out/ns_out_d12_nl100_m20_w20_n600_p12_ds415_lmin1of100_lseed415_lN1000_lpnsseed1000_nsseed1006.npz,0.583743127326304,results/nl100_m20_w20/combined_nl100_m20_w20.npz,0.8947723195957866,0.8730781925526748
nl100_m20_w20,d12_nl100_m20_w20_n600_p12_ds415_lmin1of100_lseed415_lN1000_lpnsseed1000,d12_nl100_m20_w20_n600_p12_ds415,lmin1of100_lseed415_lN1000_lpnsseed1000,1007,2007,200,100,-180.9424031448879,25.429819076855217,0.4943721402790895,0.5042798734517889,0.9803527094887188,results/bootstrap_runs/nl100_m20_w20/boot_method3_out/boot3_d12_nl100_m20_w20_n600_p12_ds415_lmin1of100_lseed415_lN1000_lpnsseed1000_nsseed1007_bootseed2007.npz,results/bootstrap_runs/nl100_m20_w20/ns_runs_out/ns_out_d12_nl100_m20_w20_n600_p12_ds415_lmin1of100_lseed415_lN1000_lpnsseed1000_nsseed1007.npz,0.583743127326304,results/nl100_m20_w20/combined_nl100_m20_w20.npz,0.8469001468907104,0.863872908896628
nl100_m20_w20,d12_nl100_m20_w20_n600_p12_ds415_lmin1of100_lseed415_lN1000_lpnsseed1000,d12_nl100_m20_w20_n600_p12_ds415,lmin1of100_lseed415_lN1000_lpnsseed1000,1008,2008,200,100,-181.92081907216595,26.979988801214223,0.4830071890642769,0.5194226487285111,0.9298924300790982,results/bootstrap_runs/nl100_m20_w20/boot_method3_out/boot3_d12_nl100_m20_w20_n600_p12_ds415_lmin1of100_lseed415_lN1000_lpnsseed1000_nsseed1008_bootseed2008.npz,results/bootstrap_runs/nl100_m20_w20/ns_runs_out/ns_out_d12_nl100_m20_w20_n600_p12_ds415_lmin1of100_lseed415_lN1000_lpnsseed1000_nsseed1008.npz,0.583743127326304,results/nl100_m20_w20/combined_nl100_m20_w20.npz,0.8274310504974611,0.88981372869879
nl100_m20_w20,d12_nl100_m20_w20_n600_p12_ds415_lmin1of100_lseed415_lN1000_lpnsseed1000,d12_nl100_m20_w20_n600_p12_ds415,lmin1of100_lseed415_lN1000_lpnsseed1000,1009,2009,200,100,-181.5005894045695,25.87334066711343,0.4958172914843974,0.5086584381204486,0.9747548734598785,results/bootstrap_runs/nl100_m20_w20/boot_method3_out/boot3_d12_nl100_m20_w20_n600_p12_ds415_lmin1of100_lseed415_lN1000_lpnsseed1000_nsseed1009_bootseed2009.npz,results/bootstrap_runs/nl100_m20_w20/ns_runs_out/ns_out_d12_nl100_m20_w20_n600_p12_ds415_lmin1of100_lseed415_lN1000_lpnsseed1000_nsseed1009.npz,0.583743127326304,results/nl100_m20_w20/combined_nl100_m20_w20.npz,0.8493758097938903,0.8713737503861282
nl100_m20_w20,d12_nl100_m20_w20_n600_p12_ds415_lmin1of100_lseed415_lN1000_lpnsseed1000,d12_nl100_m20_w20_n600_p12_ds415,lmin1of100_lseed415_lN1000_lpnsseed1000,1010,2010,200,100,-180.71874000613835,25.67290501940127,0.5272413881526553,0.5066843693997405,1.040571645770854,results/bootstrap_runs/nl100_m20_w20/boot_method3_out/boot3_d12_nl100_m20_w20_n600_p12_ds415_lmin1of100_lseed415_lN1000_lpnsseed1000_nsseed1010_bootseed2010.npz,results/bootstrap_runs/nl100_m20_w20/ns_runs_out/ns_out_d12_nl100_m20_w20_n600_p12_ds415_lmin1of100_lseed415_lN1000_lpnsseed1000_nsseed1010.npz,0.583743127326304,results/nl100_m20_w20/combined_nl100_m20_w20.npz,0.9032078725578468,0.8679920082665252
nl100_m20_w20,d12_nl100_m20_w20_n600_p12_ds415_lmin1of100_lseed415_lN1000_lpnsseed1000,d12_nl100_m20_w20_n600_p12_ds415,lmin1of100_lseed415_lN1000_lpnsseed1000,1011,2011,200,100,-181.57527253525396,26.01963233134331,0.49550516653012533,0.5100944258795945,0.9713989045767127,results/bootstrap_runs/nl100_m20_w20/boot_method3_out/boot3_d12_nl100_m20_w20_n600_p12_ds415_lmin1of100_lseed415_lN1000_lpnsseed1000_nsseed1011_bootseed2011.npz,results/bootstrap_runs/nl100_m20_w20/ns_runs_out/ns_out_d12_nl100_m20_w20_n600_p12_ds415_lmin1of100_lseed415_lN1000_lpnsseed1000_nsseed1011.npz,0.583743127326304,results/nl100_m20_w20/combined_nl100_m20_w20.npz,0.8488411140695882,0.8738337155521818
nl100_m20_w20,d12_nl100_m20_w20_n600_p12_ds415_lmin1of100_lseed415_lN1000_lpnsseed1000,d12_nl100_m20_w20_n600_p12_ds415,lmin1of100_lseed415_lN1000_lpnsseed1000,1012,2012,200,100,-182.26668240675517,26.855608903652058,0.49071190921804975,0.5182239757445815,0.94691085743958,results/bootstrap_runs/nl100_m20_w20/boot_method3_out/boot3_d12_nl100_m20_w20_n600_p12_ds415_lmin1of100_lseed415_lN1000_lpnsseed1000_nsseed1012_bootseed2012.npz,results/bootstrap_runs/nl100_m20_w20/ns_runs_out/ns_out_d12_nl100_m20_w20_n600_p12_ds415_lmin1of100_lseed415_lN1000_lpnsseed1000_nsseed1012.npz,0.583743127326304,results/nl100_m20_w20/combined_nl100_m20_w20.npz,0.84062986996633,0.8877603032658948
nl100_m20_w20,d12_nl100_m20_w20_n600_p12_ds415_lmin1of100_lseed415_lN1000_lpnsseed1000,d12_nl100_m20_w20_n600_p12_ds415,lmin1of100_lseed415_lN1000_lpnsseed1000,1013,2013,200,100,-181.37461825554263,26.399967055086826,0.5297687084084162,0.5138089825517537,1.031061593702393,results/bootstrap_runs/nl100_m20_w20/boot_method3_out/boot3_d12_nl100_m20_w20_n600_p12_ds415_lmin1of100_lseed415_lN1000_lpnsseed1000_nsseed1013_bootseed2013.npz,results/bootstrap_runs/nl100_m20_w20/ns_runs_out/ns_out_d12_nl100_m20_w20_n600_p12_ds415_lmin1of100_lseed415_lN1000_lpnsseed1000_nsseed1013.npz,0.583743127326304,results/nl100_m20_w20/combined_nl100_m20_w20.npz,0.9075373800714285,0.8801970567176235
nl100_m20_w20,d12_nl100_m20_w20_n600_p12_ds415_lmin1of100_lseed415_lN1000_lpnsseed1000,d12_nl100_m20_w20_n600_p12_ds415,lmin1of100_lseed415_lN1000_lpnsseed1000,1014,2014,200,100,-181.75159859131773,26.447749588189538,0.5278127845203104,0.5142737557778886,1.0263265013824063,results/bootstrap_runs/nl100_m20_w20/boot_method3_out/boot3_d12_nl100_m20_w20_n600_p12_ds415_lmin1of100_lseed415_lN1000_lpnsseed1000_nsseed1014_bootseed2014.npz,results/bootstrap_runs/nl100_m20_w20/ns_runs_out/ns_out_d12_nl100_m20_w20_n600_p12_ds415_lmin1of100_lseed415_lN1000_lpnsseed1000_nsseed1014.npz,0.583743127326304,results/nl100_m20_w20/combined_nl100_m20_w20.npz,0.9041867215427972,0.8809932514895665
nl100_m20_w20,d12_nl100_m20_w20_n600_p12_ds415_lmin1of100_lseed415_lN1000_lpnsseed1000,d12_nl100_m20_w20_n600_p12_ds415,lmin1of100_lseed415_lN1000_lpnsseed1000,1015,2015,200,100,-182.50527347283423,26.912275158511747,0.5006202217919806,0.5187704228125554,0.9650130380946316,results/bootstrap_runs/nl100_m20_w20/boot_method3_out/boot3_d12_nl100_m20_w20_n600_p12_ds415_lmin1of100_lseed415_lN1000_lpnsseed1000_nsseed1015_bootseed2015.npz,results/bootstrap_runs/nl100_m20_w20/ns_runs_out/ns_out_d12_nl100_m20_w20_n600_p12_ds415_lmin1of100_lseed415_lN1000_lpnsseed1000_nsseed1015.npz,0.583743127326304,results/nl100_m20_w20/combined_nl100_m20_w20.npz,0.8576036245342229,0.8886964120479832
nl100_m20_w20,d12_nl100_m20_w20_n600_p12_ds415_lmin1of100_lseed415_lN1000_lpnsseed1000,d12_nl100_m20_w20_n600_p12_ds415,lmin1of100_lseed415_lN1000_lpnsseed1000,1016,2016,200,100,-182.1971165931629,26.369070543541913,0.48648139004705454,0.5135082330746208,0.9473682381570719,results/bootstrap_runs/nl100_m20_w20/boot_method3_out/boot3_d12_nl100_m20_w20_n600_p12_ds415_lmin1of100_lseed415_lN1000_lpnsseed1000_nsseed1016_bootseed2016.npz,results/bootstrap_runs/nl100_m20_w20/ns_runs_out/ns_out_d12_nl100_m20_w20_n600_p12_ds415_lmin1of100_lseed415_lN1000_lpnsseed1000_nsseed1016.npz,0.583743127326304,results/nl100_m20_w20/combined_nl100_m20_w20.npz,0.833382642593612,0.8796818481214891
nl100_m20_w20,d12_nl100_m20_w20_n600_p12_ds415_lmin1of100_lseed415_lN1000_lpnsseed1000,d12_nl100_m20_w20_n600_p12_ds415,lmin1of100_lseed415_lN1000_lpnsseed1000,1017,2017,200,100,-181.84749610830457,26.635150611548966,0.5380687881247334,0.5160925363880877,1.042581998744737,results/bootstrap_runs/nl100_m20_w20/boot_method3_out/boot3_d12_nl100_m20_w20_n600_p12_ds415_lmin1of100_lseed415_lN1000_lpnsseed1000_nsseed1017_bootseed2017.npz,results/bootstrap_runs/nl100_m20_w20/ns_runs_out/ns_out_d12_nl100_m20_w20_n600_p12_ds415_lmin1of100_lseed415_lN1000_lpnsseed1000_nsseed1017.npz,0.583743127326304,results/nl100_m20_w20/combined_nl100_m20_w20.npz,0.921756099449477,0.8841089723007556
nl100_m20_w20,d12_nl100_m20_w20_n600_p12_ds415_lmin1of100_lseed415_lN1000_lpnsseed1000,d12_nl100_m20_w20_n600_p12_ds415,lmin1of100_lseed415_lN1000_lpnsseed1000,1018,2018,200,100,-181.66849624113695,26.134869053278074,0.5385436468152794,0.5112227406256306,1.0534422748022003,results/bootstrap_runs/nl100_m20_w20/boot_method3_out/boot3_d12_nl100_m20_w20_n600_p12_ds415_lmin1of100_lseed415_lN1000_lpnsseed1000_nsseed1018_bootseed2018.npz,results/bootstrap_runs/nl100_m20_w20/ns_runs_out/ns_out_d12_nl100_m20_w20_n600_p12_ds415_lmin1of100_lseed415_lN1000_lpnsseed1000_nsseed1018.npz,0.583743127326304,results/nl100_m20_w20/combined_nl100_m20_w20.npz,0.922569571451659,0.8757666115353928
nl100_m20_w20,d12_nl100_m20_w20_n600_p12_ds415_lmin1of100_lseed415_lN1000_lpnsseed1000,d12_nl100_m20_w20_n600_p12_ds415,lmin1of100_lseed415_lN1000_lpnsseed1000,1019,2019,200,100,-181.85900555879812,26.32506587623168,0.5384575081200585,0.513079583263958,1.0494619659091846,results/bootstrap_runs/nl100_m20_w20/boot_method3_out/boot3_d12_nl100_m20_w20_n600_p12_ds415_lmin1of100_lseed415_lN1000_lpnsseed1000_nsseed1019_bootseed2019.npz,results/bootstrap_runs/nl100_m20_w20/ns_runs_out/ns_out_d12_nl100_m20_w20_n600_p12_ds415_lmin1of100_lseed415_lN1000_lpnsseed1000_nsseed1019.npz,0.583743127326304,results/nl100_m20_w20/combined_nl100_m20_w20.npz,0.9224220087803596,0.8789475357320206
nl100_m20_w20,d12_nl100_m20_w20_n600_p12_ds415_lmin1of100_lseed415_lN1000_lpnsseed1000,d12_nl100_m20_w20_n600_p12_ds415,lmin1of100_lseed415_lN1000_lpnsseed1000,1020,2020,200,100,-183.053840942773,27.290077161142445,0.5204374448010642,0.5223990539917013,0.9962449985779105,results/bootstrap_runs/nl100_m20_w20/boot_method3_out/boot3_d12_nl100_m20_w20_n600_p12_ds415_lmin1of100_lseed415_lN1000_lpnsseed1000_nsseed1020_bootseed2020.npz,results/bootstrap_runs/nl100_m20_w20/ns_runs_out/ns_out_d12_nl100_m20_w20_n600_p12_ds415_lmin1of100_lseed415_lN1000_lpnsseed1000_nsseed1020.npz,0.583743127326304,results/nl100_m20_w20/combined_nl100_m20_w20.npz,0.8915521578554658,0.8949125557750469
nl100_m20_w20,d12_nl100_m20_w20_n600_p12_ds415_lmin1of100_lseed415_lN1000_lpnsseed1000,d12_nl100_m20_w20_n600_p12_ds415,lmin1of100_lseed415_lN1000_lpnsseed1000,1021,2021,200,100,-182.02283316706735,26.49736755596027,0.5709549645583998,0.5147559378575469,1.109176062999404,results/bootstrap_runs/nl100_m20_w20/boot_method3_out/boot3_d12_nl100_m20_w20_n600_p12_ds415_lmin1of100_lseed415_lN1000_lpnsseed1000_nsseed1021_bootseed2021.npz,results/bootstrap_runs/nl100_m20_w20/ns_runs_out/ns_out_d12_nl100_m20_w20_n600_p12_ds415_lmin1of100_lseed415_lN1000_lpnsseed1000_nsseed1021.npz,0.583743127326304,results/nl100_m20_w20/combined_nl100_m20_w20.npz,0.9780928251327303,0.8818192690597723
nl100_m20_w20,d12_nl100_m20_w20_n600_p12_ds415_lmin1of100_lseed415_lN1000_lpnsseed1000,d12_nl100_m20_w20_n600_p12_ds415,lmin1of100_lseed415_lN1000_lpnsseed1000,1022,2022,200,100,-181.68601021449334,26.389276603762955,0.4770164158631872,0.5137049406396921,0.9285805491167393,results/bootstrap_runs/nl100_m20_w20/boot_method3_out/boot3_d12_nl100_m20_w20_n600_p12_ds415_lmin1of100_lseed415_lN1000_lpnsseed1000_nsseed1022_bootseed2022.npz,results/bootstrap_runs/nl100_m20_w20/ns_runs_out/ns_out_d12_nl100_m20_w20_n600_p12_ds415_lmin1of100_lseed415_lN1000_lpnsseed1000_nsseed1022.npz,0.583743127326304,results/nl100_m20_w20/combined_nl100_m20_w20.npz,0.817168363160089,0.8800188243630293
nl100_m20_w20,d12_nl100_m20_w20_n600_p12_ds415_lmin1of100_lseed415_lN1000_lpnsseed1000,d12_nl100_m20_w20_n600_p12_ds415,lmin1of100_lseed415_lN1000_lpnsseed1000,1023,2023,200,100,-181.41136732443601,26.162134106415458,0.47612362457821356,0.5114893362174373,0.9308573822853081,results/bootstrap_runs/nl100_m20_w20/boot_method3_out/boot3_d12_nl100_m20_w20_n600_p12_ds415_lmin1of100_lseed415_lN1000_lpnsseed1000_nsseed1023_bootseed2023.npz,results/bootstrap_runs/nl100_m20_w20/ns_runs_out/ns_out_d12_nl100_m20_w20_n600_p12_ds415_lmin1of100_lseed415_lN1000_lpnsseed1000_nsseed1023.npz,0.583743127326304,results/nl100_m20_w20/combined_nl100_m20_w20.npz,0.8156389382415244,0.8762233117162203
nl100_m20_w20,d12_nl100_m20_w20_n600_p12_ds415_lmin1of100_lseed415_lN1000_lpnsseed1000,d12_nl100_m20_w20_n600_p12_ds415,lmin1of100_lseed415_lN1000_lpnsseed1000,1024,2024,200,100,-181.64466715686711,25.838083266567217,0.5398068364692197,0.508311747518855,1.0619601831043584,results/bootstrap_runs/nl100_m20_w20/boot_method3_out/boot3_d12_nl100_m20_w20_n600_p12_ds415_lmin1of100_lseed415_lN1000_lpnsseed1000_nsseed1024_bootseed2024.npz,results/bootstrap_runs/nl100_m20_w20/ns_runs_out/ns_out_d12_nl100_m20_w20_n600_p12_ds415_lmin1of100_lseed415_lN1000_lpnsseed1000_nsseed1024.npz,0.583743127326304,results/nl100_m20_w20/combined_nl100_m20_w20.npz,0.9247335192478857,0.8707798408643467
nl100_m20_w20,d12_nl100_m20_w20_n600_p12_ds415_lmin1of100_lseed415_lN1000_lpnsseed1000,d12_nl100_m20_w20_n600_p12_ds415,lmin1of100_lseed415_lN1000_lpnsseed1000,1025,2025,200,100,-182.08155553771172,26.587069409489565,0.5521571338832837,0.5156265063928499,1.070847070578256,results/bootstrap_runs/nl100_m20_w20/boot_method3_out/boot3_d12_nl100_m20_w20_n600_p12_ds415_lmin1of100_lseed415_lN1000_lpnsseed1000_nsseed1025_bootseed2025.npz,results/bootstrap_runs/nl100_m20_w20/ns_runs_out/ns_out_d12_nl100_m20_w20_n600_p12_ds415_lmin1of100_lseed415_lN1000_lpnsseed1000_nsseed1025.npz,0.583743127326304,results/nl100_m20_w20/combined_nl100_m20_w20.npz,0.9458905947420874,0.8833106245799485
nl100_m20_w20,d12_nl100_m20_w20_n600_p12_ds415_lmin1of100_lseed415_lN1000_lpnsseed1000,d12_nl100_m20_w20_n600_p12_ds415,lmin1of100_lseed415_lN1000_lpnsseed1000,1026,2026,200,100,-181.49235312175227,26.30044596103691,0.4583310597236171,0.5128396041749985,0.8937122952134928,results/bootstrap_runs/nl100_m20_w20/boot_method3_out/boot3_d12_nl100_m20_w20_n600_p12_ds415_lmin1of100_lseed415_lN1000_lpnsseed1000_nsseed1026_bootseed2026.npz,results/bootstrap_runs/nl100_m20_w20/ns_runs_out/ns_out_d12_nl100_m20_w20_n600_p12_ds415_lmin1of100_lseed415_lN1000_lpnsseed1000_nsseed1026.npz,0.583743127326304,results/nl100_m20_w20/combined_nl100_m20_w20.npz,0.785158810901797,0.8785364318102346
nl100_m20_w20,d12_nl100_m20_w20_n600_p12_ds415_lmin1of100_lseed415_lN1000_lpnsseed1000,d12_nl100_m20_w20_n600_p12_ds415,lmin1of100_lseed415_lN1000_lpnsseed1000,1027,2027,200,100,-181.9983981300233,26.624388368316747,0.5111692397433916,0.5159882592493432,0.9906606024079649,results/bootstrap_runs/nl100_m20_w20/boot_method3_out/boot3_d12_nl100_m20_w20_n600_p12_ds415_lmin1of100_lseed415_lN1000_lpnsseed1000_nsseed1027_bootseed2027.npz,results/bootstrap_runs/nl100_m20_w20/ns_runs_out/ns_out_d12_nl100_m20_w20_n600_p12_ds415_lmin1of100_lseed415_lN1000_lpnsseed1000_nsseed1027.npz,0.583743127326304,results/nl100_m20_w20/combined_nl100_m20_w20.npz,0.8756749601227517,0.8839303369835021
nl100_m20_w20,d12_nl100_m20_w20_n600_p12_ds415_lmin1of100_lseed415_lN1000_lpnsseed1000,d12_nl100_m20_w20_n600_p12_ds415,lmin1of100_lseed415_lN1000_lpnsseed1000,1028,2028,200,100,-181.1748304002801,26.04215301064511,0.45745146668412573,0.5103151282359275,0.8964097699111088,results/bootstrap_runs/nl100_m20_w20/boot_method3_out/boot3_d12_nl100_m20_w20_n600_p12_ds415_lmin1of100_lseed415_lN1000_lpnsseed1000_nsseed1028_bootseed2028.npz,results/bootstrap_runs/nl100_m20_w20/ns_runs_out/ns_out_d12_nl100_m20_w20_n600_p12_ds415_lmin1of100_lseed415_lN1000_lpnsseed1000_nsseed1028.npz,0.583743127326304,results/nl100_m20_w20/combined_nl100_m20_w20.npz,0.7836519956635258,0.8742117968451365
nl100_m20_w20,d12_nl100_m20_w20_n600_p12_ds415_lmin1of100_lseed415_lN1000_lpnsseed1000,d12_nl100_m20_w20_n600_p12_ds415,lmin1of100_lseed415_lN1000_lpnsseed1000,1029,2029,200,100,-182.0834913422762,26.865531994195138,0.4585265803317607,0.518319708232237,0.8846404507665651,results/bootstrap_runs/nl100_m20_w20/boot_method3_out/boot3_d12_nl100_m20_w20_n600_p12_ds415_lmin1of100_lseed415_lN1000_lpnsseed1000_nsseed1029_bootseed2029.npz,results/bootstrap_runs/nl100_m20_w20/ns_runs_out/ns_out_d12_nl100_m20_w20_n600_p12_ds415_lmin1of100_lseed415_lN1000_lpnsseed1000_nsseed1029.npz,0.583743127326304,results/nl100_m20_w20/combined_nl100_m20_w20.npz,0.7854937537884724,0.8879243008928889
nl100_m20_w20,d12_nl100_m20_w20_n600_p12_ds415_lmin1of100_lseed415_lN1000_lpnsseed1000,d12_nl100_m20_w20_n600_p12_ds415,lmin1of100_lseed415_lN1000_lpnsseed1000,1030,2030,200,100,-182.33628435657926,26.801299955228263,0.5082887495493335,0.5176997194825227,0.9818215664814418,results/bootstrap_runs/nl100_m20_w20/boot_method3_out/boot3_d12_nl100_m20_w20_n600_p12_ds415_lmin1of100_lseed415_lN1000_lpnsseed1000_nsseed1030_bootseed2030.npz,results/bootstrap_runs/nl100_m20_w20/ns_runs_out/ns_out_d12_nl100_m20_w20_n600_p12_ds415_lmin1of100_lseed415_lN1000_lpnsseed1000_nsseed1030.npz,0.583743127326304,results/nl100_m20_w20/combined_nl100_m20_w20.npz,0.8707404434505785,0.8868622091599137
nl100_m20_w20,d12_nl100_m20_w20_n600_p12_ds415_lmin1of100_lseed415_lN1000_lpnsseed1000,d12_nl100_m20_w20_n600_p12_ds415,lmin1of100_lseed415_lN1000_lpnsseed1000,1031,2031,200,100,-180.62670732142155,25.293652006903176,0.5009455751723609,0.5029279471942594,0.9960583379130993,results/bootstrap_runs/nl100_m20_w20/boot_method3_out/boot3_d12_nl100_m20_w20_n600_p12_ds415_lmin1of100_lseed415_lN1000_lpnsseed1000_nsseed1031_bootseed2031.npz,results/bootstrap_runs/nl100_m20_w20/ns_runs_out/ns_out_d12_nl100_m20_w20_n600_p12_ds415_lmin1of100_lseed415_lN1000_lpnsseed1000_nsseed1031.npz,0.583743127326304,results/nl100_m20_w20/combined_nl100_m20_w20.npz,0.8581609816407134,0.8615569479983444
nl100_m20_w20,d12_nl100_m20_w20_n600_p12_ds415_lmin1of100_lseed415_lN1000_lpnsseed1000,d12_nl100_m20_w20_n600_p12_ds415,lmin1of100_lseed415_lN1000_lpnsseed1000,1032,2032,200,100,-181.61184855819388,26.055748164748586,0.5268478455385047,0.5104483143742232,1.0321277016741377,results/bootstrap_runs/nl100_m20_w20/boot_method3_out/boot3_d12_nl100_m20_w20_n600_p12_ds415_lmin1of100_lseed415_lN1000_lpnsseed1000_nsseed1032_bootseed2032.npz,results/bootstrap_runs/nl100_m20_w20/ns_runs_out/ns_out_d12_nl100_m20_w20_n600_p12_ds415_lmin1of100_lseed415_lN1000_lpnsseed1000_nsseed1032.npz,0.583743127326304,results/nl100_m20_w20/combined_nl100_m20_w20.npz,0.9025337016841731,0.8744399556568826
nl100_m20_w20,d12_nl100_m20_w20_n600_p12_ds415_lmin1of100_lseed415_lN1000_lpnsseed1000,d12_nl100_m20_w20_n600_p12_ds415,lmin1of100_lseed415_lN1000_lpnsseed1000,1033,2033,200,100,-181.74193352337318,26.13768025775257,0.5264356752474953,0.5112502347945923,1.0297025593719369,results/bootstrap_runs/nl100_m20_w20/boot_method3_out/boot3_d12_nl100_m20_w20_n600_p12_ds415_lmin1of100_lseed415_lN1000_lpnsseed1000_nsseed1033_bootseed2033.npz,results/bootstrap_runs/nl100_m20_w20/ns_runs_out/ns_out_d12_nl100_m20_w20_n600_p12_ds415_lmin1of100_lseed415_lN1000_lpnsseed1000_nsseed1033.npz,0.583743127326304,results/nl100_m20_w20/combined_nl100_m20_w20.npz,0.9018276200675943,0.8758137113086915
nl100_m20_w20,d12_nl100_m20_w20_n600_p12_ds415_lmin1of100_lseed415_lN1000_lpnsseed1000,d12_nl100_m20_w20_n600_p12_ds415,lmin1of100_lseed415_lN1000_lpnsseed1000,1034,2034,200,100,-181.4778940875395,25.97464683267204,0.4790698701602738,0.5096532824643832,0.9399917289726339,results/bootstrap_runs/nl100_m20_w20/boot_method3_out/boot3_d12_nl100_m20_w20_n600_p12_ds415_lmin1of100_lseed415_lN1000_lpnsseed1000_nsseed1034_bootseed2034.npz,results/bootstrap_runs/nl100_m20_w20/ns_runs_out/ns_out_d12_nl100_m20_w20_n600_p12_ds415_lmin1of100_lseed415_lN1000_lpnsseed1000_nsseed1034.npz,0.583743127326304,results/nl100_m20_w20/combined_nl100_m20_w20.npz,0.8206860993028543,0.8730780005903084
nl100_m20_w20,d12_nl100_m20_w20_n600_p12_ds415_lmin1of100_lseed415_lN1000_lpnsseed1000,d12_nl100_m20_w20_n600_p12_ds415,lmin1of100_lseed415_lN1000_lpnsseed1000,1035,2035,200,100,-183.07823013314223,27.439237439163367,0.5151079351971045,0.523824755420774,0.9833592816424502,results/bootstrap_runs/nl100_m20_w20/boot_method3_out/boot3_d12_nl100_m20_w20_n600_p12_ds415_lmin1of100_lseed415_lN1000_lpnsseed1000_nsseed1035_bootseed2035.npz,results/bootstrap_runs/nl100_m20_w20/ns_runs_out/ns_out_d12_nl100_m20_w20_n600_p12_ds415_lmin1of100_lseed415_lN1000_lpnsseed1000_nsseed1035.npz,0.583743127326304,results/nl100_m20_w20/combined_nl100_m20_w20.npz,0.8824222694602564,0.897354899611458
nl100_m20_w20,d12_nl100_m20_w20_n600_p12_ds415_lmin1of100_lseed415_lN1000_lpnsseed1000,d12_nl100_m20_w20_n600_p12_ds415,lmin1of100_lseed415_lN1000_lpnsseed1000,1036,2036,200,100,-181.674930623258,26.13778900092764,0.476273692816589,0.5112512982959324,0.931584319500159,results/bootstrap_runs/nl100_m20_w20/boot_method3_out/boot3_d12_nl100_m20_w20_n600_p12_ds415_lmin1of100_lseed415_lN1000_lpnsseed1000_nsseed1036_bootseed2036.npz,results/bootstrap_runs/nl100_m20_w20/ns_runs_out/ns_out_d12_nl100_m20_w20_n600_p12_ds415_lmin1of100_lseed415_lN1000_lpnsseed1000_nsseed1036.npz,0.583743127326304,results/nl100_m20_w20/combined_nl100_m20_w20.npz,0.8158960174795495,0.8758155331739783
nl100_m20_w20,d12_nl100_m20_w20_n600_p12_ds415_lmin1of100_lseed415_lN1000_lpnsseed1000,d12_nl100_m20_w20_n600_p12_ds415,lmin1of100_lseed415_lN1000_lpnsseed1000,1037,2037,200,100,-182.31329240878586,26.56596693908518,0.47311879331696804,0.5154218363543126,0.9179253961443253,results/bootstrap_runs/nl100_m20_w20/boot_method3_out/boot3_d12_nl100_m20_w20_n600_p12_ds415_lmin1of100_lseed415_lN1000_lpnsseed1000_nsseed1037_bootseed2037.npz,results/bootstrap_runs/nl100_m20_w20/ns_runs_out/ns_out_d12_nl100_m20_w20_n600_p12_ds415_lmin1of100_lseed415_lN1000_lpnsseed1000_nsseed1037.npz,0.583743127326304,results/nl100_m20_w20/combined_nl100_m20_w20.npz,0.8104914150920727,0.8829600079663109
nl100_m20_w20,d12_nl100_m20_w20_n600_p12_ds415_lmin1of100_lseed415_lN1000_lpnsseed1000,d12_nl100_m20_w20_n600_p12_ds415,lmin1of100_lseed415_lN1000_lpnsseed1000,1038,2038,200,100,-182.3576338696767,26.499603417741252,0.5100115078316706,0.5147776550875266,0.9907413478251195,results/bootstrap_runs/nl100_m20_w20/boot_method3_out/boot3_d12_nl100_m20_w20_n600_p12_ds415_lmin1of100_lseed415_lN1000_lpnsseed1000_nsseed1038_bootseed2038.npz,results/bootstrap_runs/nl100_m20_w20/ns_runs_out/ns_out_d12_nl100_m20_w20_n600_p12_ds415_lmin1of100_lseed415_lN1000_lpnsseed1000_nsseed1038.npz,0.583743127326304,results/nl100_m20_w20/combined_nl100_m20_w20.npz,0.8736916701146556,0.8818564724613424
nl100_m20_w20,d12_nl100_m20_w20_n600_p12_ds415_lmin1of100_lseed415_lN1000_lpnsseed1000,d12_nl100_m20_w20_n600_p12_ds415,lmin1of100_lseed415_lN1000_lpnsseed1000,1039,2039,200,100,-182.4165524752928,26.652816483876094,0.5299410114461807,0.5162636582588018,1.026492961432746,results/bootstrap_runs/nl100_m20_w20/boot_method3_out/boot3_d12_nl100_m20_w20_n600_p12_ds415_lmin1of100_lseed415_lN1000_lpnsseed1000_nsseed1039_bootseed2039.npz,results/bootstrap_runs/nl100_m20_w20/ns_runs_out/ns_out_d12_nl100_m20_w20_n600_p12_ds415_lmin1of100_lseed415_lN1000_lpnsseed1000_nsseed1039.npz,0.583743127326304,results/nl100_m20_w20/combined_nl100_m20_w20.npz,0.9078325493500008,0.8844021181429994
nl100_m20_w20,d12_nl100_m20_w20_n600_p12_ds415_lmin1of100_lseed415_lN1000_lpnsseed1000,d12_nl100_m20_w20_n600_p12_ds415,lmin1of100_lseed415_lN1000_lpnsseed1000,1040,2040,200,100,-180.7035964252124,25.35139632545916,0.5327192934572161,0.5035017013423009,1.0580287852792218,results/bootstrap_runs/nl100_m20_w20/boot_method3_out/boot3_d12_nl100_m20_w20_n600_p12_ds415_lmin1of100_lseed415_lN1000_lpnsseed1000_nsseed1040_bootseed2040.npz,results/bootstrap_runs/nl100_m20_w20/ns_runs_out/ns_out_d12_nl100_m20_w20_n600_p12_ds415_lmin1of100_lseed415_lN1000_lpnsseed1000_nsseed1040.npz,0.583743127326304,results/nl100_m20_w20/combined_nl100_m20_w20.npz,0.9125919749962791,0.8625398360550646
nl100_m20_w20,d12_nl100_m20_w20_n600_p12_ds415_lmin1of100_lseed415_lN1000_lpnsseed1000,d12_nl100_m20_w20_n600_p12_ds415,lmin1of100_lseed415_lN1000_lpnsseed1000,1041,2041,200,100,-181.81077752132714,26.50751612150288,0.5012735283742709,0.5148545048992277,0.9736217195426599,results/bootstrap_runs/nl100_m20_w20/boot_method3_out/boot3_d12_nl100_m20_w20_n600_p12_ds415_lmin1of100_lseed415_lN1000_lpnsseed1000_nsseed1041_bootseed2041.npz,results/bootstrap_runs/nl100_m20_w20/ns_runs_out/ns_out_d12_nl100_m20_w20_n600_p12_ds415_lmin1of100_lseed415_lN1000_lpnsseed1000_nsseed1041.npz,0.583743127326304,results/nl100_m20_w20/combined_nl100_m20_w20.npz,0.8587227924553641,0.8819881225110021
nl100_m20_w20,d12_nl100_m20_w20_n600_p12_ds415_lmin1of100_lseed415_lN1000_lpnsseed1000,d12_nl100_m20_w20_n600_p12_ds415,lmin1of100_lseed415_lN1000_lpnsseed1000,1042,2042,200,100,-181.76926794236292,26.288216922392312,0.5597713575022291,0.5127203616240759,1.0917673636543632,results/bootstrap_runs/nl100_m20_w20/boot_method3_out/boot3_d12_nl100_m20_w20_n600_p12_ds415_lmin1of100_lseed415_lN1000_lpnsseed1000_nsseed1042_bootseed2042.npz,results/bootstrap_runs/nl100_m20_w20/ns_runs_out/ns_out_d12_nl100_m20_w20_n600_p12_ds415_lmin1of100_lseed415_lN1000_lpnsseed1000_nsseed1042.npz,0.583743127326304,results/nl100_m20_w20/combined_nl100_m20_w20.npz,0.9589343862019037,0.8783321595107579
nl100_m20_w20,d12_nl100_m20_w20_n600_p12_ds415_lmin1of100_lseed415_lN1000_lpnsseed1000,d12_nl100_m20_w20_n600_p12_ds415,lmin1of100_lseed415_lN1000_lpnsseed1000,1043,2043,200,100,-181.96784738098603,26.234403427783185,0.4777261754875985,0.512195308722983,0.9327031453659274,results/bootstrap_runs/nl100_m20_w20/boot_method3_out/boot3_d12_nl100_m20_w20_n600_p12_ds415_lmin1of100_lseed415_lN1000_lpnsseed1000_nsseed1043_bootseed2043.npz,results/bootstrap_runs/nl100_m20_w20/ns_runs_out/ns_out_d12_nl100_m20_w20_n600_p12_ds415_lmin1of100_lseed415_lN1000_lpnsseed1000_nsseed1043.npz,0.583743127326304,results/nl100_m20_w20/combined_nl100_m20_w20.npz,0.818384239786615,0.8774327006965741
nl100_m20_w20,d12_nl100_m20_w20_n600_p12_ds415_lmin1of100_lseed415_lN1000_lpnsseed1000,d12_nl100_m20_w20_n600_p12_ds415,lmin1of100_lseed415_lN1000_lpnsseed1000,1044,2044,200,100,-181.56653637704161,26.438961932861186,0.4774832765123908,0.5141883111551758,0.9286155794550766,results/bootstrap_runs/nl100_m20_w20/boot_method3_out/boot3_d12_nl100_m20_w20_n600_p12_ds415_lmin1of100_lseed415_lN1000_lpnsseed1000_nsseed1044_bootseed2044.npz,results/bootstrap_runs/nl100_m20_w20/ns_runs_out/ns_out_d12_nl100_m20_w20_n600_p12_ds415_lmin1of100_lseed415_lN1000_lpnsseed1000_nsseed1044.npz,0.583743127326304,results/nl100_m20_w20/combined_nl100_m20_w20.npz,0.8179681338594751,0.880846877821573
nl100_m20_w20,d12_nl100_m20_w20_n600_p12_ds415_lmin1of100_lseed415_lN1000_lpnsseed1000,d12_nl100_m20_w20_n600_p12_ds415,lmin1of100_lseed415_lN1000_lpnsseed1000,1045,2045,200,100,-181.75606927328278,26.328662442225237,0.4984553415646379,0.5131146308791559,0.9714307711526347,results/bootstrap_runs/nl100_m20_w20/boot_method3_out/boot3_d12_nl100_m20_w20_n600_p12_ds415_lmin1of100_lseed415_lN1000_lpnsseed1000_nsseed1045_bootseed2045.npz,results/bootstrap_runs/nl100_m20_w20/ns_runs_out/ns_out_d12_nl100_m20_w20_n600_p12_ds415_lmin1of100_lseed415_lN1000_lpnsseed1000_nsseed1045.npz,0.583743127326304,results/nl100_m20_w20/combined_nl100_m20_w20.npz,0.8538950066062337,0.8790075751801224
nl100_m20_w20,d12_nl100_m20_w20_n600_p12_ds415_lmin1of100_lseed415_lN1000_lpnsseed1000,d12_nl100_m20_w20_n600_p12_ds415,lmin1of100_lseed415_lN1000_lpnsseed1000,1046,2046,200,100,-181.31834115885854,25.606635759465856,0.5095651011524864,0.5060299967340459,1.0069859582263034,results/bootstrap_runs/nl100_m20_w20/boot_method3_out/boot3_d12_nl100_m20_w20_n600_p12_ds415_lmin1of100_lseed415_lN1000_lpnsseed1000_nsseed1046_bootseed2046.npz,results/bootstrap_runs/nl100_m20_w20/ns_runs_out/ns_out_d12_nl100_m20_w20_n600_p12_ds415_lmin1of100_lseed415_lN1000_lpnsseed1000_nsseed1046.npz,0.583743127326304,results/nl100_m20_w20/combined_nl100_m20_w20.npz,0.8729269387486029,0.8668710140568087
nl100_m20_w20,d12_nl100_m20_w20_n600_p12_ds415_lmin1of100_lseed415_lN1000_lpnsseed1000,d12_nl100_m20_w20_n600_p12_ds415,lmin1of100_lseed415_lN1000_lpnsseed1000,1047,2047,200,100,-181.10063749504442,25.857326748902498,0.4648051260002283,0.5085010004798663,0.9140692458060008,results/bootstrap_runs/nl100_m20_w20/boot_method3_out/boot3_d12_nl100_m20_w20_n600_p12_ds415_lmin1of100_lseed415_lN1000_lpnsseed1000_nsseed1047_bootseed2047.npz,results/bootstrap_runs/nl100_m20_w20/ns_runs_out/ns_out_d12_nl100_m20_w20_n600_p12_ds415_lmin1of100_lseed415_lN1000_lpnsseed1000_nsseed1047.npz,0.583743127326304,results/nl100_m20_w20/combined_nl100_m20_w20.npz,0.7962494190366869,0.871104046755863
nl100_m20_w20,d12_nl100_m20_w20_n600_p12_ds415_lmin1of100_lseed415_lN1000_lpnsseed1000,d12_nl100_m20_w20_n600_p12_ds415,lmin1of100_lseed415_lN1000_lpnsseed1000,1048,2048,200,100,-182.0675003450301,25.915590142220918,0.5435644527450904,0.5090735717184788,1.0677522522141167,results/bootstrap_runs/nl100_m20_w20/boot_method3_out/boot3_d12_nl100_m20_w20_n600_p12_ds415_lmin1of100_lseed415_lN1000_lpnsseed1000_nsseed1048_bootseed2048.npz,results/bootstrap_runs/nl100_m20_w20/ns_runs_out/ns_out_d12_nl100_m20_w20_n600_p12_ds415_lmin1of100_lseed415_lN1000_lpnsseed1000_nsseed1048.npz,0.583743127326304,results/nl100_m20_w20/combined_nl100_m20_w20.npz,0.9311706250568766,0.8720849083914165
nl100_m20_w20,d12_nl100_m20_w20_n600_p12_ds415_lmin1of100_lseed415_lN1000_lpnsseed1000,d12_nl100_m20_w20_n600_p12_ds415,lmin1of100_lseed415_lN1000_lpnsseed1000,1049,2049,200,100,-181.23741886563442,26.094389731679453,0.48134378138548056,0.510826680310254,0.942283948624479,results/bootstrap_runs/nl100_m20_w20/boot_method3_out/boot3_d12_nl100_m20_w20_n600_p12_ds415_lmin1of100_lseed415_lN1000_lpnsseed1000_nsseed1049_bootseed2049.npz,results/bootstrap_runs/nl100_m20_w20/ns_runs_out/ns_out_d12_nl100_m20_w20_n600_p12_ds415_lmin1of100_lseed415_lN1000_lpnsseed1000_nsseed1049.npz,0.583743127326304,results/nl100_m20_w20/combined_nl100_m20_w20.npz,0.8245814962998551,0.8750881276323949
nl100_m20_w20,d12_nl100_m20_w20_n600_p12_ds415_lmin1of100_lseed415_lN1000_lpnsseed1000,d12_nl100_m20_w20_n600_p12_ds415,lmin1of100_lseed415_lN1000_lpnsseed1000,1050,2050,200,100,-182.23381577693704,26.754493948229605,0.49102144880692317,0.517247464452264,0.9492969662536428,results/bootstrap_runs/nl100_m20_w20/boot_method3_out/boot3_d12_nl100_m20_w20_n600_p12_ds415_lmin1of100_lseed415_lN1000_lpnsseed1000_nsseed1050_bootseed2050.npz,results/bootstrap_runs/nl100_m20_w20/ns_runs_out/ns_out_d12_nl100_m20_w20_n600_p12_ds415_lmin1of100_lseed415_lN1000_lpnsseed1000_nsseed1050.npz,0.583743127326304,results/nl100_m20_w20/combined_nl100_m20_w20.npz,0.8411601367470135,0.886087459087343
nl100_m20_w20,d12_nl100_m20_w20_n600_p12_ds415_lmin1of100_lseed415_lN1000_lpnsseed1000,d12_nl100_m20_w20_n600_p12_ds415,lmin1of100_lseed415_lN1000_lpnsseed1000,1051,2051,200,100,-181.79680266991775,26.38919600152134,0.49346070736159847,0.5137041561202453,0.9605931769921122,results/bootstrap_runs/nl100_m20_w20/boot_method3_out/boot3_d12_nl100_m20_w20_n600_p12_ds415_lmin1of100_lseed415_lN1000_lpnsseed1000_nsseed1051_bootseed2051.npz,results/bootstrap_runs/nl100_m20_w20/ns_runs_out/ns_out_d12_nl100_m20_w20_n600_p12_ds415_lmin1of100_lseed415_lN1000_lpnsseed1000_nsseed1051.npz,0.583743127326304,results/nl100_m20_w20/combined_nl100_m20_w20.npz,0.8453387873220494,0.8800174804166767
nl100_m20_w20,d12_nl100_m20_w20_n600_p12_ds415_lmin1of100_lseed415_lN1000_lpnsseed1000,d12_nl100_m20_w20_n600_p12_ds415,lmin1of100_lseed415_lN1000_lpnsseed1000,1052,2052,200,100,-181.22245788267207,25.874574866686746,0.5316887948658859,0.5086705698847412,1.045251733329806,results/bootstrap_runs/nl100_m20_w20/boot_method3_out/boot3_d12_nl100_m20_w20_n600_p12_ds415_lmin1of100_lseed415_lN1000_lpnsseed1000_nsseed1052_bootseed2052.npz,results/bootstrap_runs/nl100_m20_w20/ns_runs_out/ns_out_d12_nl100_m20_w20_n600_p12_ds415_lmin1of100_lseed415_lN1000_lpnsseed1000_nsseed1052.npz,0.583743127326304,results/nl100_m20_w20/combined_nl100_m20_w20.npz,0.9108266461331366,0.8713945330964072
nl100_m20_w20,d12_nl100_m20_w20_n600_p12_ds415_lmin1of100_lseed415_lN1000_lpnsseed1000,d12_nl100_m20_w20_n600_p12_ds415,lmin1of100_lseed415_lN1000_lpnsseed1000,1053,2053,200,100,-181.94463916871663,26.292380561143652,0.49523296380857995,0.5127609634239296,0.9658164313088353,results/bootstrap_runs/nl100_m20_w20/boot_method3_out/boot3_d12_nl100_m20_w20_n600_p12_ds415_lmin1of100_lseed415_lN1000_lpnsseed1000_nsseed1053_bootseed2053.npz,results/bootstrap_runs/nl100_m20_w20/ns_runs_out/ns_out_d12_nl100_m20_w20_n600_p12_ds415_lmin1of100_lseed415_lN1000_lpnsseed1000_nsseed1053.npz,0.583743127326304,results/nl100_m20_w20/combined_nl100_m20_w20.npz,0.8483748084142357,0.8784017137341023
nl100_m20_w20,d12_nl100_m20_w20_n600_p12_ds415_lmin1of100_lseed415_lN1000_lpnsseed1000,d12_nl100_m20_w20_n600_p12_ds415,lmin1of100_lseed415_lN1000_lpnsseed1000,1054,2054,200,100,-182.32780224901094,26.55117816048604,0.48312790639410275,0.5152783535186204,0.9376056709835069,results/bootstrap_runs/nl100_m20_w20/boot_method3_out/boot3_d12_nl100_m20_w20_n600_p12_ds415_lmin1of100_lseed415_lN1000_lpnsseed1000_nsseed1054_bootseed2054.npz,results/bootstrap_runs/nl100_m20_w20/ns_runs_out/ns_out_d12_nl100_m20_w20_n600_p12_ds415_lmin1of100_lseed415_lN1000_lpnsseed1000_nsseed1054.npz,0.583743127326304,results/nl100_m20_w20/combined_nl100_m20_w20.npz,0.8276378492145249,0.8827142100648446
nl100_m20_w20,d12_nl100_m20_w20_n600_p12_ds415_lmin1of100_lseed415_lN1000_lpnsseed1000,d12_nl100_m20_w20_n600_p12_ds415,lmin1of100_lseed415_lN1000_lpnsseed1000,1055,2055,200,100,-182.08198088766744,26.823586525710564,0.5455606184540848,0.5179149208674197,1.0533788397916073,results/bootstrap_runs/nl100_m20_w20/boot_method3_out/boot3_d12_nl100_m20_w20_n600_p12_ds415_lmin1of100_lseed415_lN1000_lpnsseed1000_nsseed1055_bootseed2055.npz,results/bootstrap_runs/nl100_m20_w20/ns_runs_out/ns_out_d12_nl100_m20_w20_n600_p12_ds415_lmin1of100_lseed415_lN1000_lpnsseed1000_nsseed1055.npz,0.583743127326304,results/nl100_m20_w20/combined_nl100_m20_w20.npz,0.9345902211352705,0.8872308668362494
nl100_m20_w20,d12_nl100_m20_w20_n600_p12_ds415_lmin1of100_lseed415_lN1000_lpnsseed1000,d12_nl100_m20_w20_n600_p12_ds415,lmin1of100_lseed415_lN1000_lpnsseed1000,1056,2056,200,100,-181.8896610400319,26.512992045467925,0.5173336160734339,0.514907681487351,1.0047113971558461,results/bootstrap_runs/nl100_m20_w20/boot_method3_out/boot3_d12_nl100_m20_w20_n600_p12_ds415_lmin1of100_lseed415_lN1000_lpnsseed1000_nsseed1056_bootseed2056.npz,results/bootstrap_runs/nl100_m20_w20/ns_runs_out/ns_out_d12_nl100_m20_w20_n600_p12_ds415_lmin1of100_lseed415_lN1000_lpnsseed1000_nsseed1056.npz,0.583743127326304,results/nl100_m20_w20/combined_nl100_m20_w20.npz,0.8862350439018563,0.8820792183811443
nl100_m20_w20,d12_nl100_m20_w20_n600_p12_ds415_lmin1of100_lseed415_lN1000_lpnsseed1000,d12_nl100_m20_w20_n600_p12_ds415,lmin1of100_lseed415_lN1000_lpnsseed1000,1057,2057,200,100,-182.2821786123127,26.850642133275347,0.5528767401195387,0.5181760524500852,1.0669669844937424,results/bootstrap_runs/nl100_m20_w20/boot_method3_out/boot3_d12_nl100_m20_w20_n600_p12_ds415_lmin1of100_lseed415_lN1000_lpnsseed1000_nsseed1057_bootseed2057.npz,results/bootstrap_runs/nl100_m20_w20/ns_runs_out/ns_out_d12_nl100_m20_w20_n600_p12_ds415_lmin1of100_lseed415_lN1000_lpnsseed1000_nsseed1057.npz,0.583743127326304,results/nl100_m20_w20/combined_nl100_m20_w20.npz,0.9471233394247546,0.8876782067199094
nl100_m20_w20,d12_nl100_m20_w20_n600_p12_ds415_lmin1of100_lseed415_lN1000_lpnsseed1000,d12_nl100_m20_w20_n600_p12_ds415,lmin1of100_lseed415_lN1000_lpnsseed1000,1058,2058,200,100,-181.15994663456087,26.084525754551535,0.5378146005501787,0.5107301220268052,1.0530309009695573,results/bootstrap_runs/nl100_m20_w20/boot_method3_out/boot3_d12_nl100_m20_w20_n600_p12_ds415_lmin1of100_lseed415_lN1000_lpnsseed1000_nsseed1058_bootseed2058.npz,results/bootstrap_runs/nl100_m20_w20/ns_runs_out/ns_out_d12_nl100_m20_w20_n600_p12_ds415_lmin1of100_lseed415_lN1000_lpnsseed1000_nsseed1058.npz,0.583743127326304,results/nl100_m20_w20/combined_nl100_m20_w20.npz,0.9213206552229747,0.8749227153492712
nl100_m20_w20,d12_nl100_m20_w20_n600_p12_ds415_lmin1of100_lseed415_lN1000_lpnsseed1000,d12_nl100_m20_w20_n600_p12_ds415,lmin1of100_lseed415_lN1000_lpnsseed1000,1059,2059,200,100,-181.6771734474455,26.460461227989782,0.48822504541316014,0.5143973291920341,0.9491204905360165,results/bootstrap_runs/nl100_m20_w20/boot_method3_out/boot3_d12_nl100_m20_w20_n600_p12_ds415_lmin1of100_lseed415_lN1000_lpnsseed1000_nsseed1059_bootseed2059.npz,results/bootstrap_runs/nl100_m20_w20/ns_runs_out/ns_out_d12_nl100_m20_w20_n600_p12_ds415_lmin1of100_lseed415_lN1000_lpnsseed1000_nsseed1059.npz,0.583743127326304,results/nl100_m20_w20/combined_nl100_m20_w20.npz,0.8363696676813283,0.8812049429140318
nl100_m20_w20,d12_nl100_m20_w20_n600_p12_ds415_lmin1of100_lseed415_lN1000_lpnsseed1000,d12_nl100_m20_w20_n600_p12_ds415,lmin1of100_lseed415_lN1000_lpnsseed1000,1060,2060,200,100,-181.34348631911888,26.07042688570828,0.5273534598388258,0.510592076766848,1.0328273465936124,results/bootstrap_runs/nl100_m20_w20/boot_method3_out/boot3_d12_nl100_m20_w20_n600_p12_ds415_lmin1of100_lseed415_lN1000_lpnsseed1000_nsseed1060_bootseed2060.npz,results/bootstrap_runs/nl100_m20_w20/ns_runs_out/ns_out_d12_nl100_m20_w20_n600_p12_ds415_lmin1of100_lseed415_lN1000_lpnsseed1000_nsseed1060.npz,0.583743127326304,results/nl100_m20_w20/combined_nl100_m20_w20.npz,0.9033998605760764,0.8746862324623729
nl100_m20_w20,d12_nl100_m20_w20_n600_p12_ds415_lmin1of100_lseed415_lN1000_lpnsseed1000,d12_nl100_m20_w20_n600_p12_ds415,lmin1of100_lseed415_lN1000_lpnsseed1000,1061,2061,200,100,-181.9692984929623,26.80671270476946,0.5056449903001978,0.5177519937650599,0.976616210829396,results/bootstrap_runs/nl100_m20_w20/boot_method3_out/boot3_d12_nl100_m20_w20_n600_p12_ds415_lmin1of100_lseed415_lN1000_lpnsseed1000_nsseed1061_bootseed2061.npz,results/bootstrap_runs/nl100_m20_w20/ns_runs_out/ns_out_d12_nl100_m20_w20_n600_p12_ds415_lmin1of100_lseed415_lN1000_lpnsseed1000_nsseed1061.npz,0.583743127326304,results/nl100_m20_w20/combined_nl100_m20_w20.npz,0.8662114663622406,0.8869517593063567
nl100_m20_w20,d12_nl100_m20_w20_n600_p12_ds415_lmin1of100_lseed415_lN1000_lpnsseed1000,d12_nl100_m20_w20_n600_p12_ds415,lmin1of100_lseed415_lN1000_lpnsseed1000,1062,2062,200,100,-182.16213648643253,26.996684915225032,0.5594649406185811,0.5195833418733229,1.0767568848559843,results/bootstrap_runs/nl100_m20_w20/boot_method3_out/boot3_d12_nl100_m20_w20_n600_p12_ds415_lmin1of100_lseed415_lN1000_lpnsseed1000_nsseed1062_bootseed2062.npz,results/bootstrap_runs/nl100_m20_w20/ns_runs_out/ns_out_d12_nl100_m20_w20_n600_p12_ds415_lmin1of100_lseed415_lN1000_lpnsseed1000_nsseed1062.npz,0.583743127326304,results/nl100_m20_w20/combined_nl100_m20_w20.npz,0.9584094688721676,0.8900890092756215
nl100_m20_w20,d12_nl100_m20_w20_n600_p12_ds415_lmin1of100_lseed415_lN1000_lpnsseed1000,d12_nl100_m20_w20_n600_p12_ds415,lmin1of100_lseed415_lN1000_lpnsseed1000,1063,2063,200,100,-181.65639282928893,26.0558883608644,0.5200554243899499,0.5104496876369344,1.0188181851917357,results/bootstrap_runs/nl100_m20_w20/boot_method3_out/boot3_d12_nl100_m20_w20_n600_p12_ds415_lmin1of100_lseed415_lN1000_lpnsseed1000_nsseed1063_bootseed2063.npz,results/bootstrap_runs/nl100_m20_w20/ns_runs_out/ns_out_d12_nl100_m20_w20_n600_p12_ds415_lmin1of100_lseed415_lN1000_lpnsseed1000_nsseed1063.npz,0.583743127326304,results/nl100_m20_w20/combined_nl100_m20_w20.npz,0.8908977254634922,0.8744423081688814
nl100_m20_w20,d12_nl100_m20_w20_n600_p12_ds415_lmin1of100_lseed415_lN1000_lpnsseed1000,d12_nl100_m20_w20_n600_p12_ds415,lmin1of100_lseed415_lN1000_lpnsseed1000,1064,2064,200,100,-181.65995202548874,26.907916849340037,0.4914921479326263,0.5187284149662522,0.9474941679541541,results/bootstrap_runs/nl100_m20_w20/boot_method3_out/boot3_d12_nl100_m20_w20_n600_p12_ds415_lmin1of100_lseed415_lN1000_lpnsseed1000_nsseed1064_bootseed2064.npz,results/bootstrap_runs/nl100_m20_w20/ns_runs_out/ns_out_d12_nl100_m20_w20_n600_p12_ds415_lmin1of100_lseed415_lN1000_lpnsseed1000_nsseed1064.npz,0.583743127326304,results/nl100_m20_w20/combined_nl100_m20_w20.npz,0.8419664830724239,0.8886244491513997
nl100_m20_w20,d12_nl100_m20_w20_n600_p12_ds415_lmin1of100_lseed415_lN1000_lpnsseed1000,d12_nl100_m20_w20_n600_p12_ds415,lmin1of100_lseed415_lN1000_lpnsseed1000,1065,2065,200,100,-182.61456618060882,26.826097951997642,0.5337759177221216,0.5179391658486316,1.0305764709790615,results/bootstrap_runs/nl100_m20_w20/boot_method3_out/boot3_d12_nl100_m20_w20_n600_p12_ds415_lmin1of100_lseed415_lN1000_lpnsseed1000_nsseed1065_bootseed2065.npz,results/bootstrap_runs/nl100_m20_w20/ns_runs_out/ns_out_d12_nl100_m20_w20_n600_p12_ds415_lmin1of100_lseed415_lN1000_lpnsseed1000_nsseed1065.npz,0.583743127326304,results/nl100_m20_w20/combined_nl100_m20_w20.npz,0.914402059287541,0.8872724004836311
nl100_m20_w20,d12_nl100_m20_w20_n600_p12_ds415_lmin1of100_lseed415_lN1000_lpnsseed1000,d12_nl100_m20_w20_n600_p12_ds415,lmin1of100_lseed415_lN1000_lpnsseed1000,1066,2066,200,100,-182.22711534056512,26.532892051115272,0.4886545781944154,0.5151008838190366,0.9486580076730906,results/bootstrap_runs/nl100_m20_w20/boot_method3_out/boot3_d12_nl100_m20_w20_n600_p12_ds415_lmin1of100_lseed415_lN1000_lpnsseed1000_nsseed1066_bootseed2066.npz,results/bootstrap_runs/nl100_m20_w20/ns_runs_out/ns_out_d12_nl100_m20_w20_n600_p12_ds415_lmin1of100_lseed415_lN1000_lpnsseed1000_nsseed1066.npz,0.583743127326304,results/nl100_m20_w20/combined_nl100_m20_w20.npz,0.8371054926720611,0.8824101898695292
nl100_m20_w20,d12_nl100_m20_w20_n600_p12_ds415_lmin1of100_lseed415_lN1000_lpnsseed1000,d12_nl100_m20_w20_n600_p12_ds415,lmin1of100_lseed415_lN1000_lpnsseed1000,1067,2067,200,100,-180.56117453232463,24.95360960778002,0.4875411468309531,0.4995358806710487,0.9759882436793479,results/bootstrap_runs/nl100_m20_w20/boot_method3_out/boot3_d12_nl100_m20_w20_n600_p12_ds415_lmin1of100_lseed415_lN1000_lpnsseed1000_nsseed1067_bootseed2067.npz,results/bootstrap_runs/nl100_m20_w20/ns_runs_out/ns_out_d12_nl100_m20_w20_n600_p12_ds415_lmin1of100_lseed415_lN1000_lpnsseed1000_nsseed1067.npz,0.583743127326304,results/nl100_m20_w20/combined_nl100_m20_w20.npz,0.8351980931476126,0.8557460589884005
nl100_m20_w20,d12_nl100_m20_w20_n600_p12_ds415_lmin1of100_lseed415_lN1000_lpnsseed1000,d12_nl100_m20_w20_n600_p12_ds415,lmin1of100_lseed415_lN1000_lpnsseed1000,1068,2068,200,100,-182.0890527900751,26.48823519990503,0.5256838487560214,0.5146672245238182,1.0214053347624692,results/bootstrap_runs/nl100_m20_w20/boot_method3_out/boot3_d12_nl100_m20_w20_n600_p12_ds415_lmin1of100_lseed415_lN1000_lpnsseed1000_nsseed1068_bootseed2068.npz,results/bootstrap_runs/nl100_m20_w20/ns_runs_out/ns_out_d12_nl100_m20_w20_n600_p12_ds415_lmin1of100_lseed415_lN1000_lpnsseed1000_nsseed1068.npz,0.583743127326304,results/nl100_m20_w20/combined_nl100_m20_w20.npz,0.900539679437068,0.8816672958209008
nl100_m20_w20,d12_nl100_m20_w20_n600_p12_ds415_lmin1of100_lseed415_lN1000_lpnsseed1000,d12_nl100_m20_w20_n600_p12_ds415,lmin1of100_lseed415_lN1000_lpnsseed1000,1069,2069,200,100,-181.02101058624598,25.414499113386906,0.518627773299558,0.5041279511531463,1.028762186491038,results/bootstrap_runs/nl100_m20_w20/boot_method3_out/boot3_d12_nl100_m20_w20_n600_p12_ds415_lmin1of100_lseed415_lN1000_lpnsseed1000_nsseed1069_bootseed2069.npz,results/bootstrap_runs/nl100_m20_w20/ns_runs_out/ns_out_d12_nl100_m20_w20_n600_p12_ds415_lmin1of100_lseed415_lN1000_lpnsseed1000_nsseed1069.npz,0.583743127326304,results/nl100_m20_w20/combined_nl100_m20_w20.npz,0.8884520416968482,0.863612653500837
nl100_m20_w20,d12_nl100_m20_w20_n600_p12_ds415_lmin1of100_lseed415_lN1000_lpnsseed1000,d12_nl100_m20_w20_n600_p12_ds415,lmin1of100_lseed415_lN1000_lpnsseed1000,1070,2070,200,100,-181.5094800380975,25.828660060026223,0.4999637102713506,0.5082190478526579,0.9837563396803248,results/bootstrap_runs/nl100_m20_w20/boot_method3_out/boot3_d12_nl100_m20_w20_n600_p12_ds415_lmin1of100_lseed415_lN1000_lpnsseed1000_nsseed1070_bootseed2070.npz,results/bootstrap_runs/nl100_m20_w20/ns_runs_out/ns_out_d12_nl100_m20_w20_n600_p12_ds415_lmin1of100_lseed415_lN1000_lpnsseed1000_nsseed1070.npz,0.583743127326304,results/nl100_m20_w20/combined_nl100_m20_w20.npz,0.8564789662900445,0.8706210387100126
nl100_m20_w20,d12_nl100_m20_w20_n600_p12_ds415_lmin1of100_lseed415_lN1000_lpnsseed1000,d12_nl100_m20_w20_n600_p12_ds415,lmin1of100_lseed415_lN1000_lpnsseed1000,1071,2071,200,100,-181.23411892620905,26.07130804035972,0.550607479714851,0.5106007054476102,1.0783523677903453,results/bootstrap_runs/nl100_m20_w20/boot_method3_out/boot3_d12_nl100_m20_w20_n600_p12_ds415_lmin1of100_lseed415_lN1000_lpnsseed1000_nsseed1071_bootseed2071.npz,results/bootstrap_runs/nl100_m20_w20/ns_runs_out/ns_out_d12_nl100_m20_w20_n600_p12_ds415_lmin1of100_lseed415_lN1000_lpnsseed1000_nsseed1071.npz,0.583743127326304,results/nl100_m20_w20/combined_nl100_m20_w20.npz,0.9432359096659128,0.8747010141023754
nl100_m20_w20,d12_nl100_m20_w20_n600_p12_ds415_lmin1of100_lseed415_lN1000_lpnsseed1000,d12_nl100_m20_w20_n600_p12_ds415,lmin1of100_lseed415_lN1000_lpnsseed1000,1072,2072,200,100,-182.00866742550213,26.745709116533668,0.5329548299822312,0.5171625384396444,1.0305364181834098,results/bootstrap_runs/nl100_m20_w20/boot_method3_out/boot3_d12_nl100_m20_w20_n600_p12_ds415_lmin1of100_lseed415_lN1000_lpnsseed1000_nsseed1072_bootseed2072.npz,results/bootstrap_runs/nl100_m20_w20/ns_runs_out/ns_out_d12_nl100_m20_w20_n600_p12_ds415_lmin1of100_lseed415_lN1000_lpnsseed1000_nsseed1072.npz,0.583743127326304,results/nl100_m20_w20/combined_nl100_m20_w20.npz,0.9129954684405512,0.8859419738411037
nl100_m20_w20,d12_nl100_m20_w20_n600_p12_ds415_lmin1of100_lseed415_lN1000_lpnsseed1000,d12_nl100_m20_w20_n600_p12_ds415,lmin1of100_lseed415_lN1000_lpnsseed1000,1073,2073,200,100,-180.30198132495582,25.48982070889145,0.5305876672464259,0.5048744468567552,1.0509299303019908,results/bootstrap_runs/nl100_m20_w20/boot_method3_out/boot3_d12_nl100_m20_w20_n600_p12_ds415_lmin1of100_lseed415_lN1000_lpnsseed1000_nsseed1073_bootseed2073.npz,results/bootstrap_runs/nl100_m20_w20/ns_runs_out/ns_out_d12_nl100_m20_w20_n600_p12_ds415_lmin1of100_lseed415_lN1000_lpnsseed1000_nsseed1073.npz,0.583743127326304,results/nl100_m20_w20/combined_nl100_m20_w20.npz,0.908940323934358,0.8648914620532016
nl100_m20_w20,d12_nl100_m20_w20_n600_p12_ds415_lmin1of100_lseed415_lN1000_lpnsseed1000,d12_nl100_m20_w20_n600_p12_ds415,lmin1of100_lseed415_lN1000_lpnsseed1000,1074,2074,200,100,-182.25233191764536,26.96535184563867,0.4645258885052368,0.5192817332204038,0.8945546488308178,results/bootstrap_runs/nl100_m20_w20/boot_method3_out/boot3_d12_nl100_m20_w20_n600_p12_ds415_lmin1of100_lseed415_lN1000_lpnsseed1000_nsseed1074_bootseed2074.npz,results/bootstrap_runs/nl100_m20_w20/ns_runs_out/ns_out_d12_nl100_m20_w20_n600_p12_ds415_lmin1of100_lseed415_lN1000_lpnsseed1000_nsseed1074.npz,0.583743127326304,results/nl100_m20_w20/combined_nl100_m20_w20.npz,0.7957710622356904,0.8895723288406835
nl100_m20_w20,d12_nl100_m20_w20_n600_p12_ds415_lmin1of100_lseed415_lN1000_lpnsseed1000,d12_nl100_m20_w20_n600_p12_ds415,lmin1of100_lseed415_lN1000_lpnsseed1000,1075,2075,200,100,-181.98883270183222,25.975542140212955,0.5033227443302475,0.5096620658849641,0.9875617159309097,results/bootstrap_runs/nl100_m20_w20/boot_method3_out/boot3_d12_nl100_m20_w20_n600_p12_ds415_lmin1of100_lseed415_lN1000_lpnsseed1000_nsseed1075_bootseed2075.npz,results/bootstrap_runs/nl100_m20_w20/ns_runs_out/ns_out_d12_nl100_m20_w20_n600_p12_ds415_lmin1of100_lseed415_lN1000_lpnsseed1000_nsseed1075.npz,0.583743127326304,results/nl100_m20_w20/combined_nl100_m20_w20.npz,0.8622332679711316,0.8730930473123504
nl100_m20_w20,d12_nl100_m20_w20_n600_p12_ds415_lmin1of100_lseed415_lN1000_lpnsseed1000,d12_nl100_m20_w20_n600_p12_ds415,lmin1of100_lseed415_lN1000_lpnsseed1000,1076,2076,200,100,-182.386525229775,26.954636491464374,0.539932678313453,0.5191785482034517,1.0399749376814937,results/bootstrap_runs/nl100_m20_w20/boot_method3_out/boot3_d12_nl100_m20_w20_n600_p12_ds415_lmin1of100_lseed415_lN1000_lpnsseed1000_nsseed1076_bootseed2076.npz,results/bootstrap_runs/nl100_m20_w20/ns_runs_out/ns_out_d12_nl100_m20_w20_n600_p12_ds415_lmin1of100_lseed415_lN1000_lpnsseed1000_nsseed1076.npz,0.583743127326304,results/nl100_m20_w20/combined_nl100_m20_w20.npz,0.9249490966797087,0.889395564417906
nl100_m20_w20,d12_nl100_m20_w20_n600_p12_ds415_lmin1of100_lseed415_lN1000_lpnsseed1000,d12_nl100_m20_w20_n600_p12_ds415,lmin1of100_lseed415_lN1000_lpnsseed1000,1077,2077,200,100,-182.79371736276116,27.451884506220907,0.5425091818580985,0.5239454600072503,1.0354306378579772,results/bootstrap_runs/nl100_m20_w20/boot_method3_out/boot3_d12_nl100_m20_w20_n600_p12_ds415_lmin1of100_lseed415_lN1000_lpnsseed1000_nsseed1077_bootseed2077.npz,results/bootstrap_runs/nl100_m20_w20/ns_runs_out/ns_out_d12_nl100_m20_w20_n600_p12_ds415_lmin1of100_lseed415_lN1000_lpnsseed1000_nsseed1077.npz,0.583743127326304,results/nl100_m20_w20/combined_nl100_m20_w20.npz,0.9293628592133192,0.8975616764981155
nl100_m20_w20,d12_nl100_m20_w20_n600_p12_ds415_lmin1of100_lseed415_lN1000_lpnsseed1000,d12_nl100_m20_w20_n600_p12_ds415,lmin1of100_lseed415_lN1000_lpnsseed1000,1078,2078,200,100,-182.19443305447265,26.97512688654052,0.48840826278975463,0.5193758454774395,0.9403753891188033,results/bootstrap_runs/nl100_m20_w20/boot_method3_out/boot3_d12_nl100_m20_w20_n600_p12_ds415_lmin1of100_lseed415_lN1000_lpnsseed1000_nsseed1078_bootseed2078.npz,results/bootstrap_runs/nl100_m20_w20/ns_runs_out/ns_out_d12_nl100_m20_w20_n600_p12_ds415_lmin1of100_lseed415_lN1000_lpnsseed1000_nsseed1078.npz,0.583743127326304,results/nl100_m20_w20/combined_nl100_m20_w20.npz,0.8366835341202081,0.8897335508793339
nl100_m20_w20,d12_nl100_m20_w20_n600_p12_ds415_lmin1of100_lseed415_lN1000_lpnsseed1000,d12_nl100_m20_w20_n600_p12_ds415,lmin1of100_lseed415_lN1000_lpnsseed1000,1079,2079,200,100,-182.41678551601598,26.550629638402892,0.490387707902642,0.5152730309108259,0.9517045886057822,results/bootstrap_runs/nl100_m20_w20/boot_method3_out/boot3_d12_nl100_m20_w20_n600_p12_ds415_lmin1of100_lseed415_lN1000_lpnsseed1000_nsseed1079_bootseed2079.npz,results/bootstrap_runs/nl100_m20_w20/ns_runs_out/ns_out_d12_nl100_m20_w20_n600_p12_ds415_lmin1of100_lseed415_lN1000_lpnsseed1000_nsseed1079.npz,0.583743127326304,results/nl100_m20_w20/combined_nl100_m20_w20.npz,0.8400744864419147,0.8827050919998167
nl100_m20_w20,d12_nl100_m20_w20_n600_p12_ds415_lmin1of100_lseed415_lN1000_lpnsseed1000,d12_nl100_m20_w20_n600_p12_ds415,lmin1of100_lseed415_lN1000_lpnsseed1000,1080,2080,200,100,-182.43598568354142,26.677043809461722,0.5769248289884931,0.5164982459743859,1.1169928135963192,results/bootstrap_runs/nl100_m20_w20/boot_method3_out/boot3_d12_nl100_m20_w20_n600_p12_ds415_lmin1of100_lseed415_lN1000_lpnsseed1000_nsseed1080_bootseed2080.npz,results/bootstrap_runs/nl100_m20_w20/ns_runs_out/ns_out_d12_nl100_m20_w20_n600_p12_ds415_lmin1of100_lseed415_lN1000_lpnsseed1000_nsseed1080.npz,0.583743127326304,results/nl100_m20_w20/combined_nl100_m20_w20.npz,0.9883196940252805,0.8848039861986603
nl100_m20_w20,d12_nl100_m20_w20_n600_p12_ds415_lmin1of100_lseed415_lN1000_lpnsseed1000,d12_nl100_m20_w20_n600_p12_ds415,lmin1of100_lseed415_lN1000_lpnsseed1000,1081,2081,200,100,-181.8868334509159,26.209132779703612,0.4913553004480657,0.5119485597177085,0.9597747490861229,results/bootstrap_runs/nl100_m20_w20/boot_method3_out/boot3_d12_nl100_m20_w20_n600_p12_ds415_lmin1of100_lseed415_lN1000_lpnsseed1000_nsseed1081_bootseed2081.npz,results/bootstrap_runs/nl100_m20_w20/ns_runs_out/ns_out_d12_nl100_m20_w20_n600_p12_ds415_lmin1of100_lseed415_lN1000_lpnsseed1000_nsseed1081.npz,0.583743127326304,results/nl100_m20_w20/combined_nl100_m20_w20.npz,0.8417320520733175,0.8770099993511986
nl100_m20_w20,d12_nl100_m20_w20_n600_p12_ds415_lmin1of100_lseed415_lN1000_lpnsseed1000,d12_nl100_m20_w20_n600_p12_ds415,lmin1of100_lseed415_lN1000_lpnsseed1000,1082,2082,200,100,-181.43585215767692,26.172902862968606,0.5214730932778657,0.5115945940192156,1.0193092330805182,results/bootstrap_runs/nl100_m20_w20/boot_method3_out/boot3_d12_nl100_m20_w20_n600_p12_ds415_lmin1of100_lseed415_lN1000_lpnsseed1000_nsseed1082_bootseed2082.npz,results/bootstrap_runs/nl100_m20_w20/ns_runs_out/ns_out_d12_nl100_m20_w20_n600_p12_ds415_lmin1of100_lseed415_lN1000_lpnsseed1000_nsseed1082.npz,0.583743127326304,results/nl100_m20_w20/combined_nl100_m20_w20.npz,0.8933263088960871,0.876403626989927
nl100_m20_w20,d12_nl100_m20_w20_n600_p12_ds415_lmin1of100_lseed415_lN1000_lpnsseed1000,d12_nl100_m20_w20_n600_p12_ds415,lmin1of100_lseed415_lN1000_lpnsseed1000,1083,2083,200,100,-181.42593399035326,26.37128338696429,0.5066728975010993,0.5135297789511752,0.9866475485334457,results/bootstrap_runs/nl100_m20_w20/boot_method3_out/boot3_d12_nl100_m20_w20_n600_p12_ds415_lmin1of100_lseed415_lN1000_lpnsseed1000_nsseed1083_bootseed2083.npz,results/bootstrap_runs/nl100_m20_w20/ns_runs_out/ns_out_d12_nl100_m20_w20_n600_p12_ds415_lmin1of100_lseed415_lN1000_lpnsseed1000_nsseed1083.npz,0.583743127326304,results/nl100_m20_w20/combined_nl100_m20_w20.npz,0.8679723559603923,0.879718757980545
nl100_m20_w20,d12_nl100_m20_w20_n600_p12_ds415_lmin1of100_lseed415_lN1000_lpnsseed1000,d12_nl100_m20_w20_n600_p12_ds415,lmin1of100_lseed415_lN1000_lpnsseed1000,1084,2084,200,100,-182.1795205925293,26.767203683261414,0.5540747956063932,0.5173703091912157,1.0709443231726152,results/bootstrap_runs/nl100_m20_w20/boot_method3_out/boot3_d12_nl100_m20_w20_n600_p12_ds415_lmin1of100_lseed415_lN1000_lpnsseed1000_nsseed1084_bootseed2084.npz,results/bootstrap_runs/nl100_m20_w20/ns_runs_out/ns_out_d12_nl100_m20_w20_n600_p12_ds415_lmin1of100_lseed415_lN1000_lpnsseed1000_nsseed1084.npz,0.583743127326304,results/nl100_m20_w20/combined_nl100_m20_w20.npz,0.9491757070343603,0.8862979022312553
nl100_m20_w20,d12_nl100_m20_w20_n600_p12_ds415_lmin1of100_lseed415_lN1000_lpnsseed1000,d12_nl100_m20_w20_n600_p12_ds415,lmin1of100_lseed415_lN1000_lpnsseed1000,1085,2085,200,100,-181.6333546637842,25.97174113352912,0.48229382896558887,0.509624775040707,0.9463704525100157,results/bootstrap_runs/nl100_m20_w20/boot_method3_out/boot3_d12_nl100_m20_w20_n600_p12_ds415_lmin1of100_lseed415_lN1000_lpnsseed1000_nsseed1085_bootseed2085.npz,results/bootstrap_runs/nl100_m20_w20/ns_runs_out/ns_out_d12_nl100_m20_w20_n600_p12_ds415_lmin1of100_lseed415_lN1000_lpnsseed1000_nsseed1085.npz,0.583743127326304,results/nl100_m20_w20/combined_nl100_m20_w20.npz,0.8262090059622982,0.8730291650283262
nl100_m20_w20,d12_nl100_m20_w20_n600_p12_ds415_lmin1of100_lseed415_lN1000_lpnsseed1000,d12_nl100_m20_w20_n600_p12_ds415,lmin1of100_lseed415_lN1000_lpnsseed1000,1086,2086,200,100,-181.2740015903364,25.61792823686213,0.5273881603827508,0.5061415635655911,1.0419775777106404,results/bootstrap_runs/nl100_m20_w20/boot_method3_out/boot3_d12_nl100_m20_w20_n600_p12_ds415_lmin1of100_lseed415_lN1000_lpnsseed1000_nsseed1086_bootseed2086.npz,results/bootstrap_runs/nl100_m20_w20/ns_runs_out/ns_out_d12_nl100_m20_w20_n600_p12_ds415_lmin1of100_lseed415_lN1000_lpnsseed1000_nsseed1086.npz,0.583743127326304,results/nl100_m20_w20/combined_nl100_m20_w20.npz,0.9034593054625352,0.8670621372175322
nl100_m20_w20,d12_nl100_m20_w20_n600_p12_ds415_lmin1of100_lseed415_lN1000_lpnsseed1000,d12_nl100_m20_w20_n600_p12_ds415,lmin1of100_lseed415_lN1000_lpnsseed1000,1087,2087,200,100,-181.66274133182657,26.276234087292885,0.48951379155855723,0.5126034928411324,0.9549560203840999,results/bootstrap_runs/nl100_m20_w20/boot_method3_out/boot3_d12_nl100_m20_w20_n600_p12_ds415_lmin1of100_lseed415_lN1000_lpnsseed1000_nsseed1087_bootseed2087.npz,results/bootstrap_runs/nl100_m20_w20/ns_runs_out/ns_out_d12_nl100_m20_w20_n600_p12_ds415_lmin1of100_lseed415_lN1000_lpnsseed1000_nsseed1087.npz,0.583743127326304,results/nl100_m20_w20/combined_nl100_m20_w20.npz,0.8385773958498806,0.8781319536711127
nl100_m20_w20,d12_nl100_m20_w20_n600_p12_ds415_lmin1of100_lseed415_lN1000_lpnsseed1000,d12_nl100_m20_w20_n600_p12_ds415,lmin1of100_lseed415_lN1000_lpnsseed1000,1088,2088,200,100,-181.8416940840775,25.983923533710385,0.49970654586397983,0.5097442842613381,0.9803082865129056,results/bootstrap_runs/nl100_m20_w20/boot_method3_out/boot3_d12_nl100_m20_w20_n600_p12_ds415_lmin1of100_lseed415_lN1000_lpnsseed1000_nsseed1088_bootseed2088.npz,results/bootstrap_runs/nl100_m20_w20/ns_runs_out/ns_out_d12_nl100_m20_w20_n600_p12_ds415_lmin1of100_lseed415_lN1000_lpnsseed1000_nsseed1088.npz,0.583743127326304,results/nl100_m20_w20/combined_nl100_m20_w20.npz,0.8560384225040325,0.8732338941549516
nl100_m20_w20,d12_nl100_m20_w20_n600_p12_ds415_lmin1of100_lseed415_lN1000_lpnsseed1000,d12_nl100_m20_w20_n600_p12_ds415,lmin1of100_lseed415_lN1000_lpnsseed1000,1089,2089,200,100,-180.53464894666502,24.886981463616635,0.5219474168865503,0.4988685344218117,1.046262453677274,results/bootstrap_runs/nl100_m20_w20/boot_method3_out/boot3_d12_nl100_m20_w20_n600_p12_ds415_lmin1of100_lseed415_lN1000_lpnsseed1000_nsseed1089_bootseed2089.npz,results/bootstrap_runs/nl100_m20_w20/ns_runs_out/ns_out_d12_nl100_m20_w20_n600_p12_ds415_lmin1of100_lseed415_lN1000_lpnsseed1000_nsseed1089.npz,0.583743127326304,results/nl100_m20_w20/combined_nl100_m20_w20.npz,0.8941388642590207,0.854602839962776
nl100_m20_w20,d12_nl100_m20_w20_n600_p12_ds415_lmin1of100_lseed415_lN1000_lpnsseed1000,d12_nl100_m20_w20_n600_p12_ds415,lmin1of100_lseed415_lN1000_lpnsseed1000,1090,2090,200,100,-181.0005036221136,25.55808013703575,0.4608549493945839,0.5055499988827589,0.9115912380833767,results/bootstrap_runs/nl100_m20_w20/boot_method3_out/boot3_d12_nl100_m20_w20_n600_p12_ds415_lmin1of100_lseed415_lN1000_lpnsseed1000_nsseed1090_bootseed2090.npz,results/bootstrap_runs/nl100_m20_w20/ns_runs_out/ns_out_d12_nl100_m20_w20_n600_p12_ds415_lmin1of100_lseed415_lN1000_lpnsseed1000_nsseed1090.npz,0.583743127326304,results/nl100_m20_w20/combined_nl100_m20_w20.npz,0.7894824415414019,0.8660487382494934
nl100_m20_w20,d12_nl100_m20_w20_n600_p12_ds415_lmin1of100_lseed415_lN1000_lpnsseed1000,d12_nl100_m20_w20_n600_p12_ds415,lmin1of100_lseed415_lN1000_lpnsseed1000,1091,2091,200,100,-182.47665353030482,26.797984845451225,0.5369185636199492,0.5176677008028531,1.0371876838891818,results/bootstrap_runs/nl100_m20_w20/boot_method3_out/boot3_d12_nl100_m20_w20_n600_p12_ds415_lmin1of100_lseed415_lN1000_lpnsseed1000_nsseed1091_bootseed2091.npz,results/bootstrap_runs/nl100_m20_w20/ns_runs_out/ns_out_d12_nl100_m20_w20_n600_p12_ds415_lmin1of100_lseed415_lN1000_lpnsseed1000_nsseed1091.npz,0.583743127326304,results/nl100_m20_w20/combined_nl100_m20_w20.npz,0.9197856702470768,0.8868073585275538
nl100_m20_w20,d12_nl100_m20_w20_n600_p12_ds415_lmin1of100_lseed415_lN1000_lpnsseed1000,d12_nl100_m20_w20_n600_p12_ds415,lmin1of100_lseed415_lN1000_lpnsseed1000,1092,2092,200,100,-181.9673024413273,26.66548639888259,0.5200270446071873,0.5163863514741902,1.0070503279620067,results/bootstrap_runs/nl100_m20_w20/boot_method3_out/boot3_d12_nl100_m20_w20_n600_p12_ds415_lmin1of100_lseed415_lN1000_lpnsseed1000_nsseed1092_bootseed2092.npz,results/bootstrap_runs/nl100_m20_w20/ns_runs_out/ns_out_d12_nl100_m20_w20_n600_p12_ds415_lmin1of100_lseed415_lN1000_lpnsseed1000_nsseed1092.npz,0.583743127326304,results/nl100_m20_w20/combined_nl100_m20_w20.npz,0.8908491085608957,0.8846123017145823
nl100_m20_w20,d12_nl100_m20_w20_n600_p12_ds415_lmin1of100_lseed415_lN1000_lpnsseed1000,d12_nl100_m20_w20_n600_p12_ds415,lmin1of100_lseed415_lN1000_lpnsseed1000,1093,2093,200,100,-182.38369191873267,26.540143545998404,0.47925574832773926,0.5151712680846866,0.9302843112922917,results/bootstrap_runs/nl100_m20_w20/boot_method3_out/boot3_d12_nl100_m20_w20_n600_p12_ds415_lmin1of100_lseed415_lN1000_lpnsseed1000_nsseed1093_bootseed2093.npz,results/bootstrap_runs/nl100_m20_w20/ns_runs_out/ns_out_d12_nl100_m20_w20_n600_p12_ds415_lmin1of100_lseed415_lN1000_lpnsseed1000_nsseed1093.npz,0.583743127326304,results/nl100_m20_w20/combined_nl100_m20_w20.npz,0.8210045238953918,0.8825307639069013
nl100_m20_w20,d12_nl100_m20_w20_n600_p12_ds415_lmin1of100_lseed415_lN1000_lpnsseed1000,d12_nl100_m20_w20_n600_p12_ds415,lmin1of100_lseed415_lN1000_lpnsseed1000,1094,2094,200,100,-182.1086967959512,27.252911808392508,0.5300283071026168,0.5220432147666754,1.0152958454589058,results/bootstrap_runs/nl100_m20_w20/boot_method3_out/boot3_d12_nl100_m20_w20_n600_p12_ds415_lmin1of100_lseed415_lN1000_lpnsseed1000_nsseed1094_bootseed2094.npz,results/bootstrap_runs/nl100_m20_w20/ns_runs_out/ns_out_d12_nl100_m20_w20_n600_p12_ds415_lmin1of100_lseed415_lN1000_lpnsseed1000_nsseed1094.npz,0.583743127326304,results/nl100_m20_w20/combined_nl100_m20_w20.npz,0.9079820939910419,0.8943029739086945
nl100_m20_w20,d12_nl100_m20_w20_n600_p12_ds415_lmin1of100_lseed415_lN1000_lpnsseed1000,d12_nl100_m20_w20_n600_p12_ds415,lmin1of100_lseed415_lN1000_lpnsseed1000,1095,2095,200,100,-181.9293225040336,26.491235089463295,0.5032224407438897,0.5146963676718856,0.9777073870175231,results/bootstrap_runs/nl100_m20_w20/boot_method3_out/boot3_d12_nl100_m20_w20_n600_p12_ds415_lmin1of100_lseed415_lN1000_lpnsseed1000_nsseed1095_bootseed2095.npz,results/bootstrap_runs/nl100_m20_w20/ns_runs_out/ns_out_d12_nl100_m20_w20_n600_p12_ds415_lmin1of100_lseed415_lN1000_lpnsseed1000_nsseed1095.npz,0.583743127326304,results/nl100_m20_w20/combined_nl100_m20_w20.npz,0.8620614396760095,0.8817172204310644
nl100_m20_w20,d12_nl100_m20_w20_n600_p12_ds415_lmin1of100_lseed415_lN1000_lpnsseed1000,d12_nl100_m20_w20_n600_p12_ds415,lmin1of100_lseed415_lN1000_lpnsseed1000,1096,2096,200,100,-182.56182398109652,26.926645919427912,0.5177321158194341,0.518908912232464,0.997732171513557,results/bootstrap_runs/nl100_m20_w20/boot_method3_out/boot3_d12_nl100_m20_w20_n600_p12_ds415_lmin1of100_lseed415_lN1000_lpnsseed1000_nsseed1096_bootseed2096.npz,results/bootstrap_runs/nl100_m20_w20/ns_runs_out/ns_out_d12_nl100_m20_w20_n600_p12_ds415_lmin1of100_lseed415_lN1000_lpnsseed1000_nsseed1096.npz,0.583743127326304,results/nl100_m20_w20/combined_nl100_m20_w20.npz,0.8869177067501977,0.8889336558174182
nl100_m20_w20,d12_nl100_m20_w20_n600_p12_ds415_lmin1of100_lseed415_lN1000_lpnsseed1000,d12_nl100_m20_w20_n600_p12_ds415,lmin1of100_lseed415_lN1000_lpnsseed1000,1097,2097,200,100,-181.55340485824792,26.32820331417448,0.5122297166744846,0.5131101569270918,0.9982841106520284,results/bootstrap_runs/nl100_m20_w20/boot_method3_out/boot3_d12_nl100_m20_w20_n600_p12_ds415_lmin1of100_lseed415_lN1000_lpnsseed1000_nsseed1097_bootseed2097.npz,results/bootstrap_runs/nl100_m20_w20/ns_runs_out/ns_out_d12_nl100_m20_w20_n600_p12_ds415_lmin1of100_lseed415_lN1000_lpnsseed1000_nsseed1097.npz,0.583743127326304,results/nl100_m20_w20/combined_nl100_m20_w20.npz,0.8774916443481408,0.8789999109321773
nl100_m20_w20,d12_nl100_m20_w20_n600_p12_ds415_lmin1of100_lseed415_lN1000_lpnsseed1000,d12_nl100_m20_w20_n600_p12_ds415,lmin1of100_lseed415_lN1000_lpnsseed1000,1098,2098,200,100,-181.99982235305143,26.658538369668662,0.516736418907866,0.5163190715988386,1.0008083127894831,results/bootstrap_runs/nl100_m20_w20/boot_method3_out/boot3_d12_nl100_m20_w20_n600_p12_ds415_lmin1of100_lseed415_lN1000_lpnsseed1000_nsseed1098_bootseed2098.npz,results/bootstrap_runs/nl100_m20_w20/ns_runs_out/ns_out_d12_nl100_m20_w20_n600_p12_ds415_lmin1of100_lseed415_lN1000_lpnsseed1000_nsseed1098.npz,0.583743127326304,results/nl100_m20_w20/combined_nl100_m20_w20.npz,0.885211996027523,0.8844970457531807
nl100_m20_w20,d12_nl100_m20_w20_n600_p12_ds415_lmin1of100_lseed415_lN1000_lpnsseed1000,d12_nl100_m20_w20_n600_p12_ds415,lmin1of100_lseed415_lN1000_lpnsseed1000,1099,2099,200,100,-181.68160477462143,25.95775001083527,0.5437046277606473,0.5094874876857651,1.0671599222785746,results/bootstrap_runs/nl100_m20_w20/boot_method3_out/boot3_d12_nl100_m20_w20_n600_p12_ds415_lmin1of100_lseed415_lN1000_lpnsseed1000_nsseed1099_bootseed2099.npz,results/bootstrap_runs/nl100_m20_w20/ns_runs_out/ns_out_d12_nl100_m20_w20_n600_p12_ds415_lmin1of100_lseed415_lN1000_lpnsseed1000_nsseed1099.npz,0.583743127326304,results/nl100_m20_w20/combined_nl100_m20_w20.npz,0.9314107563903263,0.8727939804950697
nl100_m20_w20,d12_nl100_m20_w20_n600_p12_ds415_lmin1of100_lseed415_lN1000_lpnsseed1000,d12_nl100_m20_w20_n600_p12_ds415,lmin1of100_lseed415_lN1000_lpnsseed1000,1100,2100,200,100,-180.46652340096327,25.16634958447542,0.4997802158451744,0.5016607377947313,0.9962514069611595,results/bootstrap_runs/nl100_m20_w20/boot_method3_out/boot3_d12_nl100_m20_w20_n600_p12_ds415_lmin1of100_lseed415_lN1000_lpnsseed1000_nsseed1100_bootseed2100.npz,results/bootstrap_runs/nl100_m20_w20/ns_runs_out/ns_out_d12_nl100_m20_w20_n600_p12_ds415_lmin1of100_lseed415_lN1000_lpnsseed1000_nsseed1100.npz,0.583743127326304,results/nl100_m20_w20/combined_nl100_m20_w20.npz,0.8561646252424391,0.8593861140472326
nl100_m20_w20,d12_nl100_m20_w20_n600_p12_ds415_lmin1of100_lseed415_lN1000_lpnsseed1000,d12_nl100_m20_w20_n600_p12_ds415,lmin1of100_lseed415_lN1000_lpnsseed1000,1101,2101,200,100,-181.42029743486273,25.55681120449266,0.4965691781717184,0.5055374487067468,0.9822599284029883,results/bootstrap_runs/nl100_m20_w20/boot_method3_out/boot3_d12_nl100_m20_w20_n600_p12_ds415_lmin1of100_lseed415_lN1000_lpnsseed1000_nsseed1101_bootseed2101.npz,results/bootstrap_runs/nl100_m20_w20/ns_runs_out/ns_out_d12_nl100_m20_w20_n600_p12_ds415_lmin1of100_lseed415_lN1000_lpnsseed1000_nsseed1101.npz,0.583743127326304,results/nl100_m20_w20/combined_nl100_m20_w20.npz,0.8506638535448545,0.8660272387655172
nl100_m20_w20,d12_nl100_m20_w20_n600_p12_ds415_lmin1of100_lseed415_lN1000_lpnsseed1000,d12_nl100_m20_w20_n600_p12_ds415,lmin1of100_lseed415_lN1000_lpnsseed1000,1102,2102,200,100,-181.698534979631,25.985323696422217,0.44107859044213044,0.5097580180479971,0.8652705299882109,results/bootstrap_runs/nl100_m20_w20/boot_method3_out/boot3_d12_nl100_m20_w20_n600_p12_ds415_lmin1of100_lseed415_lN1000_lpnsseed1000_nsseed1102_bootseed2102.npz,results/bootstrap_runs/nl100_m20_w20/ns_runs_out/ns_out_d12_nl100_m20_w20_n600_p12_ds415_lmin1of100_lseed415_lN1000_lpnsseed1000_nsseed1102.npz,0.583743127326304,results/nl100_m20_w20/combined_nl100_m20_w20.npz,0.7556039117109363,0.8732574212613381
nl100_m20_w20,d12_nl100_m20_w20_n600_p12_ds415_lmin1of100_lseed415_lN1000_lpnsseed1000,d12_nl100_m20_w20_n600_p12_ds415,lmin1of100_lseed415_lN1000_lpnsseed1000,1103,2103,200,100,-181.00007647346024,25.53342188068019,0.46704512681259813,0.5053060644864673,0.9242816574688194,results/bootstrap_runs/nl100_m20_w20/boot_method3_out/boot3_d12_nl100_m20_w20_n600_p12_ds415_lmin1of100_lseed415_lN1000_lpnsseed1000_nsseed1103_bootseed2103.npz,results/bootstrap_runs/nl100_m20_w20/ns_runs_out/ns_out_d12_nl100_m20_w20_n600_p12_ds415_lmin1of100_lseed415_lN1000_lpnsseed1000_nsseed1103.npz,0.583743127326304,results/nl100_m20_w20/combined_nl100_m20_w20.npz,0.8000867247067848,0.8656308585608555
nl100_m20_w20,d12_nl100_m20_w20_n600_p12_ds415_lmin1of100_lseed415_lN1000_lpnsseed1000,d12_nl100_m20_w20_n600_p12_ds415,lmin1of100_lseed415_lN1000_lpnsseed1000,1104,2104,200,100,-182.17449119016075,26.336475364730113,0.5240854650603431,0.5131907575622354,1.0212293525118417,results/bootstrap_runs/nl100_m20_w20/boot_method3_out/boot3_d12_nl100_m20_w20_n600_p12_ds415_lmin1of100_lseed415_lN1000_lpnsseed1000_nsseed1104_bootseed2104.npz,results/bootstrap_runs/nl100_m20_w20/ns_runs_out/ns_out_d12_nl100_m20_w20_n600_p12_ds415_lmin1of100_lseed415_lN1000_lpnsseed1000_nsseed1104.npz,0.583743127326304,results/nl100_m20_w20/combined_nl100_m20_w20.npz,0.8978015166718819,0.8791379864509637
nl100_m20_w20,d12_nl100_m20_w20_n600_p12_ds415_lmin1of100_lseed415_lN1000_lpnsseed1000,d12_nl100_m20_w20_n600_p12_ds415,lmin1of100_lseed415_lN1000_lpnsseed1000,1105,2105,200,100,-181.8763029416231,26.703778363550402,0.54109855585613,0.5167569870214664,1.0471044793704016,results/bootstrap_runs/nl100_m20_w20/boot_method3_out/boot3_d12_nl100_m20_w20_n600_p12_ds415_lmin1of100_lseed415_lN1000_lpnsseed1000_nsseed1105_bootseed2105.npz,results/bootstrap_runs/nl100_m20_w20/ns_runs_out/ns_out_d12_nl100_m20_w20_n600_p12_ds415_lmin1of100_lseed415_lN1000_lpnsseed1000_nsseed1105.npz,0.583743127326304,results/nl100_m20_w20/combined_nl100_m20_w20.npz,0.9269463408237503,0.8852472308982008
nl100_m20_w20,d12_nl100_m20_w20_n600_p12_ds415_lmin1of100_lseed415_lN1000_lpnsseed1000,d12_nl100_m20_w20_n600_p12_ds415,lmin1of100_lseed415_lN1000_lpnsseed1000,1106,2106,200,100,-182.11151125758147,26.28593134940009,0.5059841907504261,0.5126980724500542,0.9869048040934811,results/bootstrap_runs/nl100_m20_w20/boot_method3_out/boot3_d12_nl100_m20_w20_n600_p12_ds415_lmin1of100_lseed415_lN1000_lpnsseed1000_nsseed1106_bootseed2106.npz,results/bootstrap_runs/nl100_m20_w20/ns_runs_out/ns_out_d12_nl100_m20_w20_n600_p12_ds415_lmin1of100_lseed415_lN1000_lpnsseed1000_nsseed1106.npz,0.583743127326304,results/nl100_m20_w20/combined_nl100_m20_w20.npz,0.8667925446385397,0.8782939763219917
nl100_m20_w20,d12_nl100_m20_w20_n600_p12_ds415_lmin1of100_lseed415_lN1000_lpnsseed1000,d12_nl100_m20_w20_n600_p12_ds415,lmin1of100_lseed415_lN1000_lpnsseed1000,1107,2107,200,100,-182.43202749154705,26.68341338788454,0.5131918520600653,0.5165599034757202,0.9934798434934794,results/bootstrap_runs/nl100_m20_w20/boot_method3_out/boot3_d12_nl100_m20_w20_n600_p12_ds415_lmin1of100_lseed415_lN1000_lpnsseed1000_nsseed1107_bootseed2107.npz,results/bootstrap_runs/nl100_m20_w20/ns_runs_out/ns_out_d12_nl100_m20_w20_n600_p12_ds415_lmin1of100_lseed415_lN1000_lpnsseed1000_nsseed1107.npz,0.583743127326304,results/nl100_m20_w20/combined_nl100_m20_w20.npz,0.8791398614157877,0.8849096105708337
nl100_m20_w20,d12_nl100_m20_w20_n600_p12_ds415_lmin1of100_lseed415_lN1000_lpnsseed1000,d12_nl100_m20_w20_n600_p12_ds415,lmin1of100_lseed415_lN1000_lpnsseed1000,1108,2108,200,100,-182.5935634769972,27.088214699806475,0.5380814167481069,0.5204633964056116,1.0338506424547196,results/bootstrap_runs/nl100_m20_w20/boot_method3_out/boot3_d12_nl100_m20_w20_n600_p12_ds415_lmin1of100_lseed415_lN1000_lpnsseed1000_nsseed1108_bootseed2108.npz,results/bootstrap_runs/nl100_m20_w20/ns_runs_out/ns_out_d12_nl100_m20_w20_n600_p12_ds415_lmin1of100_lseed415_lN1000_lpnsseed1000_nsseed1108.npz,0.583743127326304,results/nl100_m20_w20/combined_nl100_m20_w20.npz,0.9217777333202369,0.8915966150890202
nl100_m20_w20,d12_nl100_m20_w20_n600_p12_ds415_lmin1of100_lseed415_lN1000_lpnsseed1000,d12_nl100_m20_w20_n600_p12_ds415,lmin1of100_lseed415_lN1000_lpnsseed1000,1109,2109,200,100,-181.1804097198067,26.04613352760367,0.48189994541618403,0.5103541273234073,0.9442462000719901,results/bootstrap_runs/nl100_m20_w20/boot_method3_out/boot3_d12_nl100_m20_w20_n600_p12_ds415_lmin1of100_lseed415_lN1000_lpnsseed1000_nsseed1109_bootseed2109.npz,results/bootstrap_runs/nl100_m20_w20/ns_runs_out/ns_out_d12_nl100_m20_w20_n600_p12_ds415_lmin1of100_lseed415_lN1000_lpnsseed1000_nsseed1109.npz,0.583743127326304,results/nl100_m20_w20/combined_nl100_m20_w20.npz,0.8255342510384862,0.8742786054903338
nl100_m20_w20,d12_nl100_m20_w20_n600_p12_ds415_lmin1of100_lseed415_lN1000_lpnsseed1000,d12_nl100_m20_w20_n600_p12_ds415,lmin1of100_lseed415_lN1000_lpnsseed1000,1110,2110,200,100,-182.27793715415234,26.90306261520007,0.5043289825282454,0.5186816231099775,0.9723286117297262,results/bootstrap_runs/nl100_m20_w20/boot_method3_out/boot3_d12_nl100_m20_w20_n600_p12_ds415_lmin1of100_lseed415_lN1000_lpnsseed1000_nsseed1110_bootseed2110.npz,results/bootstrap_runs/nl100_m20_w20/ns_runs_out/ns_out_d12_nl100_m20_w20_n600_p12_ds415_lmin1of100_lseed415_lN1000_lpnsseed1000_nsseed1110.npz,0.583743127326304,results/nl100_m20_w20/combined_nl100_m20_w20.npz,0.8639570367846624,0.8885442908521678
nl100_m20_w20,d12_nl100_m20_w20_n600_p12_ds415_lmin1of100_lseed415_lN1000_lpnsseed1000,d12_nl100_m20_w20_n600_p12_ds415,lmin1of100_lseed415_lN1000_lpnsseed1000,1111,2111,200,100,-182.12588883522338,26.452497985657157,0.5374294601016663,0.514319919754788,1.044932228870109,results/bootstrap_runs/nl100_m20_w20/boot_method3_out/boot3_d12_nl100_m20_w20_n600_p12_ds415_lmin1of100_lseed415_lN1000_lpnsseed1000_nsseed1111_bootseed2111.npz,results/bootstrap_runs/nl100_m20_w20/ns_runs_out/ns_out_d12_nl100_m20_w20_n600_p12_ds415_lmin1of100_lseed415_lN1000_lpnsseed1000_nsseed1111.npz,0.583743127326304,results/nl100_m20_w20/combined_nl100_m20_w20.npz,0.9206608779502614,0.8810723341797746
nl100_m20_w20,d12_nl100_m20_w20_n600_p12_ds415_lmin1of100_lseed415_lN1000_lpnsseed1000,d12_nl100_m20_w20_n600_p12_ds415,lmin1of100_lseed415_lN1000_lpnsseed1000,1112,2112,200,100,-183.0390597481273,27.604118198887473,0.4957514629432873,0.5253962142886782,0.9435763895148612,results/bootstrap_runs/nl100_m20_w20/boot_method3_out/boot3_d12_nl100_m20_w20_n600_p12_ds415_lmin1of100_lseed415_lN1000_lpnsseed1000_nsseed1112_bootseed2112.npz,results/bootstrap_runs/nl100_m20_w20/ns_runs_out/ns_out_d12_nl100_m20_w20_n600_p12_ds415_lmin1of100_lseed415_lN1000_lpnsseed1000_nsseed1112.npz,0.583743127326304,results/nl100_m20_w20/combined_nl100_m20_w20.npz,0.8492630400874415,0.9000469379316381
nl100_m20_w20,d12_nl100_m20_w20_n600_p12_ds415_lmin1of100_lseed415_lN1000_lpnsseed1000,d12_nl100_m20_w20_n600_p12_ds415,lmin1of100_lseed415_lN1000_lpnsseed1000,1113,2113,200,100,-181.73148967772593,25.934804016777605,0.49442042484099646,0.5092622508764773,0.9708562218975844,results/bootstrap_runs/nl100_m20_w20/boot_method3_out/boot3_d12_nl100_m20_w20_n600_p12_ds415_lmin1of100_lseed415_lN1000_lpnsseed1000_nsseed1113_bootseed2113.npz,results/bootstrap_runs/nl100_m20_w20/ns_runs_out/ns_out_d12_nl100_m20_w20_n600_p12_ds415_lmin1of100_lseed415_lN1000_lpnsseed1000_nsseed1113.npz,0.583743127326304,results/nl100_m20_w20/combined_nl100_m20_w20.npz,0.8469828623174909,0.8724081313111667
nl100_m20_w20,d12_nl100_m20_w20_n600_p12_ds415_lmin1of100_lseed415_lN1000_lpnsseed1000,d12_nl100_m20_w20_n600_p12_ds415,lmin1of100_lseed415_lN1000_lpnsseed1000,1114,2114,200,100,-182.4706244816376,26.50385749624807,0.5080632043167566,0.5148189730016568,0.9868773898414996,results/bootstrap_runs/nl100_m20_w20/boot_method3_out/boot3_d12_nl100_m20_w20_n600_p12_ds415_lmin1of100_lseed415_lN1000_lpnsseed1000_nsseed1114_bootseed2114.npz,results/bootstrap_runs/nl100_m20_w20/ns_runs_out/ns_out_d12_nl100_m20_w20_n600_p12_ds415_lmin1of100_lseed415_lN1000_lpnsseed1000_nsseed1114.npz,0.583743127326304,results/nl100_m20_w20/combined_nl100_m20_w20.npz,0.8703540659122083,0.8819272534473549
nl100_m20_w20,d12_nl100_m20_w20_n600_p12_ds415_lmin1of100_lseed415_lN1000_lpnsseed1000,d12_nl100_m20_w20_n600_p12_ds415,lmin1of100_lseed415_lN1000_lpnsseed1000,1115,2115,200,100,-181.6254744678043,26.247630788105297,0.5167735203728462,0.512324416635644,1.0086841532293518,results/bootstrap_runs/nl100_m20_w20/boot_method3_out/boot3_d12_nl100_m20_w20_n600_p12_ds415_lmin1of100_lseed415_lN1000_lpnsseed1000_nsseed1115_bootseed2115.npz,results/bootstrap_runs/nl100_m20_w20/ns_runs_out/ns_out_d12_nl100_m20_w20_n600_p12_ds415_lmin1of100_lseed415_lN1000_lpnsseed1000_nsseed1115.npz,0.583743127326304,results/nl100_m20_w20/combined_nl100_m20_w20.npz,0.8852755538892663,0.8776538731723038
nl100_m20_w20,d12_nl100_m20_w20_n600_p12_ds415_lmin1of100_lseed415_lN1000_lpnsseed1000,d12_nl100_m20_w20_n600_p12_ds415,lmin1of100_lseed415_lN1000_lpnsseed1000,1116,2116,200,100,-182.18212523076738,26.781450054056045,0.5255654197312889,0.5175079714753777,1.0155697084876585,results/bootstrap_runs/nl100_m20_w20/boot_method3_out/boot3_d12_nl100_m20_w20_n600_p12_ds415_lmin1of100_lseed415_lN1000_lpnsseed1000_nsseed1116_bootseed2116.npz,results/bootstrap_runs/nl100_m20_w20/ns_runs_out/ns_out_d12_nl100_m20_w20_n600_p12_ds415_lmin1of100_lseed415_lN1000_lpnsseed1000_nsseed1116.npz,0.583743127326304,results/nl100_m20_w20/combined_nl100_m20_w20.npz,0.9003368007748817,0.8865337290491101
nl100_m20_w20,d12_nl100_m20_w20_n600_p12_ds415_lmin1of100_lseed415_lN1000_lpnsseed1000,d12_nl100_m20_w20_n600_p12_ds415,lmin1of100_lseed415_lN1000_lpnsseed1000,1117,2117,200,100,-181.12991320385322,25.278753045580984,0.5323212164516913,0.5027798031502556,1.0587561654552127,results/bootstrap_runs/nl100_m20_w20/boot_method3_out/boot3_d12_nl100_m20_w20_n600_p12_ds415_lmin1of100_lseed415_lN1000_lpnsseed1000_nsseed1117_bootseed2117.npz,results/bootstrap_runs/nl100_m20_w20/ns_runs_out/ns_out_d12_nl100_m20_w20_n600_p12_ds415_lmin1of100_lseed415_lN1000_lpnsseed1000_nsseed1117.npz,0.583743127326304,results/nl100_m20_w20/combined_nl100_m20_w20.npz,0.9119100363371497,0.861303165063576
nl100_m20_w20,d12_nl100_m20_w20_n600_p12_ds415_lmin1of100_lseed415_lN1000_lpnsseed1000,d12_nl100_m20_w20_n600_p12_ds415,lmin1of100_lseed415_lN1000_lpnsseed1000,1118,2118,200,100,-182.36830861156582,26.603062670834397,0.45966218318462276,0.5157815687947215,0.8911954420138771,results/bootstrap_runs/nl100_m20_w20/boot_method3_out/boot3_d12_nl100_m20_w20_n600_p12_ds415_lmin1of100_lseed415_lN1000_lpnsseed1000_nsseed1118_bootseed2118.npz,results/bootstrap_runs/nl100_m20_w20/ns_runs_out/ns_out_d12_nl100_m20_w20_n600_p12_ds415_lmin1of100_lseed415_lN1000_lpnsseed1000_nsseed1118.npz,0.583743127326304,results/nl100_m20_w20/combined_nl100_m20_w20.npz,0.7874391348982482,0.8835762592308981
nl100_m20_w20,d12_nl100_m20_w20_n600_p12_ds415_lmin1of100_lseed415_lN1000_lpnsseed1000,d12_nl100_m20_w20_n600_p12_ds415,lmin1of100_lseed415_lN1000_lpnsseed1000,1119,2119,200,100,-182.37059867969535,26.839605258082475,0.5164824983158495,0.5180695441548603,0.9969366162189677,results/bootstrap_runs/nl100_m20_w20/boot_method3_out/boot3_d12_nl100_m20_w20_n600_p12_ds415_lmin1of100_lseed415_lN1000_lpnsseed1000_nsseed1119_bootseed2119.npz,results/bootstrap_runs/nl100_m20_w20/ns_runs_out/ns_out_d12_nl100_m20_w20_n600_p12_ds415_lmin1of100_lseed415_lN1000_lpnsseed1000_nsseed1119.npz,0.583743127326304,results/nl100_m20_w20/combined_nl100_m20_w20.npz,0.8847770091640723,0.887495749248054
nl100_m20_w20,d12_nl100_m20_w20_n600_p12_ds415_lmin1of100_lseed415_lN1000_lpnsseed1000,d12_nl100_m20_w20_n600_p12_ds415,lmin1of100_lseed415_lN1000_lpnsseed1000,1120,2120,200,100,-181.32046250473343,25.83286532417663,0.4969941727422707,0.5082604187242661,0.9778337136496411,results/bootstrap_runs/nl100_m20_w20/boot_method3_out/boot3_d12_nl100_m20_w20_n600_p12_ds415_lmin1of100_lseed415_lN1000_lpnsseed1000_nsseed1120_bootseed2120.npz,results/bootstrap_runs/nl100_m20_w20/ns_runs_out/ns_out_d12_nl100_m20_w20_n600_p12_ds415_lmin1of100_lseed415_lN1000_lpnsseed1000_nsseed1120.npz,0.583743127326304,results/nl100_m20_w20/combined_nl100_m20_w20.npz,0.8513919042073075,0.8706919104165416
nl100_m20_w20,d12_nl100_m20_w20_n600_p12_ds415_lmin1of100_lseed415_lN1000_lpnsseed1000,d12_nl100_m20_w20_n600_p12_ds415,lmin1of100_lseed415_lN1000_lpnsseed1000,1121,2121,200,100,-181.89889675977457,26.361489201264835,0.4934855365673722,0.5134344086761701,0.9611462111387632,results/bootstrap_runs/nl100_m20_w20/boot_method3_out/boot3_d12_nl100_m20_w20_n600_p12_ds415_lmin1of100_lseed415_lN1000_lpnsseed1000_nsseed1121_bootseed2121.npz,results/bootstrap_runs/nl100_m20_w20/ns_runs_out/ns_out_d12_nl100_m20_w20_n600_p12_ds415_lmin1of100_lseed415_lN1000_lpnsseed1000_nsseed1121.npz,0.583743127326304,results/nl100_m20_w20/combined_nl100_m20_w20.npz,0.8453813217941681,0.8795553808536193
nl100_m20_w20,d12_nl100_m20_w20_n600_p12_ds415_lmin1of100_lseed415_lN1000_lpnsseed1000,d12_nl100_m20_w20_n600_p12_ds415,lmin1of100_lseed415_lN1000_lpnsseed1000,1122,2122,200,100,-181.2560823772665,26.142386649586676,0.4993117049742675,0.5112962609836559,0.9765604466061772,results/bootstrap_runs/nl100_m20_w20/boot_method3_out/boot3_d12_nl100_m20_w20_n600_p12_ds415_lmin1of100_lseed415_lN1000_lpnsseed1000_nsseed1122_bootseed2122.npz,results/bootstrap_runs/nl100_m20_w20/ns_runs_out/ns_out_d12_nl100_m20_w20_n600_p12_ds415_lmin1of100_lseed415_lN1000_lpnsseed1000_nsseed1122.npz,0.583743127326304,results/nl100_m20_w20/combined_nl100_m20_w20.npz,0.8553620275775161,0.8758925579570013
nl100_m20_w20,d12_nl100_m20_w20_n600_p12_ds415_lmin1of100_lseed415_lN1000_lpnsseed1000,d12_nl100_m20_w20_n600_p12_ds415,lmin1of100_lseed415_lN1000_lpnsseed1000,1123,2123,200,100,-182.6002689913892,27.1860307720095,0.5201976545538136,0.521402251356949,0.9976896977333711,results/bootstrap_runs/nl100_m20_w20/boot_method3_out/boot3_d12_nl100_m20_w20_n600_p12_ds415_lmin1of100_lseed415_lN1000_lpnsseed1000_nsseed1123_bootseed2123.npz,results/bootstrap_runs/nl100_m20_w20/ns_runs_out/ns_out_d12_nl100_m20_w20_n600_p12_ds415_lmin1of100_lseed415_lN1000_lpnsseed1000_nsseed1123.npz,0.583743127326304,results/nl100_m20_w20/combined_nl100_m20_w20.npz,0.8911413774350626,0.893204950857593
nl100_m20_w20,d12_nl100_m20_w20_n600_p12_ds415_lmin1of100_lseed415_lN1000_lpnsseed1000,d12_nl100_m20_w20_n600_p12_ds415,lmin1of100_lseed415_lN1000_lpnsseed1000,1124,2124,200,100,-181.83992788560215,26.22953803692089,0.5044170598189354,0.5121478110557625,0.9849052342508492,results/bootstrap_runs/nl100_m20_w20/boot_method3_out/boot3_d12_nl100_m20_w20_n600_p12_ds415_lmin1of100_lseed415_lN1000_lpnsseed1000_nsseed1124_bootseed2124.npz,results/bootstrap_runs/nl100_m20_w20/ns_runs_out/ns_out_d12_nl100_m20_w20_n600_p12_ds415_lmin1of100_lseed415_lN1000_lpnsseed1000_nsseed1124.npz,0.583743127326304,results/nl100_m20_w20/combined_nl100_m20_w20.npz,0.8641079204294829,0.877351333285127
nl100_m20_w20,d12_nl100_m20_w20_n600_p12_ds415_lmin1of100_lseed415_lN1000_lpnsseed1000,d12_nl100_m20_w20_n600_p12_ds415,lmin1of100_lseed415_lN1000_lpnsseed1000,1125,2125,200,100,-180.93915244101223,25.398588791127974,0.5161118391139625,0.5039701260107387,1.024092128633365,results/bootstrap_runs/nl100_m20_w20/boot_method3_out/boot3_d12_nl100_m20_w20_n600_p12_ds415_lmin1of100_lseed415_lN1000_lpnsseed1000_nsseed1125_bootseed2125.npz,results/bootstrap_runs/nl100_m20_w20/ns_runs_out/ns_out_d12_nl100_m20_w20_n600_p12_ds415_lmin1of100_lseed415_lN1000_lpnsseed1000_nsseed1125.npz,0.583743127326304,results/nl100_m20_w20/combined_nl100_m20_w20.npz,0.8841420394581596,0.8633422860480662
nl100_m20_w20,d12_nl100_m20_w20_n600_p12_ds415_lmin1of100_lseed415_lN1000_lpnsseed1000,d12_nl100_m20_w20_n600_p12_ds415,lmin1of100_lseed415_lN1000_lpnsseed1000,1126,2126,200,100,-182.45225899933217,26.735630292449926,0.47986842839237737,0.5170650857720904,0.9280619434511415,results/bootstrap_runs/nl100_m20_w20/boot_method3_out/boot3_d12_nl100_m20_w20_n600_p12_ds415_lmin1of100_lseed415_lN1000_lpnsseed1000_nsseed1126_bootseed2126.npz,results/bootstrap_runs/nl100_m20_w20/ns_runs_out/ns_out_d12_nl100_m20_w20_n600_p12_ds415_lmin1of100_lseed415_lN1000_lpnsseed1000_nsseed1126.npz,0.583743127326304,results/nl100_m20_w20/combined_nl100_m20_w20.npz,0.8220540952495666,0.8857750294044293
nl100_m20_w20,d12_nl100_m20_w20_n600_p12_ds415_lmin1of100_lseed415_lN1000_lpnsseed1000,d12_nl100_m20_w20_n600_p12_ds415,lmin1of100_lseed415_lN1000_lpnsseed1000,1127,2127,200,100,-181.01576765743212,25.611800694432404,0.5512501724457842,0.5060810280422731,1.0892527913528862,results/bootstrap_runs/nl100_m20_w20/boot_method3_out/boot3_d12_nl100_m20_w20_n600_p12_ds415_lmin1of100_lseed415_lN1000_lpnsseed1000_nsseed1127_bootseed2127.npz,results/bootstrap_runs/nl100_m20_w20/ns_runs_out/ns_out_d12_nl100_m20_w20_n600_p12_ds415_lmin1of100_lseed415_lN1000_lpnsseed1000_nsseed1127.npz,0.583743127326304,results/nl100_m20_w20/combined_nl100_m20_w20.npz,0.9443368951865079,0.8669584348860027
nl100_m20_w20,d12_nl100_m20_w20_n600_p12_ds415_lmin1of100_lseed415_lN1000_lpnsseed1000,d12_nl100_m20_w20_n600_p12_ds415,lmin1of100_lseed415_lN1000_lpnsseed1000,1128,2128,200,100,-181.84311027567384,26.40888191283291,0.5321257199203044,0.5138957278751489,1.0354741070149245,results/bootstrap_runs/nl100_m20_w20/boot_method3_out/boot3_d12_nl100_m20_w20_n600_p12_ds415_lmin1of100_lseed415_lN1000_lpnsseed1000_nsseed1128_bootseed2128.npz,results/bootstrap_runs/nl100_m20_w20/ns_runs_out/ns_out_d12_nl100_m20_w20_n600_p12_ds415_lmin1of100_lseed415_lN1000_lpnsseed1000_nsseed1128.npz,0.583743127326304,results/nl100_m20_w20/combined_nl100_m20_w20.npz,0.9115751346959394,0.880345658592891
nl100_m20_w20,d12_nl100_m20_w20_n600_p12_ds415_lmin1of100_lseed415_lN1000_lpnsseed1000,d12_nl100_m20_w20_n600_p12_ds415,lmin1of100_lseed415_lN1000_lpnsseed1000,1129,2129,200,100,-181.17529035075069,25.863556781892488,0.5106653186697647,0.5085622555979994,1.004135310964618,results/bootstrap_runs/nl100_m20_w20/boot_method3_out/boot3_d12_nl100_m20_w20_n600_p12_ds415_lmin1of100_lseed415_lN1000_lpnsseed1000_nsseed1129_bootseed2129.npz,results/bootstrap_runs/nl100_m20_w20/ns_runs_out/ns_out_d12_nl100_m20_w20_n600_p12_ds415_lmin1of100_lseed415_lN1000_lpnsseed1000_nsseed1129.npz,0.583743127326304,results/nl100_m20_w20/combined_nl100_m20_w20.npz,0.8748117018674726,0.8712089818125095
nl100_m20_w20,d12_nl100_m20_w20_n600_p12_ds415_lmin1of100_lseed415_lN1000_lpnsseed1000,d12_nl100_m20_w20_n600_p12_ds415,lmin1of100_lseed415_lN1000_lpnsseed1000,1130,2130,200,100,-181.52372600793015,26.380315144011295,0.5316017203749395,0.5136177094299932,1.0350143903038405,results/bootstrap_runs/nl100_m20_w20/boot_method3_out/boot3_d12_nl100_m20_w20_n600_p12_ds415_lmin1of100_lseed415_lN1000_lpnsseed1000_nsseed1130_bootseed2130.npz,results/bootstrap_runs/nl100_m20_w20/ns_runs_out/ns_out_d12_nl100_m20_w20_n600_p12_ds415_lmin1of100_lseed415_lN1000_lpnsseed1000_nsseed1130.npz,0.583743127326304,results/nl100_m20_w20/combined_nl100_m20_w20.npz,0.9106774803667741,0.879869390124551
nl100_m20_w20,d12_nl100_m20_w20_n600_p12_ds415_lmin1of100_lseed415_lN1000_lpnsseed1000,d12_nl100_m20_w20_n600_p12_ds415,lmin1of100_lseed415_lN1000_lpnsseed1000,1131,2131,200,100,-182.11609509752003,26.167331443068875,0.5444386839513241,0.511540139608505,1.0643127328541553,results/bootstrap_runs/nl100_m20_w20/boot_method3_out/boot3_d12_nl100_m20_w20_n600_p12_ds415_lmin1of100_lseed415_lN1000_lpnsseed1000_nsseed1131_bootseed2131.npz,results/bootstrap_runs/nl100_m20_w20/ns_runs_out/ns_out_d12_nl100_m20_w20_n600_p12_ds415_lmin1of100_lseed415_lN1000_lpnsseed1000_nsseed1131.npz,0.583743127326304,results/nl100_m20_w20/combined_nl100_m20_w20.npz,0.9326682550336747,0.8763103421045699
nl100_m20_w20,d12_nl100_m20_w20_n600_p12_ds415_lmin1of100_lseed415_lN1000_lpnsseed1000,d12_nl100_m20_w20_n600_p12_ds415,lmin1of100_lseed415_lN1000_lpnsseed1000,1132,2132,200,100,-182.40034368989132,27.613659132078237,0.5592664376669744,0.5254870039504139,1.0642821486785008,results/bootstrap_runs/nl100_m20_w20/boot_method3_out/boot3_d12_nl100_m20_w20_n600_p12_ds415_lmin1of100_lseed415_lN1000_lpnsseed1000_nsseed1132_bootseed2132.npz,results/bootstrap_runs/nl100_m20_w20/ns_runs_out/ns_out_d12_nl100_m20_w20_n600_p12_ds415_lmin1of100_lseed415_lN1000_lpnsseed1000_nsseed1132.npz,0.583743127326304,results/nl100_m20_w20/combined_nl100_m20_w20.npz,0.958069416985791,0.9002024680911991
nl100_m20_w20,d12_nl100_m20_w20_n600_p12_ds415_lmin1of100_lseed415_lN1000_lpnsseed1000,d12_nl100_m20_w20_n600_p12_ds415,lmin1of100_lseed415_lN1000_lpnsseed1000,1133,2133,200,100,-181.27434537801673,26.254236892518726,0.5531179015133129,0.5123888844668543,1.0794884867356902,results/bootstrap_runs/nl100_m20_w20/boot_method3_out/boot3_d12_nl100_m20_w20_n600_p12_ds415_lmin1of100_lseed415_lN1000_lpnsseed1000_nsseed1133_bootseed2133.npz,results/bootstrap_runs/nl100_m20_w20/ns_runs_out/ns_out_d12_nl100_m20_w20_n600_p12_ds415_lmin1of100_lseed415_lN1000_lpnsseed1000_nsseed1133.npz,0.583743127326304,results/nl100_m20_w20/combined_nl100_m20_w20.npz,0.947536468731953,0.8777643118707525
nl100_m20_w20,d12_nl100_m20_w20_n600_p12_ds415_lmin1of100_lseed415_lN1000_lpnsseed1000,d12_nl100_m20_w20_n600_p12_ds415,lmin1of100_lseed415_lN1000_lpnsseed1000,1134,2134,200,100,-181.81536297515666,26.848323546155612,0.49775419912157487,0.5181536793862958,0.9606304440626917,results/bootstrap_runs/nl100_m20_w20/boot_method3_out/boot3_d12_nl100_m20_w20_n600_p12_ds415_lmin1of100_lseed415_lN1000_lpnsseed1000_nsseed1134_bootseed2134.npz,results/bootstrap_runs/nl100_m20_w20/ns_runs_out/ns_out_d12_nl100_m20_w20_n600_p12_ds415_lmin1of100_lseed415_lN1000_lpnsseed1000_nsseed1134.npz,0.583743127326304,results/nl100_m20_w20/combined_nl100_m20_w20.npz,0.8526938919202683,0.8876398798210695
nl100_m20_w20,d12_nl100_m20_w20_n600_p12_ds415_lmin1of100_lseed415_lN1000_lpnsseed1000,d12_nl100_m20_w20_n600_p12_ds415,lmin1of100_lseed415_lN1000_lpnsseed1000,1135,2135,200,100,-182.91507252903375,27.094008902324312,0.5230708678346395,0.5205190573103382,1.0049024343844146,results/bootstrap_runs/nl100_m20_w20/boot_method3_out/boot3_d12_nl100_m20_w20_n600_p12_ds415_lmin1of100_lseed415_lN1000_lpnsseed1000_nsseed1135_bootseed2135.npz,results/bootstrap_runs/nl100_m20_w20/ns_runs_out/ns_out_d12_nl100_m20_w20_n600_p12_ds415_lmin1of100_lseed415_lN1000_lpnsseed1000_nsseed1135.npz,0.583743127326304,results/nl100_m20_w20/combined_nl100_m20_w20.npz,0.8960634281562179,0.8916919667978817
nl100_m20_w20,d12_nl100_m20_w20_n600_p12_ds415_lmin1of100_lseed415_lN1000_lpnsseed1000,d12_nl100_m20_w20_n600_p12_ds415,lmin1of100_lseed415_lN1000_lpnsseed1000,1136,2136,200,100,-181.3606495338653,25.973520850067896,0.500255490064275,0.5096422357896556,0.9815816958128746,results/bootstrap_runs/nl100_m20_w20/boot_method3_out/boot3_d12_nl100_m20_w20_n600_p12_ds415_lmin1of100_lseed415_lN1000_lpnsseed1000_nsseed1136_bootseed2136.npz,results/bootstrap_runs/nl100_m20_w20/ns_runs_out/ns_out_d12_nl100_m20_w20_n600_p12_ds415_lmin1of100_lseed415_lN1000_lpnsseed1000_nsseed1136.npz,0.583743127326304,results/nl100_m20_w20/combined_nl100_m20_w20.npz,0.8569788090792193,0.8730590767277213
nl100_m20_w20,d12_nl100_m20_w20_n600_p12_ds415_lmin1of100_lseed415_lN1000_lpnsseed1000,d12_nl100_m20_w20_n600_p12_ds415,lmin1of100_lseed415_lN1000_lpnsseed1000,1137,2137,200,100,-181.68204352042983,26.27248199817782,0.5327701659773382,0.51256689317764,1.0394158754078882,results/bootstrap_runs/nl100_m20_w20/boot_method3_out/boot3_d12_nl100_m20_w20_n600_p12_ds415_lmin1of100_lseed415_lN1000_lpnsseed1000_nsseed1137_bootseed2137.npz,results/bootstrap_runs/nl100_m20_w20/ns_runs_out/ns_out_d12_nl100_m20_w20_n600_p12_ds415_lmin1of100_lseed415_lN1000_lpnsseed1000_nsseed1137.npz,0.583743127326304,results/nl100_m20_w20/combined_nl100_m20_w20.npz,0.9126791238083859,0.8780692554365999
nl100_m20_w20,d12_nl100_m20_w20_n600_p12_ds415_lmin1of100_lseed415_lN1000_lpnsseed1000,d12_nl100_m20_w20_n600_p12_ds415,lmin1of100_lseed415_lN1000_lpnsseed1000,1138,2138,200,100,-181.66995225685392,25.88579930198588,0.5089318344220142,0.5087808890080865,1.000296680589206,results/bootstrap_runs/nl100_m20_w20/boot_method3_out/boot3_d12_nl100_m20_w20_n600_p12_ds415_lmin1of100_lseed415_lN1000_lpnsseed1000_nsseed1138_bootseed2138.npz,results/bootstrap_runs/nl100_m20_w20/ns_runs_out/ns_out_d12_nl100_m20_w20_n600_p12_ds415_lmin1of100_lseed415_lN1000_lpnsseed1000_nsseed1138.npz,0.583743127326304,results/nl100_m20_w20/combined_nl100_m20_w20.npz,0.8718421007422477,0.8715835188303388
nl100_m20_w20,d12_nl100_m20_w20_n600_p12_ds415_lmin1of100_lseed415_lN1000_lpnsseed1000,d12_nl100_m20_w20_n600_p12_ds415,lmin1of100_lseed415_lN1000_lpnsseed1000,1139,2139,200,100,-181.7097548557621,25.67986238782245,0.513948226857383,0.5067530205911204,1.0141986450477778,results/bootstrap_runs/nl100_m20_w20/boot_method3_out/boot3_d12_nl100_m20_w20_n600_p12_ds415_lmin1of100_lseed415_lN1000_lpnsseed1000_nsseed1139_bootseed2139.npz,results/bootstrap_runs/nl100_m20_w20/ns_runs_out/ns_out_d12_nl100_m20_w20_n600_p12_ds415_lmin1of100_lseed415_lN1000_lpnsseed1000_nsseed1139.npz,0.583743127326304,results/nl100_m20_w20/combined_nl100_m20_w20.npz,0.8804355936684002,0.8681096134050975
nl100_m20_w20,d12_nl100_m20_w20_n600_p12_ds415_lmin1of100_lseed415_lN1000_lpnsseed1000,d12_nl100_m20_w20_n600_p12_ds415,lmin1of100_lseed415_lN1000_lpnsseed1000,1140,2140,200,100,-181.02751308728557,25.613147849629453,0.5451887746471623,0.506094337546168,1.077247331575663,results/bootstrap_runs/nl100_m20_w20/boot_method3_out/boot3_d12_nl100_m20_w20_n600_p12_ds415_lmin1of100_lseed415_lN1000_lpnsseed1000_nsseed1140_bootseed2140.npz,results/bootstrap_runs/nl100_m20_w20/ns_runs_out/ns_out_d12_nl100_m20_w20_n600_p12_ds415_lmin1of100_lseed415_lN1000_lpnsseed1000_nsseed1140.npz,0.583743127326304,results/nl100_m20_w20/combined_nl100_m20_w20.npz,0.9339532221034779,0.8669812351611097
nl100_m20_w20,d12_nl100_m20_w20_n600_p12_ds415_lmin1of100_lseed415_lN1000_lpnsseed1000,d12_nl100_m20_w20_n600_p12_ds415,lmin1of100_lseed415_lN1000_lpnsseed1000,1141,2141,200,100,-180.62950951011518,25.194246538380618,0.4538886490966325,0.5019387067997507,0.9042710652671625,results/bootstrap_runs/nl100_m20_w20/boot_method3_out/boot3_d12_nl100_m20_w20_n600_p12_ds415_lmin1of100_lseed415_lN1000_lpnsseed1000_nsseed1141_bootseed2141.npz,results/bootstrap_runs/nl100_m20_w20/ns_runs_out/ns_out_d12_nl100_m20_w20_n600_p12_ds415_lmin1of100_lseed415_lN1000_lpnsseed1000_nsseed1141.npz,0.583743127326304,results/nl100_m20_w20/combined_nl100_m20_w20.npz,0.7775485960332605,0.8598622978205519
nl100_m20_w20,d12_nl100_m20_w20_n600_p12_ds415_lmin1of100_lseed415_lN1000_lpnsseed1000,d12_nl100_m20_w20_n600_p12_ds415,lmin1of100_lseed415_lN1000_lpnsseed1000,1142,2142,200,100,-182.21037913932565,26.782572135567463,0.4537931636389468,0.517518812562089,0.8768631257912064,results/bootstrap_runs/nl100_m20_w20/boot_method3_out/boot3_d12_nl100_m20_w20_n600_p12_ds415_lmin1of100_lseed415_lN1000_lpnsseed1000_nsseed1142_bootseed2142.npz,results/bootstrap_runs/nl100_m20_w20/ns_runs_out/ns_out_d12_nl100_m20_w20_n600_p12_ds415_lmin1of100_lseed415_lN1000_lpnsseed1000_nsseed1142.npz,0.583743127326304,results/nl100_m20_w20/combined_nl100_m20_w20.npz,0.7773850215889274,0.8865523007225119
nl100_m20_w20,d12_nl100_m20_w20_n600_p12_ds415_lmin1of100_lseed415_lN1000_lpnsseed1000,d12_nl100_m20_w20_n600_p12_ds415,lmin1of100_lseed415_lN1000_lpnsseed1000,1143,2143,200,100,-181.96421543964507,26.607522682407513,0.4683139652127859,0.5158248024514478,0.9078934610882076,results/bootstrap_runs/nl100_m20_w20/boot_method3_out/boot3_d12_nl100_m20_w20_n600_p12_ds415_lmin1of100_lseed415_lN1000_lpnsseed1000_nsseed1143_bootseed2143.npz,results/bootstrap_runs/nl100_m20_w20/ns_runs_out/ns_out_d12_nl100_m20_w20_n600_p12_ds415_lmin1of100_lseed415_lN1000_lpnsseed1000_nsseed1143.npz,0.583743127326304,results/nl100_m20_w20/combined_nl100_m20_w20.npz,0.8022603492700398,0.8836503220415804
nl100_m20_w20,d12_nl100_m20_w20_n600_p12_ds415_lmin1of100_lseed415_lN1000_lpnsseed1000,d12_nl100_m20_w20_n600_p12_ds415,lmin1of100_lseed415_lN1000_lpnsseed1000,1144,2144,200,100,-181.23410143043066,25.93368913423624,0.49327150208048837,0.5092513047036428,0.9686209883498408,results/bootstrap_runs/nl100_m20_w20/boot_method3_out/boot3_d12_nl100_m20_w20_n600_p12_ds415_lmin1of100_lseed415_lN1000_lpnsseed1000_nsseed1144_bootseed2144.npz,results/bootstrap_runs/nl100_m20_w20/ns_runs_out/ns_out_d12_nl100_m20_w20_n600_p12_ds415_lmin1of100_lseed415_lN1000_lpnsseed1000_nsseed1144.npz,0.583743127326304,results/nl100_m20_w20/combined_nl100_m20_w20.npz,0.8450146631101264,0.8723893796165906
nl100_m20_w20,d12_nl100_m20_w20_n600_p12_ds415_lmin1of100_lseed415_lN1000_lpnsseed1000,d12_nl100_m20_w20_n600_p12_ds415,lmin1of100_lseed415_lN1000_lpnsseed1000,1145,2145,200,100,-180.78425203990156,25.558318169800035,0.5492549981304529,0.5055523530733492,1.086445340015583,results/bootstrap_runs/nl100_m20_w20/boot_method3_out/boot3_d12_nl100_m20_w20_n600_p12_ds415_lmin1of100_lseed415_lN1000_lpnsseed1000_nsseed1145_bootseed2145.npz,results/bootstrap_runs/nl100_m20_w20/ns_runs_out/ns_out_d12_nl100_m20_w20_n600_p12_ds415_lmin1of100_lseed415_lN1000_lpnsseed1000_nsseed1145.npz,0.583743127326304,results/nl100_m20_w20/combined_nl100_m20_w20.npz,0.9409189974470179,0.8660527711716471
nl100_m20_w20,d12_nl100_m20_w20_n600_p12_ds415_lmin1of100_lseed415_lN1000_lpnsseed1000,d12_nl100_m20_w20_n600_p12_ds415,lmin1of100_lseed415_lN1000_lpnsseed1000,1146,2146,200,100,-182.39572967809266,26.665085745052462,0.4902409033933536,0.5163824720597366,0.949375569309876,results/bootstrap_runs/nl100_m20_w20/boot_method3_out/boot3_d12_nl100_m20_w20_n600_p12_ds415_lmin1of100_lseed415_lN1000_lpnsseed1000_nsseed1146_bootseed2146.npz,results/bootstrap_runs/nl100_m20_w20/ns_runs_out/ns_out_d12_nl100_m20_w20_n600_p12_ds415_lmin1of100_lseed415_lN1000_lpnsseed1000_nsseed1146.npz,0.583743127326304,results/nl100_m20_w20/combined_nl100_m20_w20.npz,0.8398229982403134,0.8846056559584748
nl100_m20_w20,d12_nl100_m20_w20_n600_p12_ds415_lmin1of100_lseed415_lN1000_lpnsseed1000,d12_nl100_m20_w20_n600_p12_ds415,lmin1of100_lseed415_lN1000_lpnsseed1000,1147,2147,200,100,-182.79766059428607,26.947139734248342,0.5331837602922016,0.5191063449260502,1.027118557697762,results/bootstrap_runs/nl100_m20_w20/boot_method3_out/boot3_d12_nl100_m20_w20_n600_p12_ds415_lmin1of100_lseed415_lN1000_lpnsseed1000_nsseed1147_bootseed2147.npz,results/bootstrap_runs/nl100_m20_w20/ns_runs_out/ns_out_d12_nl100_m20_w20_n600_p12_ds415_lmin1of100_lseed415_lN1000_lpnsseed1000_nsseed1147.npz,0.583743127326304,results/nl100_m20_w20/combined_nl100_m20_w20.npz,0.9133876448949773,0.8892718742637586
nl100_m20_w20,d12_nl100_m20_w20_n600_p12_ds415_lmin1of100_lseed415_lN1000_lpnsseed1000,d12_nl100_m20_w20_n600_p12_ds415,lmin1of100_lseed415_lN1000_lpnsseed1000,1148,2148,200,100,-182.54005431120413,26.58448119323645,0.4900765149725632,0.5156014080007584,0.9504949120927194,results/bootstrap_runs/nl100_m20_w20/boot_method3_out/boot3_d12_nl100_m20_w20_n600_p12_ds415_lmin1of100_lseed415_lN1000_lpnsseed1000_nsseed1148_bootseed2148.npz,results/bootstrap_runs/nl100_m20_w20/ns_runs_out/ns_out_d12_nl100_m20_w20_n600_p12_ds415_lmin1of100_lseed415_lN1000_lpnsseed1000_nsseed1148.npz,0.583743127326304,results/nl100_m20_w20/combined_nl100_m20_w20.npz,0.8395413873517307,0.8832676289695222
nl100_m20_w20,d12_nl100_m20_w20_n600_p12_ds415_lmin1of100_lseed415_lN1000_lpnsseed1000,d12_nl100_m20_w20_n600_p12_ds415,lmin1of100_lseed415_lN1000_lpnsseed1000,1149,2149,200,100,-182.4141309729944,27.17567407575476,0.4932982858448754,0.5213029260972429,0.9462795260674528,results/bootstrap_runs/nl100_m20_w20/boot_method3_out/boot3_d12_nl100_m20_w20_n600_p12_ds415_lmin1of100_lseed415_lN1000_lpnsseed1000_nsseed1149_bootseed2149.npz,results/bootstrap_runs/nl100_m20_w20/ns_runs_out/ns_out_d12_nl100_m20_w20_n600_p12_ds415_lmin1of100_lseed415_lN1000_lpnsseed1000_nsseed1149.npz,0.583743127326304,results/nl100_m20_w20/combined_nl100_m20_w20.npz,0.8450605459019457,0.8930347985165094
nl100_m20_w20,d12_nl100_m20_w20_n600_p12_ds415_lmin1of100_lseed415_lN1000_lpnsseed1000,d12_nl100_m20_w20_n600_p12_ds415,lmin1of100_lseed415_lN1000_lpnsseed1000,1150,2150,200,100,-181.0738876824858,25.499222346185192,0.47942685713745326,0.5049675469392582,0.9494211262553133,results/bootstrap_runs/nl100_m20_w20/boot_method3_out/boot3_d12_nl100_m20_w20_n600_p12_ds415_lmin1of100_lseed415_lN1000_lpnsseed1000_nsseed1150_bootseed2150.npz,results/bootstrap_runs/nl100_m20_w20/ns_runs_out/ns_out_d12_nl100_m20_w20_n600_p12_ds415_lmin1of100_lseed415_lN1000_lpnsseed1000_nsseed1150.npz,0.583743127326304,results/nl100_m20_w20/combined_nl100_m20_w20.npz,0.821297647363068,0.8650509501536086
nl100_m20_w20,d12_nl100_m20_w20_n600_p12_ds415_lmin1of100_lseed415_lN1000_lpnsseed1000,d12_nl100_m20_w20_n600_p12_ds415,lmin1of100_lseed415_lN1000_lpnsseed1000,1151,2151,200,100,-182.2675373999725,26.424779783456604,0.5064387320949381,0.5140503845291491,0.9851927891442334,results/bootstrap_runs/nl100_m20_w20/boot_method3_out/boot3_d12_nl100_m20_w20_n600_p12_ds415_lmin1of100_lseed415_lN1000_lpnsseed1000_nsseed1151_bootseed2151.npz,results/bootstrap_runs/nl100_m20_w20/ns_runs_out/ns_out_d12_nl100_m20_w20_n600_p12_ds415_lmin1of100_lseed415_lN1000_lpnsseed1000_nsseed1151.npz,0.583743127326304,results/nl100_m20_w20/combined_nl100_m20_w20.npz,0.8675712113555148,0.8806105981643573
nl100_m20_w20,d12_nl100_m20_w20_n600_p12_ds415_lmin1of100_lseed415_lN1000_lpnsseed1000,d12_nl100_m20_w20_n600_p12_ds415,lmin1of100_lseed415_lN1000_lpnsseed1000,1152,2152,200,100,-181.22367045645916,26.232625376482343,0.49113693024714467,0.5121779512677439,0.9589185341373668,results/bootstrap_runs/nl100_m20_w20/boot_method3_out/boot3_d12_nl100_m20_w20_n600_p12_ds415_lmin1of100_lseed415_lN1000_lpnsseed1000_nsseed1152_bootseed2152.npz,results/bootstrap_runs/nl100_m20_w20/ns_runs_out/ns_out_d12_nl100_m20_w20_n600_p12_ds415_lmin1of100_lseed415_lN1000_lpnsseed1000_nsseed1152.npz,0.583743127326304,results/nl100_m20_w20/combined_nl100_m20_w20.npz,0.8413579659544432,0.877402965947801
nl100_m20_w20,d12_nl100_m20_w20_n600_p12_ds415_lmin1of100_lseed415_lN1000_lpnsseed1000,d12_nl100_m20_w20_n600_p12_ds415,lmin1of100_lseed415_lN1000_lpnsseed1000,1153,2153,200,100,-181.78096479103456,26.503629623840528,0.5813290729645001,0.5148167598654936,1.129196091277961,results/bootstrap_runs/nl100_m20_w20/boot_method3_out/boot3_d12_nl100_m20_w20_n600_p12_ds415_lmin1of100_lseed415_lN1000_lpnsseed1000_nsseed1153_bootseed2153.npz,results/bootstrap_runs/nl100_m20_w20/ns_runs_out/ns_out_d12_nl100_m20_w20_n600_p12_ds415_lmin1of100_lseed415_lN1000_lpnsseed1000_nsseed1153.npz,0.583743127326304,results/nl100_m20_w20/combined_nl100_m20_w20.npz,0.9958645262808303,0.8819234621630389
nl100_m20_w20,d12_nl100_m20_w20_n600_p12_ds415_lmin1of100_lseed415_lN1000_lpnsseed1000,d12_nl100_m20_w20_n600_p12_ds415,lmin1of100_lseed415_lN1000_lpnsseed1000,1154,2154,200,100,-181.1132103023198,25.40989877353065,0.46973794273881436,0.504082322379298,0.9318675182292128,results/bootstrap_runs/nl100_m20_w20/boot_method3_out/boot3_d12_nl100_m20_w20_n600_p12_ds415_lmin1of100_lseed415_lN1000_lpnsseed1000_nsseed1154_bootseed2154.npz,results/bootstrap_runs/nl100_m20_w20/ns_runs_out/ns_out_d12_nl100_m20_w20_n600_p12_ds415_lmin1of100_lseed415_lN1000_lpnsseed1000_nsseed1154.npz,0.583743127326304,results/nl100_m20_w20/combined_nl100_m20_w20.npz,0.8046997399187154,0.8635344876574851
nl100_m20_w20,d12_nl100_m20_w20_n600_p12_ds415_lmin1of100_lseed415_lN1000_lpnsseed1000,d12_nl100_m20_w20_n600_p12_ds415,lmin1of100_lseed415_lN1000_lpnsseed1000,1155,2155,200,100,-181.81528178611558,26.253723499721133,0.481345919415414,0.5123838746459644,0.9394244105515688,results/bootstrap_runs/nl100_m20_w20/boot_method3_out/boot3_d12_nl100_m20_w20_n600_p12_ds415_lmin1of100_lseed415_lN1000_lpnsseed1000_nsseed1155_bootseed2155.npz,results/bootstrap_runs/nl100_m20_w20/ns_runs_out/ns_out_d12_nl100_m20_w20_n600_p12_ds415_lmin1of100_lseed415_lN1000_lpnsseed1000_nsseed1155.npz,0.583743127326304,results/nl100_m20_w20/combined_nl100_m20_w20.npz,0.8245851589210207,0.8777557296354244
nl100_m20_w20,d12_nl100_m20_w20_n600_p12_ds415_lmin1of100_lseed415_lN1000_lpnsseed1000,d12_nl100_m20_w20_n600_p12_ds415,lmin1of100_lseed415_lN1000_lpnsseed1000,1156,2156,200,100,-181.62650562263192,26.131123484488917,0.5027747183948975,0.5111861058801277,0.9835453519012455,results/bootstrap_runs/nl100_m20_w20/boot_method3_out/boot3_d12_nl100_m20_w20_n600_p12_ds415_lmin1of100_lseed415_lN1000_lpnsseed1000_nsseed1156_bootseed2156.npz,results/bootstrap_runs/nl100_m20_w20/ns_runs_out/ns_out_d12_nl100_m20_w20_n600_p12_ds415_lmin1of100_lseed415_lN1000_lpnsseed1000_nsseed1156.npz,0.583743127326304,results/nl100_m20_w20/combined_nl100_m20_w20.npz,0.8612944544593392,0.8757038532025099
nl100_m20_w20,d12_nl100_m20_w20_n600_p12_ds415_lmin1of100_lseed415_lN1000_lpnsseed1000,d12_nl100_m20_w20_n600_p12_ds415,lmin1of100_lseed415_lN1000_lpnsseed1000,1157,2157,200,100,-182.53777886123152,26.873080314061834,0.5223082375350128,0.5183925184072571,1.0075535795535526,results/bootstrap_runs/nl100_m20_w20/boot_method3_out/boot3_d12_nl100_m20_w20_n600_p12_ds415_lmin1of100_lseed415_lN1000_lpnsseed1000_nsseed1157_bootseed2157.npz,results/bootstrap_runs/nl100_m20_w20/ns_runs_out/ns_out_d12_nl100_m20_w20_n600_p12_ds415_lmin1of100_lseed415_lN1000_lpnsseed1000_nsseed1157.npz,0.583743127326304,results/nl100_m20_w20/combined_nl100_m20_w20.npz,0.8947569797135273,0.8880490307125846
nl100_m20_w20,d12_nl100_m20_w20_n600_p12_ds415_lmin1of100_lseed415_lN1000_lpnsseed1000,d12_nl100_m20_w20_n600_p12_ds415,lmin1of100_lseed415_lN1000_lpnsseed1000,1158,2158,200,100,-181.87021760011132,26.319227055930014,0.49998011640300444,0.5130226803556546,0.9745770227086095,results/bootstrap_runs/nl100_m20_w20/boot_method3_out/boot3_d12_nl100_m20_w20_n600_p12_ds415_lmin1of100_lseed415_lN1000_lpnsseed1000_nsseed1158_bootseed2158.npz,results/bootstrap_runs/nl100_m20_w20/ns_runs_out/ns_out_d12_nl100_m20_w20_n600_p12_ds415_lmin1of100_lseed415_lN1000_lpnsseed1000_nsseed1158.npz,0.583743127326304,results/nl100_m20_w20/combined_nl100_m20_w20.npz,0.8565070713432533,0.878850056368856
nl100_m20_w20,d12_nl100_m20_w20_n600_p12_ds415_lmin1of100_lseed415_lN1000_lpnsseed1000,d12_nl100_m20_w20_n600_p12_ds415,lmin1of100_lseed415_lN1000_lpnsseed1000,1159,2159,200,100,-181.41302607771254,25.554853956300267,0.44812654020765225,0.5055180902430719,0.8864698392735586,results/bootstrap_runs/nl100_m20_w20/boot_method3_out/boot3_d12_nl100_m20_w20_n600_p12_ds415_lmin1of100_lseed415_lN1000_lpnsseed1000_nsseed1159_bootseed2159.npz,results/bootstrap_runs/nl100_m20_w20/ns_runs_out/ns_out_d12_nl100_m20_w20_n600_p12_ds415_lmin1of100_lseed415_lN1000_lpnsseed1000_nsseed1159.npz,0.583743127326304,results/nl100_m20_w20/combined_nl100_m20_w20.npz,0.7676776294740957,0.8659940761246764
nl100_m20_w20,d12_nl100_m20_w20_n600_p12_ds415_lmin1of100_lseed415_lN1000_lpnsseed1000,d12_nl100_m20_w20_n600_p12_ds415,lmin1of100_lseed415_lN1000_lpnsseed1000,1160,2160,200,100,-182.5819277225464,26.63419435164144,0.609728992059802,0.5160832718819846,1.1814546707478477,results/bootstrap_runs/nl100_m20_w20/boot_method3_out/boot3_d12_nl100_m20_w20_n600_p12_ds415_lmin1of100_lseed415_lN1000_lpnsseed1000_nsseed1160_bootseed2160.npz,results/bootstrap_runs/nl100_m20_w20/ns_runs_out/ns_out_d12_nl100_m20_w20_n600_p12_ds415_lmin1of100_lseed415_lN1000_lpnsseed1000_nsseed1160.npz,0.583743127326304,results/nl100_m20_w20/combined_nl100_m20_w20.npz,1.044515924071809,0.8840931014396363
nl100_m20_w20,d12_nl100_m20_w20_n600_p12_ds415_lmin1of100_lseed415_lN1000_lpnsseed1000,d12_nl100_m20_w20_n600_p12_ds415,lmin1of100_lseed415_lN1000_lpnsseed1000,1161,2161,200,100,-182.9911269525375,27.418453190233123,0.5106469351066711,0.5236263285037634,0.9752124889629208,results/bootstrap_runs/nl100_m20_w20/boot_method3_out/boot3_d12_nl100_m20_w20_n600_p12_ds415_lmin1of100_lseed415_lN1000_lpnsseed1000_nsseed1161_bootseed2161.npz,results/bootstrap_runs/nl100_m20_w20/ns_runs_out/ns_out_d12_nl100_m20_w20_n600_p12_ds415_lmin1of100_lseed415_lN1000_lpnsseed1000_nsseed1161.npz,0.583743127326304,results/nl100_m20_w20/combined_nl100_m20_w20.npz,0.8747802093115298,0.8970149779785996
nl100_m20_w20,d12_nl100_m20_w20_n600_p12_ds415_lmin1of100_lseed415_lN1000_lpnsseed1000,d12_nl100_m20_w20_n600_p12_ds415,lmin1of100_lseed415_lN1000_lpnsseed1000,1162,2162,200,100,-181.68173142562404,26.293778291308833,0.5416951354591627,0.512774592694576,1.0564001086961277,results/bootstrap_runs/nl100_m20_w20/boot_method3_out/boot3_d12_nl100_m20_w20_n600_p12_ds415_lmin1of100_lseed415_lN1000_lpnsseed1000_nsseed1162_bootseed2162.npz,results/bootstrap_runs/nl100_m20_w20/ns_runs_out/ns_out_d12_nl100_m20_w20_n600_p12_ds415_lmin1of100_lseed415_lN1000_lpnsseed1000_nsseed1162.npz,0.583743127326304,results/nl100_m20_w20/combined_nl100_m20_w20.npz,0.9279683307626557,0.8784250617959609
nl100_m20_w20,d12_nl100_m20_w20_n600_p12_ds415_lmin1of100_lseed415_lN1000_lpnsseed1000,d12_nl100_m20_w20_n600_p12_ds415,lmin1of100_lseed415_lN1000_lpnsseed1000,1163,2163,200,100,-182.82606261938534,26.994770157436108,0.5104914733334927,0.5195649156499706,0.982536460713235,results/bootstrap_runs/nl100_m20_w20/boot_method3_out/boot3_d12_nl100_m20_w20_n600_p12_ds415_lmin1of100_lseed415_lN1000_lpnsseed1000_nsseed1163_bootseed2163.npz,results/bootstrap_runs/nl100_m20_w20/ns_runs_out/ns_out_d12_nl100_m20_w20_n600_p12_ds415_lmin1of100_lseed415_lN1000_lpnsseed1000_nsseed1163.npz,0.583743127326304,results/nl100_m20_w20/combined_nl100_m20_w20.npz,0.8745138905046762,0.8900574436391461
nl100_m20_w20,d12_nl100_m20_w20_n600_p12_ds415_lmin1of100_lseed415_lN1000_lpnsseed1000,d12_nl100_m20_w20_n600_p12_ds415,lmin1of100_lseed415_lN1000_lpnsseed1000,1164,2164,200,100,-182.14554525774727,26.111546832410053,0.5161190256494022,0.5109945873726066,1.0100283611674714,results/bootstrap_runs/nl100_m20_w20/boot_method3_out/boot3_d12_nl100_m20_w20_n600_p12_ds415_lmin1of100_lseed415_lN1000_lpnsseed1000_nsseed1164_bootseed2164.npz,results/bootstrap_runs/nl100_m20_w20/ns_runs_out/ns_out_d12_nl100_m20_w20_n600_p12_ds415_lmin1of100_lseed415_lN1000_lpnsseed1000_nsseed1164.npz,0.583743127326304,results/nl100_m20_w20/combined_nl100_m20_w20.npz,0.8841543505845836,0.8753757662434423
nl100_m20_w20,d12_nl100_m20_w20_n600_p12_ds415_lmin1of100_lseed415_lN1000_lpnsseed1000,d12_nl100_m20_w20_n600_p12_ds415,lmin1of100_lseed415_lN1000_lpnsseed1000,1165,2165,200,100,-182.31416103254097,26.721057376249114,0.5523980737842497,0.5169241470104595,1.0686250138999065,results/bootstrap_runs/nl100_m20_w20/boot_method3_out/boot3_d12_nl100_m20_w20_n600_p12_ds415_lmin1of100_lseed415_lN1000_lpnsseed1000_nsseed1165_bootseed2165.npz,results/bootstrap_runs/nl100_m20_w20/ns_runs_out/ns_out_d12_nl100_m20_w20_n600_p12_ds415_lmin1of100_lseed415_lN1000_lpnsseed1000_nsseed1165.npz,0.583743127326304,results/nl100_m20_w20/combined_nl100_m20_w20.npz,0.9463033446138838,0.8855335897111237
nl100_m20_w20,d12_nl100_m20_w20_n600_p12_ds415_lmin1of100_lseed415_lN1000_lpnsseed1000,d12_nl100_m20_w20_n600_p12_ds415,lmin1of100_lseed415_lN1000_lpnsseed1000,1166,2166,200,100,-181.73439746920343,25.981376974961677,0.5169973979255692,0.5097193048626045,1.0142786294211998,results/bootstrap_runs/nl100_m20_w20/boot_method3_out/boot3_d12_nl100_m20_w20_n600_p12_ds415_lmin1of100_lseed415_lN1000_lpnsseed1000_nsseed1166_bootseed2166.npz,results/bootstrap_runs/nl100_m20_w20/ns_runs_out/ns_out_d12_nl100_m20_w20_n600_p12_ds415_lmin1of100_lseed415_lN1000_lpnsseed1000_nsseed1166.npz,0.583743127326304,results/nl100_m20_w20/combined_nl100_m20_w20.npz,0.8856590745548515,0.8731911023899367
nl100_m20_w20,d12_nl100_m20_w20_n600_p12_ds415_lmin1of100_lseed415_lN1000_lpnsseed1000,d12_nl100_m20_w20_n600_p12_ds415,lmin1of100_lseed415_lN1000_lpnsseed1000,1167,2167,200,100,-181.7378450980557,26.36511193705679,0.5146204544689166,0.5134696869052426,1.0022411596887244,results/bootstrap_runs/nl100_m20_w20/boot_method3_out/boot3_d12_nl100_m20_w20_n600_p12_ds415_lmin1of100_lseed415_lN1000_lpnsseed1000_nsseed1167_bootseed2167.npz,results/bootstrap_runs/nl100_m20_w20/ns_runs_out/ns_out_d12_nl100_m20_w20_n600_p12_ds415_lmin1of100_lseed415_lN1000_lpnsseed1000_nsseed1167.npz,0.583743127326304,results/nl100_m20_w20/combined_nl100_m20_w20.npz,0.8815871748692147,0.8796158153622604
nl100_m20_w20,d12_nl100_m20_w20_n600_p12_ds415_lmin1of100_lseed415_lN1000_lpnsseed1000,d12_nl100_m20_w20_n600_p12_ds415,lmin1of100_lseed415_lN1000_lpnsseed1000,1168,2168,200,100,-182.2074182980551,26.717793299367113,0.49603888010901326,0.5168925739393739,0.9596556520991795,results/bootstrap_runs/nl100_m20_w20/boot_method3_out/boot3_d12_nl100_m20_w20_n600_p12_ds415_lmin1of100_lseed415_lN1000_lpnsseed1000_nsseed1168_bootseed2168.npz,results/bootstrap_runs/nl100_m20_w20/ns_runs_out/ns_out_d12_nl100_m20_w20_n600_p12_ds415_lmin1of100_lseed415_lN1000_lpnsseed1000_nsseed1168.npz,0.583743127326304,results/nl100_m20_w20/combined_nl100_m20_w20.npz,0.8497554093373243,0.8854795024429272
nl100_m20_w20,d12_nl100_m20_w20_n600_p12_ds415_lmin1of100_lseed415_lN1000_lpnsseed1000,d12_nl100_m20_w20_n600_p12_ds415,lmin1of100_lseed415_lN1000_lpnsseed1000,1169,2169,200,100,-181.6919716145106,25.905608220151535,0.49687119005767266,0.5089755222027041,0.9762182430843682,results/bootstrap_runs/nl100_m20_w20/boot_method3_out/boot3_d12_nl100_m20_w20_n600_p12_ds415_lmin1of100_lseed415_lN1000_lpnsseed1000_nsseed1169_bootseed2169.npz,results/bootstrap_runs/nl100_m20_w20/ns_runs_out/ns_out_d12_nl100_m20_w20_n600_p12_ds415_lmin1of100_lseed415_lN1000_lpnsseed1000_nsseed1169.npz,0.583743127326304,results/nl100_m20_w20/combined_nl100_m20_w20.npz,0.8511812247511548,0.8719169415046393
nl100_m20_w20,d12_nl100_m20_w20_n600_p12_ds415_lmin1of100_lseed415_lN1000_lpnsseed1000,d12_nl100_m20_w20_n600_p12_ds415,lmin1of100_lseed415_lN1000_lpnsseed1000,1170,2170,200,100,-181.4839240411414,25.974413662897,0.5402630402670339,0.50965099492591,1.0600647220272257,results/bootstrap_runs/nl100_m20_w20/boot_method3_out/boot3_d12_nl100_m20_w20_n600_p12_ds415_lmin1of100_lseed415_lN1000_lpnsseed1000_nsseed1170_bootseed2170.npz,results/bootstrap_runs/nl100_m20_w20/ns_runs_out/ns_out_d12_nl100_m20_w20_n600_p12_ds415_lmin1of100_lseed415_lN1000_lpnsseed1000_nsseed1170.npz,0.583743127326304,results/nl100_m20_w20/combined_nl100_m20_w20.npz,0.9255150338841328,0.8730740818487145
nl100_m20_w20,d12_nl100_m20_w20_n600_p12_ds415_lmin1of100_lseed415_lN1000_lpnsseed1000,d12_nl100_m20_w20_n600_p12_ds415,lmin1of100_lseed415_lN1000_lpnsseed1000,1171,2171,200,100,-181.34935693538276,25.980702171740226,0.5238996324772585,0.5097126854585848,1.0278332233499539,results/bootstrap_runs/nl100_m20_w20/boot_method3_out/boot3_d12_nl100_m20_w20_n600_p12_ds415_lmin1of100_lseed415_lN1000_lpnsseed1000_nsseed1171_bootseed2171.npz,results/bootstrap_runs/nl100_m20_w20/ns_runs_out/ns_out_d12_nl100_m20_w20_n600_p12_ds415_lmin1of100_lseed415_lN1000_lpnsseed1000_nsseed1171.npz,0.583743127326304,results/nl100_m20_w20/combined_nl100_m20_w20.npz,0.8974831701691387,0.8731797628062914
nl100_m20_w20,d12_nl100_m20_w20_n600_p12_ds415_lmin1of100_lseed415_lN1000_lpnsseed1000,d12_nl100_m20_w20_n600_p12_ds415,lmin1of100_lseed415_lN1000_lpnsseed1000,1172,2172,200,100,-182.02227662491092,26.619953763564094,0.5078501246027021,0.5159452855057801,0.9843100399780911,results/bootstrap_runs/nl100_m20_w20/boot_method3_out/boot3_d12_nl100_m20_w20_n600_p12_ds415_lmin1of100_lseed415_lN1000_lpnsseed1000_nsseed1172_bootseed2172.npz,results/bootstrap_runs/nl100_m20_w20/ns_runs_out/ns_out_d12_nl100_m20_w20_n600_p12_ds415_lmin1of100_lseed415_lN1000_lpnsseed1000_nsseed1172.npz,0.583743127326304,results/nl100_m20_w20/combined_nl100_m20_w20.npz,0.8699890428325697,0.8838567194254506
nl100_m20_w20,d12_nl100_m20_w20_n600_p12_ds415_lmin1of100_lseed415_lN1000_lpnsseed1000,d12_nl100_m20_w20_n600_p12_ds415,lmin1of100_lseed415_lN1000_lpnsseed1000,1173,2173,200,100,-182.70493686073522,26.870072413672332,0.4915775437991649,0.5183635057917593,0.9483259108843303,results/bootstrap_runs/nl100_m20_w20/boot_method3_out/boot3_d12_nl100_m20_w20_n600_p12_ds415_lmin1of100_lseed415_lN1000_lpnsseed1000_nsseed1173_bootseed2173.npz,results/bootstrap_runs/nl100_m20_w20/ns_runs_out/ns_out_d12_nl100_m20_w20_n600_p12_ds415_lmin1of100_lseed415_lN1000_lpnsseed1000_nsseed1173.npz,0.583743127326304,results/nl100_m20_w20/combined_nl100_m20_w20.npz,0.8421127732170801,0.8879993297154514
nl100_m20_w20,d12_nl100_m20_w20_n600_p12_ds415_lmin1of100_lseed415_lN1000_lpnsseed1000,d12_nl100_m20_w20_n600_p12_ds415,lmin1of100_lseed415_lN1000_lpnsseed1000,1174,2174,200,100,-181.78155940622796,26.0943810029146,0.5274659837378342,0.5108265948726103,1.0325734584538877,results/bootstrap_runs/nl100_m20_w20/boot_method3_out/boot3_d12_nl100_m20_w20_n600_p12_ds415_lmin1of100_lseed415_lN1000_lpnsseed1000_nsseed1174_bootseed2174.npz,results/bootstrap_runs/nl100_m20_w20/ns_runs_out/ns_out_d12_nl100_m20_w20_n600_p12_ds415_lmin1of100_lseed415_lN1000_lpnsseed1000_nsseed1174.npz,0.583743127326304,results/nl100_m20_w20/combined_nl100_m20_w20.npz,0.9035926232720994,0.8750879812706824
nl100_m20_w20,d12_nl100_m20_w20_n600_p12_ds415_lmin1of100_lseed415_lN1000_lpnsseed1000,d12_nl100_m20_w20_n600_p12_ds415,lmin1of100_lseed415_lN1000_lpnsseed1000,1175,2175,200,100,-181.02567905693962,25.72010876934986,0.48418842464337075,0.5071499656842131,0.9547243565128429,results/bootstrap_runs/nl100_m20_w20/boot_method3_out/boot3_d12_nl100_m20_w20_n600_p12_ds415_lmin1of100_lseed415_lN1000_lpnsseed1000_nsseed1175_bootseed2175.npz,results/bootstrap_runs/nl100_m20_w20/ns_runs_out/ns_out_d12_nl100_m20_w20_n600_p12_ds415_lmin1of100_lseed415_lN1000_lpnsseed1000_nsseed1175.npz,0.583743127326304,results/nl100_m20_w20/combined_nl100_m20_w20.npz,0.8294546042213469,0.8687896130051115
nl100_m20_w20,d12_nl100_m20_w20_n600_p12_ds415_lmin1of100_lseed415_lN1000_lpnsseed1000,d12_nl100_m20_w20_n600_p12_ds415,lmin1of100_lseed415_lN1000_lpnsseed1000,1176,2176,200,100,-182.3988480549526,27.262952153364303,0.5379032474451463,0.5221393698368694,1.0301909385097736,results/bootstrap_runs/nl100_m20_w20/boot_method3_out/boot3_d12_nl100_m20_w20_n600_p12_ds415_lmin1of100_lseed415_lN1000_lpnsseed1000_nsseed1176_bootseed2176.npz,results/bootstrap_runs/nl100_m20_w20/ns_runs_out/ns_out_d12_nl100_m20_w20_n600_p12_ds415_lmin1of100_lseed415_lN1000_lpnsseed1000_nsseed1176.npz,0.583743127326304,results/nl100_m20_w20/combined_nl100_m20_w20.npz,0.9214725146467826,0.8944676954543416
nl100_m20_w20,d12_nl100_m20_w20_n600_p12_ds415_lmin1of100_lseed415_lN1000_lpnsseed1000,d12_nl100_m20_w20_n600_p12_ds415,lmin1of100_lseed415_lN1000_lpnsseed1000,1177,2177,200,100,-182.55923112851607,26.851267451044006,0.5297199244292273,0.5181820862500363,1.022265991984956,results/bootstrap_runs/nl100_m20_w20/boot_method3_out/boot3_d12_nl100_m20_w20_n600_p12_ds415_lmin1of100_lseed415_lN1000_lpnsseed1000_nsseed1177_bootseed2177.npz,results/bootstrap_runs/nl100_m20_w20/ns_runs_out/ns_out_d12_nl100_m20_w20_n600_p12_ds415_lmin1of100_lseed415_lN1000_lpnsseed1000_nsseed1177.npz,0.583743127326304,results/nl100_m20_w20/combined_nl100_m20_w20.npz,0.9074538091017584,0.8876885431156091
nl100_m20_w20,d12_nl100_m20_w20_n600_p12_ds415_lmin1of100_lseed415_lN1000_lpnsseed1000,d12_nl100_m20_w20_n600_p12_ds415,lmin1of100_lseed415_lN1000_lpnsseed1000,1178,2178,200,100,-181.90849926664455,26.193140249586968,0.48158643516235283,0.511792343139158,0.9409801487229517,results/bootstrap_runs/nl100_m20_w20/boot_method3_out/boot3_d12_nl100_m20_w20_n600_p12_ds415_lmin1of100_lseed415_lN1000_lpnsseed1000_nsseed1178_bootseed2178.npz,results/bootstrap_runs/nl100_m20_w20/ns_runs_out/ns_out_d12_nl100_m20_w20_n600_p12_ds415_lmin1of100_lseed415_lN1000_lpnsseed1000_nsseed1178.npz,0.583743127326304,results/nl100_m20_w20/combined_nl100_m20_w20.npz,0.8249971821820747,0.8767423875006471
nl100_m20_w20,d12_nl100_m20_w20_n600_p12_ds415_lmin1of100_lseed415_lN1000_lpnsseed1000,d12_nl100_m20_w20_n600_p12_ds415,lmin1of100_lseed415_lN1000_lpnsseed1000,1179,2179,200,100,-181.4358776120545,26.460358650092676,0.5315904798930416,0.5143963321223497,1.0334258755301589,results/bootstrap_runs/nl100_m20_w20/boot_method3_out/boot3_d12_nl100_m20_w20_n600_p12_ds415_lmin1of100_lseed415_lN1000_lpnsseed1000_nsseed1179_bootseed2179.npz,results/bootstrap_runs/nl100_m20_w20/ns_runs_out/ns_out_d12_nl100_m20_w20_n600_p12_ds415_lmin1of100_lseed415_lN1000_lpnsseed1000_nsseed1179.npz,0.583743127326304,results/nl100_m20_w20/combined_nl100_m20_w20.npz,0.9106582244965605,0.8812032348516363
nl100_m20_w20,d12_nl100_m20_w20_n600_p12_ds415_lmin1of100_lseed415_lN1000_lpnsseed1000,d12_nl100_m20_w20_n600_p12_ds415,lmin1of100_lseed415_lN1000_lpnsseed1000,1180,2180,200,100,-181.82335400984144,26.252667567073644,0.48272776882588386,0.5123735704256578,0.9421402599374018,results/bootstrap_runs/nl100_m20_w20/boot_method3_out/boot3_d12_nl100_m20_w20_n600_p12_ds415_lmin1of100_lseed415_lN1000_lpnsseed1000_nsseed1180_bootseed2180.npz,results/bootstrap_runs/nl100_m20_w20/ns_runs_out/ns_out_d12_nl100_m20_w20_n600_p12_ds415_lmin1of100_lseed415_lN1000_lpnsseed1000_nsseed1180.npz,0.583743127326304,results/nl100_m20_w20/combined_nl100_m20_w20.npz,0.8269523806419841,0.8777380776583402
nl100_m20_w20,d12_nl100_m20_w20_n600_p12_ds415_lmin1of100_lseed415_lN1000_lpnsseed1000,d12_nl100_m20_w20_n600_p12_ds415,lmin1of100_lseed415_lN1000_lpnsseed1000,1181,2181,200,100,-181.579884614325,26.57209956322932,0.5415979953361321,0.5154813242323073,1.0506646310469534,results/bootstrap_runs/nl100_m20_w20/boot_method3_out/boot3_d12_nl100_m20_w20_n600_p12_ds415_lmin1of100_lseed415_lN1000_lpnsseed1000_nsseed1181_bootseed2181.npz,results/bootstrap_runs/nl100_m20_w20/ns_runs_out/ns_out_d12_nl100_m20_w20_n600_p12_ds415_lmin1of100_lseed415_lN1000_lpnsseed1000_nsseed1181.npz,0.583743127326304,results/nl100_m20_w20/combined_nl100_m20_w20.npz,0.927801921740462,0.8830619155952147
nl100_m20_w20,d12_nl100_m20_w20_n600_p12_ds415_lmin1of100_lseed415_lN1000_lpnsseed1000,d12_nl100_m20_w20_n600_p12_ds415,lmin1of100_lseed415_lN1000_lpnsseed1000,1182,2182,200,100,-181.5979792763787,26.00643635364381,0.49989796907317674,0.5099650610938342,0.9802592514885934,results/bootstrap_runs/nl100_m20_w20/boot_method3_out/boot3_d12_nl100_m20_w20_n600_p12_ds415_lmin1of100_lseed415_lN1000_lpnsseed1000_nsseed1182_bootseed2182.npz,results/bootstrap_runs/nl100_m20_w20/ns_runs_out/ns_out_d12_nl100_m20_w20_n600_p12_ds415_lmin1of100_lseed415_lN1000_lpnsseed1000_nsseed1182.npz,0.583743127326304,results/nl100_m20_w20/combined_nl100_m20_w20.npz,0.8563663462092308,0.8736121030317007
nl100_m20_w20,d12_nl100_m20_w20_n600_p12_ds415_lmin1of100_lseed415_lN1000_lpnsseed1000,d12_nl100_m20_w20_n600_p12_ds415,lmin1of100_lseed415_lN1000_lpnsseed1000,1183,2183,200,100,-181.20175607673772,25.898047643076612,0.5036760552885681,0.5089012442810158,0.989732410656944,results/bootstrap_runs/nl100_m20_w20/boot_method3_out/boot3_d12_nl100_m20_w20_n600_p12_ds415_lmin1of100_lseed415_lN1000_lpnsseed1000_nsseed1183_bootseed2183.npz,results/bootstrap_runs/nl100_m20_w20/ns_runs_out/ns_out_d12_nl100_m20_w20_n600_p12_ds415_lmin1of100_lseed415_lN1000_lpnsseed1000_nsseed1183.npz,0.583743127326304,results/nl100_m20_w20/combined_nl100_m20_w20.npz,0.8628385187086245,0.8717896973141533
nl100_m20_w20,d12_nl100_m20_w20_n600_p12_ds415_lmin1of100_lseed415_lN1000_lpnsseed1000,d12_nl100_m20_w20_n600_p12_ds415,lmin1of100_lseed415_lN1000_lpnsseed1000,1184,2184,200,100,-182.24091933080112,26.659259172153867,0.5113205898383975,0.5163260517556117,0.9903056181259986,results/bootstrap_runs/nl100_m20_w20/boot_method3_out/boot3_d12_nl100_m20_w20_n600_p12_ds415_lmin1of100_lseed415_lN1000_lpnsseed1000_nsseed1184_bootseed2184.npz,results/bootstrap_runs/nl100_m20_w20/ns_runs_out/ns_out_d12_nl100_m20_w20_n600_p12_ds415_lmin1of100_lseed415_lN1000_lpnsseed1000_nsseed1184.npz,0.583743127326304,results/nl100_m20_w20/combined_nl100_m20_w20.npz,0.8759342352866394,0.8845090033359707
nl100_m20_w20,d12_nl100_m20_w20_n600_p12_ds415_lmin1of100_lseed415_lN1000_lpnsseed1000,d12_nl100_m20_w20_n600_p12_ds415,lmin1of100_lseed415_lN1000_lpnsseed1000,1185,2185,200,100,-182.10527816993746,26.683734146686767,0.47447171764460594,0.5165630082253932,0.9185166380275889,results/bootstrap_runs/nl100_m20_w20/boot_method3_out/boot3_d12_nl100_m20_w20_n600_p12_ds415_lmin1of100_lseed415_lN1000_lpnsseed1000_nsseed1185_bootseed2185.npz,results/bootstrap_runs/nl100_m20_w20/ns_runs_out/ns_out_d12_nl100_m20_w20_n600_p12_ds415_lmin1of100_lseed415_lN1000_lpnsseed1000_nsseed1185.npz,0.583743127326304,results/nl100_m20_w20/combined_nl100_m20_w20.npz,0.8128090857665603,0.8849149292624425
nl100_m20_w20,d12_nl100_m20_w20_n600_p12_ds415_lmin1of100_lseed415_lN1000_lpnsseed1000,d12_nl100_m20_w20_n600_p12_ds415,lmin1of100_lseed415_lN1000_lpnsseed1000,1186,2186,200,100,-182.2638129480172,26.633636350148144,0.5638531925965259,0.5160778657348922,1.0925738731181618,results/bootstrap_runs/nl100_m20_w20/boot_method3_out/boot3_d12_nl100_m20_w20_n600_p12_ds415_lmin1of100_lseed415_lN1000_lpnsseed1000_nsseed1186_bootseed2186.npz,results/bootstrap_runs/nl100_m20_w20/ns_runs_out/ns_out_d12_nl100_m20_w20_n600_p12_ds415_lmin1of100_lseed415_lN1000_lpnsseed1000_nsseed1186.npz,0.583743127326304,results/nl100_m20_w20/combined_nl100_m20_w20.npz,0.9659269055194205,0.8840838402649187
nl100_m20_w20,d12_nl100_m20_w20_n600_p12_ds415_lmin1of100_lseed415_lN1000_lpnsseed1000,d12_nl100_m20_w20_n600_p12_ds415,lmin1of100_lseed415_lN1000_lpnsseed1000,1187,2187,200,100,-181.24216981643744,25.627611510139563,0.4870918422887909,0.5062372122843161,0.9621810298987411,results/bootstrap_runs/nl100_m20_w20/boot_method3_out/boot3_d12_nl100_m20_w20_n600_p12_ds415_lmin1of100_lseed415_lN1000_lpnsseed1000_nsseed1187_bootseed2187.npz,results/bootstrap_runs/nl100_m20_w20/ns_runs_out/ns_out_d12_nl100_m20_w20_n600_p12_ds415_lmin1of100_lseed415_lN1000_lpnsseed1000_nsseed1187.npz,0.583743127326304,results/nl100_m20_w20/combined_nl100_m20_w20.npz,0.8344283975038794,0.8672259913414566
nl100_m20_w20,d12_nl100_m20_w20_n600_p12_ds415_lmin1of100_lseed415_lN1000_lpnsseed1000,d12_nl100_m20_w20_n600_p12_ds415,lmin1of100_lseed415_lN1000_lpnsseed1000,1188,2188,200,100,-180.95367058707154,25.806183928628595,0.5302255225927563,0.507997873308822,1.0437553983034527,results/bootstrap_runs/nl100_m20_w20/boot_method3_out/boot3_d12_nl100_m20_w20_n600_p12_ds415_lmin1of100_lseed415_lN1000_lpnsseed1000_nsseed1188_bootseed2188.npz,results/bootstrap_runs/nl100_m20_w20/ns_runs_out/ns_out_d12_nl100_m20_w20_n600_p12_ds415_lmin1of100_lseed415_lN1000_lpnsseed1000_nsseed1188.npz,0.583743127326304,results/nl100_m20_w20/combined_nl100_m20_w20.npz,0.9083199403500094,0.8702421485210198
nl100_m20_w20,d12_nl100_m20_w20_n600_p12_ds415_lmin1of100_lseed415_lN1000_lpnsseed1000,d12_nl100_m20_w20_n600_p12_ds415,lmin1of100_lseed415_lN1000_lpnsseed1000,1189,2189,200,100,-181.3592739362188,25.758871374082183,0.5138117410204077,0.5075319829733116,1.0123731277195713,results/bootstrap_runs/nl100_m20_w20/boot_method3_out/boot3_d12_nl100_m20_w20_n600_p12_ds415_lmin1of100_lseed415_lN1000_lpnsseed1000_nsseed1189_bootseed2189.npz,results/bootstrap_runs/nl100_m20_w20/ns_runs_out/ns_out_d12_nl100_m20_w20_n600_p12_ds415_lmin1of100_lseed415_lN1000_lpnsseed1000_nsseed1189.npz,0.583743127326304,results/nl100_m20_w20/combined_nl100_m20_w20.npz,0.8802017822013593,0.8694440400488151
nl100_m20_w20,d12_nl100_m20_w20_n600_p12_ds415_lmin1of100_lseed415_lN1000_lpnsseed1000,d12_nl100_m20_w20_n600_p12_ds415,lmin1of100_lseed415_lN1000_lpnsseed1000,1190,2190,200,100,-182.89036987881838,27.433376637739993,0.5663434157060206,0.5237688100463791,1.0812851106118206,results/bootstrap_runs/nl100_m20_w20/boot_method3_out/boot3_d12_nl100_m20_w20_n600_p12_ds415_lmin1of100_lseed415_lN1000_lpnsseed1000_nsseed1190_bootseed2190.npz,results/bootstrap_runs/nl100_m20_w20/ns_runs_out/ns_out_d12_nl100_m20_w20_n600_p12_ds415_lmin1of100_lseed415_lN1000_lpnsseed1000_nsseed1190.npz,0.583743127326304,results/nl100_m20_w20/combined_nl100_m20_w20.npz,0.9701928625695714,0.8972590605826524
nl100_m20_w20,d12_nl100_m20_w20_n600_p12_ds415_lmin1of100_lseed415_lN1000_lpnsseed1000,d12_nl100_m20_w20_n600_p12_ds415,lmin1of100_lseed415_lN1000_lpnsseed1000,1191,2191,200,100,-182.4361204423032,26.93702324799021,0.5198598790452731,0.519008894413094,1.0016396340050038,results/bootstrap_runs/nl100_m20_w20/boot_method3_out/boot3_d12_nl100_m20_w20_n600_p12_ds415_lmin1of100_lseed415_lN1000_lpnsseed1000_nsseed1191_bootseed2191.npz,results/bootstrap_runs/nl100_m20_w20/ns_runs_out/ns_out_d12_nl100_m20_w20_n600_p12_ds415_lmin1of100_lseed415_lN1000_lpnsseed1000_nsseed1191.npz,0.583743127326304,results/nl100_m20_w20/combined_nl100_m20_w20.npz,0.8905627402011004,0.8891049335180875
nl100_m20_w20,d12_nl100_m20_w20_n600_p12_ds415_lmin1of100_lseed415_lN1000_lpnsseed1000,d12_nl100_m20_w20_n600_p12_ds415,lmin1of100_lseed415_lN1000_lpnsseed1000,1192,2192,200,100,-181.31645137153427,25.972414108200557,0.48656544525694867,0.5096313776466335,0.9547399681389356,results/bootstrap_runs/nl100_m20_w20/boot_method3_out/boot3_d12_nl100_m20_w20_n600_p12_ds415_lmin1of100_lseed415_lN1000_lpnsseed1000_nsseed1192_bootseed2192.npz,results/bootstrap_runs/nl100_m20_w20/ns_runs_out/ns_out_d12_nl100_m20_w20_n600_p12_ds415_lmin1of100_lseed415_lN1000_lpnsseed1000_nsseed1192.npz,0.583743127326304,results/nl100_m20_w20/combined_nl100_m20_w20.npz,0.8335266360831443,0.8730404758354557
nl100_m20_w20,d12_nl100_m20_w20_n600_p12_ds415_lmin1of100_lseed415_lN1000_lpnsseed1000,d12_nl100_m20_w20_n600_p12_ds415,lmin1of100_lseed415_lN1000_lpnsseed1000,1193,2193,200,100,-181.07042678242692,25.388719690161274,0.4769227994231388,0.503872202945958,0.9465153994102953,results/bootstrap_runs/nl100_m20_w20/boot_method3_out/boot3_d12_nl100_m20_w20_n600_p12_ds415_lmin1of100_lseed415_lN1000_lpnsseed1000_nsseed1193_bootseed2193.npz,results/bootstrap_runs/nl100_m20_w20/ns_runs_out/ns_out_d12_nl100_m20_w20_n600_p12_ds415_lmin1of100_lseed415_lN1000_lpnsseed1000_nsseed1193.npz,0.583743127326304,results/nl100_m20_w20/combined_nl100_m20_w20.npz,0.8170079904967273,0.8631745357822445
nl100_m20_w20,d12_nl100_m20_w20_n600_p12_ds415_lmin1of100_lseed415_lN1000_lpnsseed1000,d12_nl100_m20_w20_n600_p12_ds415,lmin1of100_lseed415_lN1000_lpnsseed1000,1194,2194,200,100,-181.87234330895393,26.418333032369965,0.5388596447581964,0.5139876752643975,1.0483902060122445,results/bootstrap_runs/nl100_m20_w20/boot_method3_out/boot3_d12_nl100_m20_w20_n600_p12_ds415_lmin1of100_lseed415_lN1000_lpnsseed1000_nsseed1194_bootseed2194.npz,results/bootstrap_runs/nl100_m20_w20/ns_runs_out/ns_out_d12_nl100_m20_w20_n600_p12_ds415_lmin1of100_lseed415_lN1000_lpnsseed1000_nsseed1194.npz,0.583743127326304,results/nl100_m20_w20/combined_nl100_m20_w20.npz,0.9231109019241294,0.8805031720349246
nl100_m20_w20,d12_nl100_m20_w20_n600_p12_ds415_lmin1of100_lseed415_lN1000_lpnsseed1000,d12_nl100_m20_w20_n600_p12_ds415,lmin1of100_lseed415_lN1000_lpnsseed1000,1195,2195,200,100,-181.4906937382131,26.038207536632452,0.5191506205350208,0.5102764695401156,1.0173908685283939,results/bootstrap_runs/nl100_m20_w20/boot_method3_out/boot3_d12_nl100_m20_w20_n600_p12_ds415_lmin1of100_lseed415_lN1000_lpnsseed1000_nsseed1195_bootseed2195.npz,results/bootstrap_runs/nl100_m20_w20/ns_runs_out/ns_out_d12_nl100_m20_w20_n600_p12_ds415_lmin1of100_lseed415_lN1000_lpnsseed1000_nsseed1195.npz,0.583743127326304,results/nl100_m20_w20/combined_nl100_m20_w20.npz,0.889347722024354,0.8741455713188696
nl100_m20_w20,d12_nl100_m20_w20_n600_p12_ds415_lmin1of100_lseed415_lN1000_lpnsseed1000,d12_nl100_m20_w20_n600_p12_ds415,lmin1of100_lseed415_lN1000_lpnsseed1000,1196,2196,200,100,-182.21632768604067,27.012711109543705,0.480703638678964,0.519737540587013,0.9248968972609473,results/bootstrap_runs/nl100_m20_w20/boot_method3_out/boot3_d12_nl100_m20_w20_n600_p12_ds415_lmin1of100_lseed415_lN1000_lpnsseed1000_nsseed1196_bootseed2196.npz,results/bootstrap_runs/nl100_m20_w20/ns_runs_out/ns_out_d12_nl100_m20_w20_n600_p12_ds415_lmin1of100_lseed415_lN1000_lpnsseed1000_nsseed1196.npz,0.583743127326304,results/nl100_m20_w20/combined_nl100_m20_w20.npz,0.8234848791808689,0.8903531643576632
nl100_m20_w20,d12_nl100_m20_w20_n600_p12_ds415_lmin1of100_lseed415_lN1000_lpnsseed1000,d12_nl100_m20_w20_n600_p12_ds415,lmin1of100_lseed415_lN1000_lpnsseed1000,1197,2197,200,100,-182.0595600685682,26.88186210105682,0.5367049506004958,0.5184772135885706,1.035156293341735,results/bootstrap_runs/nl100_m20_w20/boot_method3_out/boot3_d12_nl100_m20_w20_n600_p12_ds415_lmin1of100_lseed415_lN1000_lpnsseed1000_nsseed1197_bootseed2197.npz,results/bootstrap_runs/nl100_m20_w20/ns_runs_out/ns_out_d12_nl100_m20_w20_n600_p12_ds415_lmin1of100_lseed415_lN1000_lpnsseed1000_nsseed1197.npz,0.583743127326304,results/nl100_m20_w20/combined_nl100_m20_w20.npz,0.9194197335714165,0.8881941205258067
nl100_m20_w20,d12_nl100_m20_w20_n600_p12_ds415_lmin1of100_lseed415_lN1000_lpnsseed1000,d12_nl100_m20_w20_n600_p12_ds415,lmin1of100_lseed415_lN1000_lpnsseed1000,1198,2198,200,100,-180.67189229014318,25.006607174595082,0.5447810006140785,0.500066067381052,1.0894180512331255,results/bootstrap_runs/nl100_m20_w20/boot_method3_out/boot3_d12_nl100_m20_w20_n600_p12_ds415_lmin1of100_lseed415_lN1000_lpnsseed1000_nsseed1198_bootseed2198.npz,results/bootstrap_runs/nl100_m20_w20/ns_runs_out/ns_out_d12_nl100_m20_w20_n600_p12_ds415_lmin1of100_lseed415_lN1000_lpnsseed1000_nsseed1198.npz,0.583743127326304,results/nl100_m20_w20/combined_nl100_m20_w20.npz,0.9332546716383932,0.8566543124395918
nl100_m20_w20,d12_nl100_m20_w20_n600_p12_ds415_lmin1of100_lseed415_lN1000_lpnsseed1000,d12_nl100_m20_w20_n600_p12_ds415,lmin1of100_lseed415_lN1000_lpnsseed1000,1199,2199,200,100,-181.16741306704316,25.798375441990768,0.5097051501173226,0.5079210119889781,1.003512629102226,results/bootstrap_runs/nl100_m20_w20/boot_method3_out/boot3_d12_nl100_m20_w20_n600_p12_ds415_lmin1of100_lseed415_lN1000_lpnsseed1000_nsseed1199_bootseed2199.npz,results/bootstrap_runs/nl100_m20_w20/ns_runs_out/ns_out_d12_nl100_m20_w20_n600_p12_ds415_lmin1of100_lseed415_lN1000_lpnsseed1000_nsseed1199.npz,0.583743127326304,results/nl100_m20_w20/combined_nl100_m20_w20.npz,0.8731668541467981,0.8701104787569647
nl100_m20_w20,d12_nl100_m20_w20_n600_p12_ds415_lmin1of100_lseed415_lN1000_lpnsseed1000,d12_nl100_m20_w20_n600_p12_ds415,lmin1of100_lseed415_lN1000_lpnsseed1000,1200,2200,200,100,-181.17232527814858,26.164121202076224,0.5231541549492831,0.5115087604535843,1.0227667547382222,results/bootstrap_runs/nl100_m20_w20/boot_method3_out/boot3_d12_nl100_m20_w20_n600_p12_ds415_lmin1of100_lseed415_lN1000_lpnsseed1000_nsseed1200_bootseed2200.npz,results/bootstrap_runs/nl100_m20_w20/ns_runs_out/ns_out_d12_nl100_m20_w20_n600_p12_ds415_lmin1of100_lseed415_lN1000_lpnsseed1000_nsseed1200.npz,0.583743127326304,results/nl100_m20_w20/combined_nl100_m20_w20.npz,0.8962061058353968,0.8762565870307168
nl100_m20_w20,d12_nl100_m20_w20_n600_p12_ds415_lmin1of100_lseed415_lN1000_lpnsseed1000,d12_nl100_m20_w20_n600_p12_ds415,lmin1of100_lseed415_lN1000_lpnsseed1000,1201,2201,200,100,-182.1448724689593,26.179818087279166,0.48448813758673726,0.5116621745573847,0.9468906666900784,results/bootstrap_runs/nl100_m20_w20/boot_method3_out/boot3_d12_nl100_m20_w20_n600_p12_ds415_lmin1of100_lseed415_lN1000_lpnsseed1000_nsseed1201_bootseed2201.npz,results/bootstrap_runs/nl100_m20_w20/ns_runs_out/ns_out_d12_nl100_m20_w20_n600_p12_ds415_lmin1of100_lseed415_lN1000_lpnsseed1000_nsseed1201.npz,0.583743127326304,results/nl100_m20_w20/combined_nl100_m20_w20.npz,0.8299680371498668,0.8765193980114698
nl100_m20_w20,d12_nl100_m20_w20_n600_p12_ds415_lmin1of100_lseed415_lN1000_lpnsseed1000,d12_nl100_m20_w20_n600_p12_ds415,lmin1of100_lseed415_lN1000_lpnsseed1000,1202,2202,200,100,-182.11544784241718,27.112023197474134,0.5496726358004028,0.5206920702053579,1.055657781735787,results/bootstrap_runs/nl100_m20_w20/boot_method3_out/boot3_d12_nl100_m20_w20_n600_p12_ds415_lmin1of100_lseed415_lN1000_lpnsseed1000_nsseed1202_bootseed2202.npz,results/bootstrap_runs/nl100_m20_w20/ns_runs_out/ns_out_d12_nl100_m20_w20_n600_p12_ds415_lmin1of100_lseed415_lN1000_lpnsseed1000_nsseed1202.npz,0.583743127326304,results/nl100_m20_w20/combined_nl100_m20_w20.npz,0.9416344451335078,0.8919883521203301
nl100_m20_w20,d12_nl100_m20_w20_n600_p12_ds415_lmin1of100_lseed415_lN1000_lpnsseed1000,d12_nl100_m20_w20_n600_p12_ds415,lmin1of100_lseed415_lN1000_lpnsseed1000,1203,2203,200,100,-181.54680339557834,25.94847721375439,0.5197948737885562,0.5093964783324909,1.0204131671465504,results/bootstrap_runs/nl100_m20_w20/boot_method3_out/boot3_d12_nl100_m20_w20_n600_p12_ds415_lmin1of100_lseed415_lN1000_lpnsseed1000_nsseed1203_bootseed2203.npz,results/bootstrap_runs/nl100_m20_w20/ns_runs_out/ns_out_d12_nl100_m20_w20_n600_p12_ds415_lmin1of100_lseed415_lN1000_lpnsseed1000_nsseed1203.npz,0.583743127326304,results/nl100_m20_w20/combined_nl100_m20_w20.npz,0.8904513808485464,0.8726380739858298
nl100_m20_w20,d12_nl100_m20_w20_n600_p12_ds415_lmin1of100_lseed415_lN1000_lpnsseed1000,d12_nl100_m20_w20_n600_p12_ds415,lmin1of100_lseed415_lN1000_lpnsseed1000,1204,2204,200,100,-181.17552507492587,25.836394967863196,0.49079714886916953,0.5082951403256104,0.9655751352546244,results/bootstrap_runs/nl100_m20_w20/boot_method3_out/boot3_d12_nl100_m20_w20_n600_p12_ds415_lmin1of100_lseed415_lN1000_lpnsseed1000_nsseed1204_bootseed2204.npz,results/bootstrap_runs/nl100_m20_w20/ns_runs_out/ns_out_d12_nl100_m20_w20_n600_p12_ds415_lmin1of100_lseed415_lN1000_lpnsseed1000_nsseed1204.npz,0.583743127326304,results/nl100_m20_w20/combined_nl100_m20_w20.npz,0.8407758925011224,0.870751391376092
nl100_m20_w20,d12_nl100_m20_w20_n600_p12_ds415_lmin1of100_lseed415_lN1000_lpnsseed1000,d12_nl100_m20_w20_n600_p12_ds415,lmin1of100_lseed415_lN1000_lpnsseed1000,1205,2205,200,100,-181.04803984890972,25.786850475760858,0.5109808044369264,0.5078075469679518,1.0062489371966243,results/bootstrap_runs/nl100_m20_w20/boot_method3_out/boot3_d12_nl100_m20_w20_n600_p12_ds415_lmin1of100_lseed415_lN1000_lpnsseed1000_nsseed1205_bootseed2205.npz,results/bootstrap_runs/nl100_m20_w20/ns_runs_out/ns_out_d12_nl100_m20_w20_n600_p12_ds415_lmin1of100_lseed415_lN1000_lpnsseed1000_nsseed1205.npz,0.583743127326304,results/nl100_m20_w20/combined_nl100_m20_w20.npz,0.875352154940739,0.8699161038415014
nl100_m20_w20,d12_nl100_m20_w20_n600_p12_ds415_lmin1of100_lseed415_lN1000_lpnsseed1000,d12_nl100_m20_w20_n600_p12_ds415,lmin1of100_lseed415_lN1000_lpnsseed1000,1206,2206,200,100,-180.97606346239576,25.833469160488416,0.536010606441627,0.5082663589151697,1.0545860394649647,results/bootstrap_runs/nl100_m20_w20/boot_method3_out/boot3_d12_nl100_m20_w20_n600_p12_ds415_lmin1of100_lseed415_lN1000_lpnsseed1000_nsseed1206_bootseed2206.npz,results/bootstrap_runs/nl100_m20_w20/ns_runs_out/ns_out_d12_nl100_m20_w20_n600_p12_ds415_lmin1of100_lseed415_lN1000_lpnsseed1000_nsseed1206.npz,0.583743127326304,results/nl100_m20_w20/combined_nl100_m20_w20.npz,0.9182302649055513,0.8707020864522421
nl100_m20_w20,d12_nl100_m20_w20_n600_p12_ds415_lmin1of100_lseed415_lN1000_lpnsseed1000,d12_nl100_m20_w20_n600_p12_ds415,lmin1of100_lseed415_lN1000_lpnsseed1000,1207,2207,200,100,-181.77964985403833,26.295017782779407,0.5323883096223027,0.5127866786762251,1.0382257023460122,results/bootstrap_runs/nl100_m20_w20/boot_method3_out/boot3_d12_nl100_m20_w20_n600_p12_ds415_lmin1of100_lseed415_lN1000_lpnsseed1000_nsseed1207_bootseed2207.npz,results/bootstrap_runs/nl100_m20_w20/ns_runs_out/ns_out_d12_nl100_m20_w20_n600_p12_ds415_lmin1of100_lseed415_lN1000_lpnsseed1000_nsseed1207.npz,0.583743127326304,results/nl100_m20_w20/combined_nl100_m20_w20.npz,0.9120249724579718,0.8784457660768051
nl100_m20_w20,d12_nl100_m20_w20_n600_p12_ds415_lmin1of100_lseed415_lN1000_lpnsseed1000,d12_nl100_m20_w20_n600_p12_ds415,lmin1of100_lseed415_lN1000_lpnsseed1000,1208,2208,200,100,-181.8055458712138,26.0798182046158,0.49039562850525964,0.5106840334748659,0.9602720985193973,results/bootstrap_runs/nl100_m20_w20/boot_method3_out/boot3_d12_nl100_m20_w20_n600_p12_ds415_lmin1of100_lseed415_lN1000_lpnsseed1000_nsseed1208_bootseed2208.npz,results/bootstrap_runs/nl100_m20_w20/ns_runs_out/ns_out_d12_nl100_m20_w20_n600_p12_ds415_lmin1of100_lseed415_lN1000_lpnsseed1000_nsseed1208.npz,0.583743127326304,results/nl100_m20_w20/combined_nl100_m20_w20.npz,0.8400880550858042,0.8748437618682249
nl100_m20_w20,d12_nl100_m20_w20_n600_p12_ds415_lmin1of100_lseed415_lN1000_lpnsseed1000,d12_nl100_m20_w20_n600_p12_ds415,lmin1of100_lseed415_lN1000_lpnsseed1000,1209,2209,200,100,-183.17248844259672,27.63084200919145,0.505268913319372,0.5256504733108442,0.9612260218028575,results/bootstrap_runs/nl100_m20_w20/boot_method3_out/boot3_d12_nl100_m20_w20_n600_p12_ds415_lmin1of100_lseed415_lN1000_lpnsseed1000_nsseed1209_bootseed2209.npz,results/bootstrap_runs/nl100_m20_w20/ns_runs_out/ns_out_d12_nl100_m20_w20_n600_p12_ds415_lmin1of100_lseed415_lN1000_lpnsseed1000_nsseed1209.npz,0.583743127326304,results/nl100_m20_w20/combined_nl100_m20_w20.npz,0.8655672155553001,0.9004825045537765
nl100_m20_w20,d12_nl100_m20_w20_n600_p12_ds415_lmin1of100_lseed415_lN1000_lpnsseed1000,d12_nl100_m20_w20_n600_p12_ds415,lmin1of100_lseed415_lN1000_lpnsseed1000,1210,2210,200,100,-182.00054084396643,26.352653879947326,0.518384897525429,0.513348360082579,1.0098111493763025,results/bootstrap_runs/nl100_m20_w20/boot_method3_out/boot3_d12_nl100_m20_w20_n600_p12_ds415_lmin1of100_lseed415_lN1000_lpnsseed1000_nsseed1210_bootseed2210.npz,results/bootstrap_runs/nl100_m20_w20/ns_runs_out/ns_out_d12_nl100_m20_w20_n600_p12_ds415_lmin1of100_lseed415_lN1000_lpnsseed1000_nsseed1210.npz,0.583743127326304,results/nl100_m20_w20/combined_nl100_m20_w20.npz,0.8880359755150649,0.8794079725338243
nl100_m20_w20,d12_nl100_m20_w20_n600_p12_ds415_lmin1of100_lseed415_lN1000_lpnsseed1000,d12_nl100_m20_w20_n600_p12_ds415,lmin1of100_lseed415_lN1000_lpnsseed1000,1211,2211,200,100,-181.46556417433578,25.73218872071797,0.49380442683135045,0.5072690481462275,0.9734566471893319,results/bootstrap_runs/nl100_m20_w20/boot_method3_out/boot3_d12_nl100_m20_w20_n600_p12_ds415_lmin1of100_lseed415_lN1000_lpnsseed1000_nsseed1211_bootseed2211.npz,results/bootstrap_runs/nl100_m20_w20/ns_runs_out/ns_out_d12_nl100_m20_w20_n600_p12_ds415_lmin1of100_lseed415_lN1000_lpnsseed1000_nsseed1211.npz,0.583743127326304,results/nl100_m20_w20/combined_nl100_m20_w20.npz,0.8459276070505596,0.8689936110591182
nl100_m20_w20,d12_nl100_m20_w20_n600_p12_ds415_lmin1of100_lseed415_lN1000_lpnsseed1000,d12_nl100_m20_w20_n600_p12_ds415,lmin1of100_lseed415_lN1000_lpnsseed1000,1212,2212,200,100,-181.77381425218522,26.580678805735456,0.52979130939454,0.5155645333586811,1.027594559197425,results/bootstrap_runs/nl100_m20_w20/boot_method3_out/boot3_d12_nl100_m20_w20_n600_p12_ds415_lmin1of100_lseed415_lN1000_lpnsseed1000_nsseed1212_bootseed2212.npz,results/bootstrap_runs/nl100_m20_w20/ns_runs_out/ns_out_d12_nl100_m20_w20_n600_p12_ds415_lmin1of100_lseed415_lN1000_lpnsseed1000_nsseed1212.npz,0.583743127326304,results/nl100_m20_w20/combined_nl100_m20_w20.npz,0.9075760974199776,0.8832044596740717
nl100_m20_w20,d12_nl100_m20_w20_n600_p12_ds415_lmin1of100_lseed415_lN1000_lpnsseed1000,d12_nl100_m20_w20_n600_p12_ds415,lmin1of100_lseed415_lN1000_lpnsseed1000,1213,2213,200,100,-181.98899279101616,26.04740665025325,0.5266396583317747,0.5103666001047997,1.0318850375859892,results/bootstrap_runs/nl100_m20_w20/boot_method3_out/boot3_d12_nl100_m20_w20_n600_p12_ds415_lmin1of100_lseed415_lN1000_lpnsseed1000_nsseed1213_bootseed2213.npz,results/bootstrap_runs/nl100_m20_w20/ns_runs_out/ns_out_d12_nl100_m20_w20_n600_p12_ds415_lmin1of100_lseed415_lN1000_lpnsseed1000_nsseed1213.npz,0.583743127326304,results/nl100_m20_w20/combined_nl100_m20_w20.npz,0.9021770598720742,0.8742999723909592
nl100_m20_w20,d12_nl100_m20_w20_n600_p12_ds415_lmin1of100_lseed415_lN1000_lpnsseed1000,d12_nl100_m20_w20_n600_p12_ds415,lmin1of100_lseed415_lN1000_lpnsseed1000,1214,2214,200,100,-182.52409809501842,27.128812776668635,0.5289583030173158,0.5208532689411542,1.0155610698050113,results/bootstrap_runs/nl100_m20_w20/boot_method3_out/boot3_d12_nl100_m20_w20_n600_p12_ds415_lmin1of100_lseed415_lN1000_lpnsseed1000_nsseed1214_bootseed2214.npz,results/bootstrap_runs/nl100_m20_w20/ns_runs_out/ns_out_d12_nl100_m20_w20_n600_p12_ds415_lmin1of100_lseed415_lN1000_lpnsseed1000_nsseed1214.npz,0.583743127326304,results/nl100_m20_w20/combined_nl100_m20_w20.npz,0.9061490889667225,0.8922644988161117
nl100_m20_w20,d12_nl100_m20_w20_n600_p12_ds415_lmin1of100_lseed415_lN1000_lpnsseed1000,d12_nl100_m20_w20_n600_p12_ds415,lmin1of100_lseed415_lN1000_lpnsseed1000,1215,2215,200,100,-181.93887216149975,26.537321109502273,0.548448486381286,0.5151438741701416,1.0646510885231735,results/bootstrap_runs/nl100_m20_w20/boot_method3_out/boot3_d12_nl100_m20_w20_n600_p12_ds415_lmin1of100_lseed415_lN1000_lpnsseed1000_nsseed1215_bootseed2215.npz,results/bootstrap_runs/nl100_m20_w20/ns_runs_out/ns_out_d12_nl100_m20_w20_n600_p12_ds415_lmin1of100_lseed415_lN1000_lpnsseed1000_nsseed1215.npz,0.583743127326304,results/nl100_m20_w20/combined_nl100_m20_w20.npz,0.9395373764712628,0.8824838358776662
nl100_m20_w20,d12_nl100_m20_w20_n600_p12_ds415_lmin1of100_lseed415_lN1000_lpnsseed1000,d12_nl100_m20_w20_n600_p12_ds415,lmin1of100_lseed415_lN1000_lpnsseed1000,1216,2216,200,100,-181.49865566569494,26.330217428199017,0.5216723740865862,0.5131297830783068,1.016648012432706,results/bootstrap_runs/nl100_m20_w20/boot_method3_out/boot3_d12_nl100_m20_w20_n600_p12_ds415_lmin1of100_lseed415_lN1000_lpnsseed1000_nsseed1216_bootseed2216.npz,results/bootstrap_runs/nl100_m20_w20/ns_runs_out/ns_out_d12_nl100_m20_w20_n600_p12_ds415_lmin1of100_lseed415_lN1000_lpnsseed1000_nsseed1216.npz,0.583743127326304,results/nl100_m20_w20/combined_nl100_m20_w20.npz,0.8936676933156917,0.8790335321437963
nl100_m20_w20,d12_nl100_m20_w20_n600_p12_ds415_lmin1of100_lseed415_lN1000_lpnsseed1000,d12_nl100_m20_w20_n600_p12_ds415,lmin1of100_lseed415_lN1000_lpnsseed1000,1217,2217,200,100,-181.8815116747173,26.362713191914434,0.554166138269045,0.5134463281776824,1.0793068483630701,results/bootstrap_runs/nl100_m20_w20/boot_method3_out/boot3_d12_nl100_m20_w20_n600_p12_ds415_lmin1of100_lseed415_lN1000_lpnsseed1000_nsseed1217_bootseed2217.npz,results/bootstrap_runs/nl100_m20_w20/ns_runs_out/ns_out_d12_nl100_m20_w20_n600_p12_ds415_lmin1of100_lseed415_lN1000_lpnsseed1000_nsseed1217.npz,0.583743127326304,results/nl100_m20_w20/combined_nl100_m20_w20.npz,0.9493321845299845,0.8795757999402936
nl100_m20_w20,d12_nl100_m20_w20_n600_p12_ds415_lmin1of100_lseed415_lN1000_lpnsseed1000,d12_nl100_m20_w20_n600_p12_ds415,lmin1of100_lseed415_lN1000_lpnsseed1000,1218,2218,200,100,-181.58799668070174,25.98103322443875,0.5241500962460013,0.5097159328924176,1.0283180540809782,results/bootstrap_runs/nl100_m20_w20/boot_method3_out/boot3_d12_nl100_m20_w20_n600_p12_ds415_lmin1of100_lseed415_lN1000_lpnsseed1000_nsseed1218_bootseed2218.npz,results/bootstrap_runs/nl100_m20_w20/ns_runs_out/ns_out_d12_nl100_m20_w20_n600_p12_ds415_lmin1of100_lseed415_lN1000_lpnsseed1000_nsseed1218.npz,0.583743127326304,results/nl100_m20_w20/combined_nl100_m20_w20.npz,0.8979122352099385,0.873185325927604
nl100_m20_w20,d12_nl100_m20_w20_n600_p12_ds415_lmin1of100_lseed415_lN1000_lpnsseed1000,d12_nl100_m20_w20_n600_p12_ds415,lmin1of100_lseed415_lN1000_lpnsseed1000,1219,2219,200,100,-181.69314614171938,25.562371752661008,0.5291122312764213,0.5055924421177694,1.0465192657155529,results/bootstrap_runs/nl100_m20_w20/boot_method3_out/boot3_d12_nl100_m20_w20_n600_p12_ds415_lmin1of100_lseed415_lN1000_lpnsseed1000_nsseed1219_bootseed2219.npz,results/bootstrap_runs/nl100_m20_w20/ns_runs_out/ns_out_d12_nl100_m20_w20_n600_p12_ds415_lmin1of100_lseed415_lN1000_lpnsseed1000_nsseed1219.npz,0.583743127326304,results/nl100_m20_w20/combined_nl100_m20_w20.npz,0.9064127807378111,0.8661214470027508
nl100_m20_w20,d12_nl100_m20_w20_n600_p12_ds415_lmin1of100_lseed415_lN1000_lpnsseed1000,d12_nl100_m20_w20_n600_p12_ds415,lmin1of100_lseed415_lN1000_lpnsseed1000,1220,2220,200,100,-181.50709869197067,26.1579956077142,0.5160748240308124,0.511448879241261,1.0090447842928387,results/bootstrap_runs/nl100_m20_w20/boot_method3_out/boot3_d12_nl100_m20_w20_n600_p12_ds415_lmin1of100_lseed415_lN1000_lpnsseed1000_nsseed1220_bootseed2220.npz,results/bootstrap_runs/nl100_m20_w20/ns_runs_out/ns_out_d12_nl100_m20_w20_n600_p12_ds415_lmin1of100_lseed415_lN1000_lpnsseed1000_nsseed1220.npz,0.583743127326304,results/nl100_m20_w20/combined_nl100_m20_w20.npz,0.8840786295755976,0.8761540055877498
nl100_m20_w20,d12_nl100_m20_w20_n600_p12_ds415_lmin1of100_lseed415_lN1000_lpnsseed1000,d12_nl100_m20_w20_n600_p12_ds415,lmin1of100_lseed415_lN1000_lpnsseed1000,1221,2221,200,100,-182.07323521073738,26.39565432660838,0.5136866385091069,0.5137670126293472,0.9998435592043386,results/bootstrap_runs/nl100_m20_w20/boot_method3_out/boot3_d12_nl100_m20_w20_n600_p12_ds415_lmin1of100_lseed415_lN1000_lpnsseed1000_nsseed1221_bootseed2221.npz,results/bootstrap_runs/nl100_m20_w20/ns_runs_out/ns_out_d12_nl100_m20_w20_n600_p12_ds415_lmin1of100_lseed415_lN1000_lpnsseed1000_nsseed1221.npz,0.583743127326304,results/nl100_m20_w20/combined_nl100_m20_w20.npz,0.8799874713076724,0.8801251587877948
nl100_m20_w20,d12_nl100_m20_w20_n600_p12_ds415_lmin1of100_lseed415_lN1000_lpnsseed1000,d12_nl100_m20_w20_n600_p12_ds415,lmin1of100_lseed415_lN1000_lpnsseed1000,1222,2222,200,100,-182.22232625111252,26.721289751376197,0.48565823439949285,0.5169263946770004,0.9395113876956402,results/bootstrap_runs/nl100_m20_w20/boot_method3_out/boot3_d12_nl100_m20_w20_n600_p12_ds415_lmin1of100_lseed415_lN1000_lpnsseed1000_nsseed1222_bootseed2222.npz,results/bootstrap_runs/nl100_m20_w20/ns_runs_out/ns_out_d12_nl100_m20_w20_n600_p12_ds415_lmin1of100_lseed415_lN1000_lpnsseed1000_nsseed1222.npz,0.583743127326304,results/nl100_m20_w20/combined_nl100_m20_w20.npz,0.8319725092506604,0.8855374401488174
nl100_m20_w20,d12_nl100_m20_w20_n600_p12_ds415_lmin1of100_lseed415_lN1000_lpnsseed1000,d12_nl100_m20_w20_n600_p12_ds415,lmin1of100_lseed415_lN1000_lpnsseed1000,1223,2223,200,100,-181.97977670251234,26.583237208314788,0.5232062637711083,0.5155893444235905,1.014773228791284,results/bootstrap_runs/nl100_m20_w20/boot_method3_out/boot3_d12_nl100_m20_w20_n600_p12_ds415_lmin1of100_lseed415_lN1000_lpnsseed1000_nsseed1223_bootseed2223.npz,results/bootstrap_runs/nl100_m20_w20/ns_runs_out/ns_out_d12_nl100_m20_w20_n600_p12_ds415_lmin1of100_lseed415_lN1000_lpnsseed1000_nsseed1223.npz,0.583743127326304,results/nl100_m20_w20/combined_nl100_m20_w20.npz,0.8962953725340284,0.8832469630693973
nl100_m20_w20,d12_nl100_m20_w20_n600_p12_ds415_lmin1of100_lseed415_lN1000_lpnsseed1000,d12_nl100_m20_w20_n600_p12_ds415,lmin1of100_lseed415_lN1000_lpnsseed1000,1224,2224,200,100,-183.1308023379212,27.68991310976372,0.5866344530004185,0.5262120590575982,1.1148251791322148,results/bootstrap_runs/nl100_m20_w20/boot_method3_out/boot3_d12_nl100_m20_w20_n600_p12_ds415_lmin1of100_lseed415_lN1000_lpnsseed1000_nsseed1224_bootseed2224.npz,results/bootstrap_runs/nl100_m20_w20/ns_runs_out/ns_out_d12_nl100_m20_w20_n600_p12_ds415_lmin1of100_lseed415_lN1000_lpnsseed1000_nsseed1224.npz,0.583743127326304,results/nl100_m20_w20/combined_nl100_m20_w20.npz,1.004953078740914,0.9014445471380312
nl100_m20_w20,d12_nl100_m20_w20_n600_p12_ds415_lmin1of100_lseed415_lN1000_lpnsseed1000,d12_nl100_m20_w20_n600_p12_ds415,lmin1of100_lseed415_lN1000_lpnsseed1000,1225,2225,200,100,-182.3476084208985,26.7328474248568,0.5474618350388774,0.5170381748464691,1.0588421932315586,results/bootstrap_runs/nl100_m20_w20/boot_method3_out/boot3_d12_nl100_m20_w20_n600_p12_ds415_lmin1of100_lseed415_lN1000_lpnsseed1000_nsseed1225_bootseed2225.npz,results/bootstrap_runs/nl100_m20_w20/ns_runs_out/ns_out_d12_nl100_m20_w20_n600_p12_ds415_lmin1of100_lseed415_lN1000_lpnsseed1000_nsseed1225.npz,0.583743127326304,results/nl100_m20_w20/combined_nl100_m20_w20.npz,0.9378471615527117,0.8857289287749545
nl100_m20_w20,d12_nl100_m20_w20_n600_p12_ds415_lmin1of100_lseed415_lN1000_lpnsseed1000,d12_nl100_m20_w20_n600_p12_ds415,lmin1of100_lseed415_lN1000_lpnsseed1000,1226,2226,200,100,-181.31932135812679,25.840984566509093,0.5343733211159535,0.5083402853061038,1.0512118290884098,results/bootstrap_runs/nl100_m20_w20/boot_method3_out/boot3_d12_nl100_m20_w20_n600_p12_ds415_lmin1of100_lseed415_lN1000_lpnsseed1000_nsseed1226_bootseed2226.npz,results/bootstrap_runs/nl100_m20_w20/ns_runs_out/ns_out_d12_nl100_m20_w20_n600_p12_ds415_lmin1of100_lseed415_lN1000_lpnsseed1000_nsseed1226.npz,0.583743127326304,results/nl100_m20_w20/combined_nl100_m20_w20.npz,0.9154254604478564,0.8708287284416265
nl100_m20_w20,d12_nl100_m20_w20_n600_p12_ds415_lmin1of100_lseed415_lN1000_lpnsseed1000,d12_nl100_m20_w20_n600_p12_ds415,lmin1of100_lseed415_lN1000_lpnsseed1000,1227,2227,200,100,-182.75852135413558,27.146895916632314,0.5512572916098091,0.5210268315224497,1.0580209276344281,results/bootstrap_runs/nl100_m20_w20/boot_method3_out/boot3_d12_nl100_m20_w20_n600_p12_ds415_lmin1of100_lseed415_lN1000_lpnsseed1000_nsseed1227_bootseed2227.npz,results/bootstrap_runs/nl100_m20_w20/ns_runs_out/ns_out_d12_nl100_m20_w20_n600_p12_ds415_lmin1of100_lseed415_lN1000_lpnsseed1000_nsseed1227.npz,0.583743127326304,results/nl100_m20_w20/combined_nl100_m20_w20.npz,0.9443490909001558,0.8925618257963716
nl100_m20_w20,d12_nl100_m20_w20_n600_p12_ds415_lmin1of100_lseed415_lN1000_lpnsseed1000,d12_nl100_m20_w20_n600_p12_ds415,lmin1of100_lseed415_lN1000_lpnsseed1000,1228,2228,200,100,-181.70306219983104,26.328743287505507,0.5220560486682851,0.5131154186682125,1.0174242084232783,results/bootstrap_runs/nl100_m20_w20/boot_method3_out/boot3_d12_nl100_m20_w20_n600_p12_ds415_lmin1of100_lseed415_lN1000_lpnsseed1000_nsseed1228_bootseed2228.npz,results/bootstrap_runs/nl100_m20_w20/ns_runs_out/ns_out_d12_nl100_m20_w20_n600_p12_ds415_lmin1of100_lseed415_lN1000_lpnsseed1000_nsseed1228.npz,0.583743127326304,results/nl100_m20_w20/combined_nl100_m20_w20.npz,0.8943249594379608,0.8790089247275856
nl100_m20_w20,d12_nl100_m20_w20_n600_p12_ds415_lmin1of100_lseed415_lN1000_lpnsseed1000,d12_nl100_m20_w20_n600_p12_ds415,lmin1of100_lseed415_lN1000_lpnsseed1000,1229,2229,200,100,-181.10578549044237,25.813095777073247,0.5328935732803451,0.5080658990433549,1.0488670353269895,results/bootstrap_runs/nl100_m20_w20/boot_method3_out/boot3_d12_nl100_m20_w20_n600_p12_ds415_lmin1of100_lseed415_lN1000_lpnsseed1000_nsseed1229_bootseed2229.npz,results/bootstrap_runs/nl100_m20_w20/ns_runs_out/ns_out_d12_nl100_m20_w20_n600_p12_ds415_lmin1of100_lseed415_lN1000_lpnsseed1000_nsseed1229.npz,0.583743127326304,results/nl100_m20_w20/combined_nl100_m20_w20.npz,0.9128905306708054,0.8703586822005587
nl100_m20_w20,d12_nl100_m20_w20_n600_p12_ds415_lmin1of100_lseed415_lN1000_lpnsseed1000,d12_nl100_m20_w20_n600_p12_ds415,lmin1of100_lseed415_lN1000_lpnsseed1000,1230,2230,200,100,-182.03175591786655,26.865859673284636,0.5053218053961518,0.5183228691972277,0.9749170554229802,results/bootstrap_runs/nl100_m20_w20/boot_method3_out/boot3_d12_nl100_m20_w20_n600_p12_ds415_lmin1of100_lseed415_lN1000_lpnsseed1000_nsseed1230_bootseed2230.npz,results/bootstrap_runs/nl100_m20_w20/ns_runs_out/ns_out_d12_nl100_m20_w20_n600_p12_ds415_lmin1of100_lseed415_lN1000_lpnsseed1000_nsseed1230.npz,0.583743127326304,results/nl100_m20_w20/combined_nl100_m20_w20.npz,0.8656578240341051,0.8879297158859615
nl100_m20_w20,d12_nl100_m20_w20_n600_p12_ds415_lmin1of100_lseed415_lN1000_lpnsseed1000,d12_nl100_m20_w20_n600_p12_ds415,lmin1of100_lseed415_lN1000_lpnsseed1000,1231,2231,200,100,-182.08684799277685,27.054130795235857,0.47529689376956086,0.5201358552843273,0.9137937501150433,results/bootstrap_runs/nl100_m20_w20/boot_method3_out/boot3_d12_nl100_m20_w20_n600_p12_ds415_lmin1of100_lseed415_lN1000_lpnsseed1000_nsseed1231_bootseed2231.npz,results/bootstrap_runs/nl100_m20_w20/ns_runs_out/ns_out_d12_nl100_m20_w20_n600_p12_ds415_lmin1of100_lseed415_lN1000_lpnsseed1000_nsseed1231.npz,0.583743127326304,results/nl100_m20_w20/combined_nl100_m20_w20.npz,0.8142226803535055,0.8910355102023819
nl100_m20_w20,d12_nl100_m20_w20_n600_p12_ds415_lmin1of100_lseed415_lN1000_lpnsseed1000,d12_nl100_m20_w20_n600_p12_ds415,lmin1of100_lseed415_lN1000_lpnsseed1000,1232,2232,200,100,-182.51701864327205,26.969345431937025,0.533314594974321,0.5193201847794578,1.0269475568349153,results/bootstrap_runs/nl100_m20_w20/boot_method3_out/boot3_d12_nl100_m20_w20_n600_p12_ds415_lmin1of100_lseed415_lN1000_lpnsseed1000_nsseed1232_bootseed2232.npz,results/bootstrap_runs/nl100_m20_w20/ns_runs_out/ns_out_d12_nl100_m20_w20_n600_p12_ds415_lmin1of100_lseed415_lN1000_lpnsseed1000_nsseed1232.npz,0.583743127326304,results/nl100_m20_w20/combined_nl100_m20_w20.npz,0.9136117754688456,0.8896381995246436
nl100_m20_w20,d12_nl100_m20_w20_n600_p12_ds415_lmin1of100_lseed415_lN1000_lpnsseed1000,d12_nl100_m20_w20_n600_p12_ds415,lmin1of100_lseed415_lN1000_lpnsseed1000,1233,2233,200,100,-181.92028927513118,26.197345081203995,0.4754722405406206,0.5118334209604136,0.9289589563112853,results/bootstrap_runs/nl100_m20_w20/boot_method3_out/boot3_d12_nl100_m20_w20_n600_p12_ds415_lmin1of100_lseed415_lN1000_lpnsseed1000_nsseed1233_bootseed2233.npz,results/bootstrap_runs/nl100_m20_w20/ns_runs_out/ns_out_d12_nl100_m20_w20_n600_p12_ds415_lmin1of100_lseed415_lN1000_lpnsseed1000_nsseed1233.npz,0.583743127326304,results/nl100_m20_w20/combined_nl100_m20_w20.npz,0.814523063797612,0.8768127571878138
nl100_m20_w20,d12_nl100_m20_w20_n600_p12_ds415_lmin1of100_lseed415_lN1000_lpnsseed1000,d12_nl100_m20_w20_n600_p12_ds415,lmin1of100_lseed415_lN1000_lpnsseed1000,1234,2234,200,100,-183.33225892090405,27.561462886873677,0.5450093471908493,0.5249901226392139,1.0381325737158547,results/bootstrap_runs/nl100_m20_w20/boot_method3_out/boot3_d12_nl100_m20_w20_n600_p12_ds415_lmin1of100_lseed415_lN1000_lpnsseed1000_nsseed1234_bootseed2234.npz,results/bootstrap_runs/nl100_m20_w20/ns_runs_out/ns_out_d12_nl100_m20_w20_n600_p12_ds415_lmin1of100_lseed415_lN1000_lpnsseed1000_nsseed1234.npz,0.583743127326304,results/nl100_m20_w20/combined_nl100_m20_w20.npz,0.9336458481098261,0.8993512695280984
nl100_m20_w20,d12_nl100_m20_w20_n600_p12_ds415_lmin1of100_lseed415_lN1000_lpnsseed1000,d12_nl100_m20_w20_n600_p12_ds415,lmin1of100_lseed415_lN1000_lpnsseed1000,1235,2235,200,100,-180.89295610649742,25.86416351895108,0.5376664703141735,0.5085682207821394,1.0572160200794363,results/bootstrap_runs/nl100_m20_w20/boot_method3_out/boot3_d12_nl100_m20_w20_n600_p12_ds415_lmin1of100_lseed415_lN1000_lpnsseed1000_nsseed1235_bootseed2235.npz,results/bootstrap_runs/nl100_m20_w20/ns_runs_out/ns_out_d12_nl100_m20_w20_n600_p12_ds415_lmin1of100_lseed415_lN1000_lpnsseed1000_nsseed1235.npz,0.583743127326304,results/nl100_m20_w20/combined_nl100_m20_w20.npz,0.9210668959424437,0.8712192006636801
nl100_m20_w20,d12_nl100_m20_w20_n600_p12_ds415_lmin1of100_lseed415_lN1000_lpnsseed1000,d12_nl100_m20_w20_n600_p12_ds415,lmin1of100_lseed415_lN1000_lpnsseed1000,1236,2236,200,100,-181.89428606378104,26.19400044945473,0.5818829898521788,0.5118007468679069,1.1369326704057345,results/bootstrap_runs/nl100_m20_w20/boot_method3_out/boot3_d12_nl100_m20_w20_n600_p12_ds415_lmin1of100_lseed415_lN1000_lpnsseed1000_nsseed1236_bootseed2236.npz,results/bootstrap_runs/nl100_m20_w20/ns_runs_out/ns_out_d12_nl100_m20_w20_n600_p12_ds415_lmin1of100_lseed415_lN1000_lpnsseed1000_nsseed1236.npz,0.583743127326304,results/nl100_m20_w20/combined_nl100_m20_w20.npz,0.9968134314785939,0.876756783779345
nl100_m20_w20,d12_nl100_m20_w20_n600_p12_ds415_lmin1of100_lseed415_lN1000_lpnsseed1000,d12_nl100_m20_w20_n600_p12_ds415,lmin1of100_lseed415_lN1000_lpnsseed1000,1237,2237,200,100,-180.19573650504955,24.836548789489708,0.49075066023175773,0.49836280749560063,0.9847256915055602,results/bootstrap_runs/nl100_m20_w20/boot_method3_out/boot3_d12_nl100_m20_w20_n600_p12_ds415_lmin1of100_lseed415_lN1000_lpnsseed1000_nsseed1237_bootseed2237.npz,results/bootstrap_runs/nl100_m20_w20/ns_runs_out/ns_out_d12_nl100_m20_w20_n600_p12_ds415_lmin1of100_lseed415_lN1000_lpnsseed1000_nsseed1237.npz,0.583743127326304,results/nl100_m20_w20/combined_nl100_m20_w20.npz,0.8406962536407477,0.8537364881334578
nl100_m20_w20,d12_nl100_m20_w20_n600_p12_ds415_lmin1of100_lseed415_lN1000_lpnsseed1000,d12_nl100_m20_w20_n600_p12_ds415,lmin1of100_lseed415_lN1000_lpnsseed1000,1238,2238,200,100,-182.99979446307796,26.78887780741104,0.5159224248857964,0.5175797311275919,0.9967979691975477,results/bootstrap_runs/nl100_m20_w20/boot_method3_out/boot3_d12_nl100_m20_w20_n600_p12_ds415_lmin1of100_lseed415_lN1000_lpnsseed1000_nsseed1238_bootseed2238.npz,results/bootstrap_runs/nl100_m20_w20/ns_runs_out/ns_out_d12_nl100_m20_w20_n600_p12_ds415_lmin1of100_lseed415_lN1000_lpnsseed1000_nsseed1238.npz,0.583743127326304,results/nl100_m20_w20/combined_nl100_m20_w20.npz,0.8838175573027403,0.8866566592368159
nl100_m20_w20,d12_nl100_m20_w20_n600_p12_ds415_lmin1of100_lseed415_lN1000_lpnsseed1000,d12_nl100_m20_w20_n600_p12_ds415,lmin1of100_lseed415_lN1000_lpnsseed1000,1239,2239,200,100,-182.09546004920261,26.151857560176175,0.48481813378653493,0.5113888692587684,0.9480420144639707,results/bootstrap_runs/nl100_m20_w20/boot_method3_out/boot3_d12_nl100_m20_w20_n600_p12_ds415_lmin1of100_lseed415_lN1000_lpnsseed1000_nsseed1239_bootseed2239.npz,results/bootstrap_runs/nl100_m20_w20/ns_runs_out/ns_out_d12_nl100_m20_w20_n600_p12_ds415_lmin1of100_lseed415_lN1000_lpnsseed1000_nsseed1239.npz,0.583743127326304,results/nl100_m20_w20/combined_nl100_m20_w20.npz,0.8305333477879708,0.876051203550889
nl100_m20_w20,d12_nl100_m20_w20_n600_p12_ds415_lmin1of100_lseed415_lN1000_lpnsseed1000,d12_nl100_m20_w20_n600_p12_ds415,lmin1of100_lseed415_lN1000_lpnsseed1000,1240,2240,200,100,-182.1990665328923,26.637903671434604,0.5052323161066815,0.5161192078525523,0.9789062457272836,results/bootstrap_runs/nl100_m20_w20/boot_method3_out/boot3_d12_nl100_m20_w20_n600_p12_ds415_lmin1of100_lseed415_lN1000_lpnsseed1000_nsseed1240_bootseed2240.npz,results/bootstrap_runs/nl100_m20_w20/ns_runs_out/ns_out_d12_nl100_m20_w20_n600_p12_ds415_lmin1of100_lseed415_lN1000_lpnsseed1000_nsseed1240.npz,0.583743127326304,results/nl100_m20_w20/combined_nl100_m20_w20.npz,0.8655045215192126,0.884154662713569
nl100_m20_w20,d12_nl100_m20_w20_n600_p12_ds415_lmin1of100_lseed415_lN1000_lpnsseed1000,d12_nl100_m20_w20_n600_p12_ds415,lmin1of100_lseed415_lN1000_lpnsseed1000,1241,2241,200,100,-182.23172378091633,26.869552317034398,0.5224612723873907,0.5183584890501398,1.0079149535001712,results/bootstrap_runs/nl100_m20_w20/boot_method3_out/boot3_d12_nl100_m20_w20_n600_p12_ds415_lmin1of100_lseed415_lN1000_lpnsseed1000_nsseed1241_bootseed2241.npz,results/bootstrap_runs/nl100_m20_w20/ns_runs_out/ns_out_d12_nl100_m20_w20_n600_p12_ds415_lmin1of100_lseed415_lN1000_lpnsseed1000_nsseed1241.npz,0.583743127326304,results/nl100_m20_w20/combined_nl100_m20_w20.npz,0.8950191410053937,0.887990735624344
nl100_m20_w20,d12_nl100_m20_w20_n600_p12_ds415_lmin1of100_lseed415_lN1000_lpnsseed1000,d12_nl100_m20_w20_n600_p12_ds415,lmin1of100_lseed415_lN1000_lpnsseed1000,1242,2242,200,100,-181.8385054237886,26.020296441520657,0.49812195150009364,0.5101009355168902,0.9765164437413585,results/bootstrap_runs/nl100_m20_w20/boot_method3_out/boot3_d12_nl100_m20_w20_n600_p12_ds415_lmin1of100_lseed415_lN1000_lpnsseed1000_nsseed1242_bootseed2242.npz,results/bootstrap_runs/nl100_m20_w20/ns_runs_out/ns_out_d12_nl100_m20_w20_n600_p12_ds415_lmin1of100_lseed415_lN1000_lpnsseed1000_nsseed1242.npz,0.583743127326304,results/nl100_m20_w20/combined_nl100_m20_w20.npz,0.8533238819986153,0.8738448670963986
nl100_m20_w20,d12_nl100_m20_w20_n600_p12_ds415_lmin1of100_lseed415_lN1000_lpnsseed1000,d12_nl100_m20_w20_n600_p12_ds415,lmin1of100_lseed415_lN1000_lpnsseed1000,1243,2243,200,100,-181.02822935146725,25.675538148022337,0.5014946779218742,0.5067103526475686,0.989706792650984,results/bootstrap_runs/nl100_m20_w20/boot_method3_out/boot3_d12_nl100_m20_w20_n600_p12_ds415_lmin1of100_lseed415_lN1000_lpnsseed1000_nsseed1243_bootseed2243.npz,results/bootstrap_runs/nl100_m20_w20/ns_runs_out/ns_out_d12_nl100_m20_w20_n600_p12_ds415_lmin1of100_lseed415_lN1000_lpnsseed1000_nsseed1243.npz,0.583743127326304,results/nl100_m20_w20/combined_nl100_m20_w20.npz,0.8591016398237541,0.8680365197076227
nl100_m20_w20,d12_nl100_m20_w20_n600_p12_ds415_lmin1of100_lseed415_lN1000_lpnsseed1000,d12_nl100_m20_w20_n600_p12_ds415,lmin1of100_lseed415_lN1000_lpnsseed1000,1244,2244,200,100,-182.3475273286153,26.86371164624548,0.5397364478450282,0.5183021478466541,1.0413548353743571,results/bootstrap_runs/nl100_m20_w20/boot_method3_out/boot3_d12_nl100_m20_w20_n600_p12_ds415_lmin1of100_lseed415_lN1000_lpnsseed1000_nsseed1244_bootseed2244.npz,results/bootstrap_runs/nl100_m20_w20/ns_runs_out/ns_out_d12_nl100_m20_w20_n600_p12_ds415_lmin1of100_lseed415_lN1000_lpnsseed1000_nsseed1244.npz,0.583743127326304,results/nl100_m20_w20/combined_nl100_m20_w20.npz,0.9246129377439734,0.8878942185077422
nl100_m20_w20,d12_nl100_m20_w20_n600_p12_ds415_lmin1of100_lseed415_lN1000_lpnsseed1000,d12_nl100_m20_w20_n600_p12_ds415,lmin1of100_lseed415_lN1000_lpnsseed1000,1245,2245,200,100,-181.5747916647306,26.362665382695358,0.5242242280197807,0.5134458626057411,1.020992213978197,results/bootstrap_runs/nl100_m20_w20/boot_method3_out/boot3_d12_nl100_m20_w20_n600_p12_ds415_lmin1of100_lseed415_lN1000_lpnsseed1000_nsseed1245_bootseed2245.npz,results/bootstrap_runs/nl100_m20_w20/ns_runs_out/ns_out_d12_nl100_m20_w20_n600_p12_ds415_lmin1of100_lseed415_lN1000_lpnsseed1000_nsseed1245.npz,0.583743127326304,results/nl100_m20_w20/combined_nl100_m20_w20.npz,0.8980392290370333,0.8795750023772567
nl100_m20_w20,d12_nl100_m20_w20_n600_p12_ds415_lmin1of100_lseed415_lN1000_lpnsseed1000,d12_nl100_m20_w20_n600_p12_ds415,lmin1of100_lseed415_lN1000_lpnsseed1000,1246,2246,200,100,-181.90080900512575,26.35211783607872,0.4799661605120511,0.5133431390023512,0.9349811540187991,results/bootstrap_runs/nl100_m20_w20/boot_method3_out/boot3_d12_nl100_m20_w20_n600_p12_ds415_lmin1of100_lseed415_lN1000_lpnsseed1000_nsseed1246_bootseed2246.npz,results/bootstrap_runs/nl100_m20_w20/ns_runs_out/ns_out_d12_nl100_m20_w20_n600_p12_ds415_lmin1of100_lseed415_lN1000_lpnsseed1000_nsseed1246.npz,0.583743127326304,results/nl100_m20_w20/combined_nl100_m20_w20.npz,0.8222215184107118,0.8793990283938705
nl100_m20_w20,d12_nl100_m20_w20_n600_p12_ds415_lmin1of100_lseed415_lN1000_lpnsseed1000,d12_nl100_m20_w20_n600_p12_ds415,lmin1of100_lseed415_lN1000_lpnsseed1000,1247,2247,200,100,-181.28290200362363,25.864424958210876,0.4701142879434014,0.5085707911216577,0.9243831854884152,results/bootstrap_runs/nl100_m20_w20/boot_method3_out/boot3_d12_nl100_m20_w20_n600_p12_ds415_lmin1of100_lseed415_lN1000_lpnsseed1000_nsseed1247_bootseed2247.npz,results/bootstrap_runs/nl100_m20_w20/ns_runs_out/ns_out_d12_nl100_m20_w20_n600_p12_ds415_lmin1of100_lseed415_lN1000_lpnsseed1000_nsseed1247.npz,0.583743127326304,results/nl100_m20_w20/combined_nl100_m20_w20.npz,0.8053444502150247,0.8712236038667296
nl100_m20_w20,d12_nl100_m20_w20_n600_p12_ds415_lmin1of100_lseed415_lN1000_lpnsseed1000,d12_nl100_m20_w20_n600_p12_ds415,lmin1of100_lseed415_lN1000_lpnsseed1000,1248,2248,200,100,-181.8844700203747,26.259451262893755,0.5069544552530918,0.5124397648787002,0.9892956987307437,results/bootstrap_runs/nl100_m20_w20/boot_method3_out/boot3_d12_nl100_m20_w20_n600_p12_ds415_lmin1of100_lseed415_lN1000_lpnsseed1000_nsseed1248_bootseed2248.npz,results/bootstrap_runs/nl100_m20_w20/ns_runs_out/ns_out_d12_nl100_m20_w20_n600_p12_ds415_lmin1of100_lseed415_lN1000_lpnsseed1000_nsseed1248.npz,0.583743127326304,results/nl100_m20_w20/combined_nl100_m20_w20.npz,0.8684546875525124,0.8778514742020317
nl100_m20_w20,d12_nl100_m20_w20_n600_p12_ds415_lmin1of100_lseed415_lN1000_lpnsseed1000,d12_nl100_m20_w20_n600_p12_ds415,lmin1of100_lseed415_lN1000_lpnsseed1000,1249,2249,200,100,-181.71972447421027,26.57215386314046,0.4988518958004631,0.5154818509233905,0.9677390094469128,results/bootstrap_runs/nl100_m20_w20/boot_method3_out/boot3_d12_nl100_m20_w20_n600_p12_ds415_lmin1of100_lseed415_lN1000_lpnsseed1000_nsseed1249_bootseed2249.npz,results/bootstrap_runs/nl100_m20_w20/ns_runs_out/ns_out_d12_nl100_m20_w20_n600_p12_ds415_lmin1of100_lseed415_lN1000_lpnsseed1000_nsseed1249.npz,0.583743127326304,results/nl100_m20_w20/combined_nl100_m20_w20.npz,0.8545743366355937,0.8830628178603696
nl100_m20_w20,d12_nl100_m20_w20_n600_p12_ds415_lmin1of100_lseed415_lN1000_lpnsseed1000,d12_nl100_m20_w20_n600_p12_ds415,lmin1of100_lseed415_lN1000_lpnsseed1000,1250,2250,200,100,-180.6027032196068,25.616120030210475,0.5491961868697524,0.5061237005931503,1.08510268581796,results/bootstrap_runs/nl100_m20_w20/boot_method3_out/boot3_d12_nl100_m20_w20_n600_p12_ds415_lmin1of100_lseed415_lN1000_lpnsseed1000_nsseed1250_bootseed2250.npz,results/bootstrap_runs/nl100_m20_w20/ns_runs_out/ns_out_d12_nl100_m20_w20_n600_p12_ds415_lmin1of100_lseed415_lN1000_lpnsseed1000_nsseed1250.npz,0.583743127326304,results/nl100_m20_w20/combined_nl100_m20_w20.npz,0.9408182489192025,0.8670315364762049
nl100_m20_w20,d12_nl100_m20_w20_n600_p12_ds415_lmin1of100_lseed415_lN1000_lpnsseed1000,d12_nl100_m20_w20_n600_p12_ds415,lmin1of100_lseed415_lN1000_lpnsseed1000,1251,2251,200,100,-181.85127718228722,26.387089580403444,0.4914259021739649,0.5136836534327663,0.9566703142876735,results/bootstrap_runs/nl100_m20_w20/boot_method3_out/boot3_d12_nl100_m20_w20_n600_p12_ds415_lmin1of100_lseed415_lN1000_lpnsseed1000_nsseed1251_bootseed2251.npz,results/bootstrap_runs/nl100_m20_w20/ns_runs_out/ns_out_d12_nl100_m20_w20_n600_p12_ds415_lmin1of100_lseed415_lN1000_lpnsseed1000_nsseed1251.npz,0.583743127326304,results/nl100_m20_w20/combined_nl100_m20_w20.npz,0.8418529986379865,0.8799823576263274
nl100_m20_w20,d12_nl100_m20_w20_n600_p12_ds415_lmin1of100_lseed415_lN1000_lpnsseed1000,d12_nl100_m20_w20_n600_p12_ds415,lmin1of100_lseed415_lN1000_lpnsseed1000,1252,2252,200,100,-182.20827420440136,26.590899824360534,0.47614330260366167,0.5156636483635485,0.9233602254389967,results/bootstrap_runs/nl100_m20_w20/boot_method3_out/boot3_d12_nl100_m20_w20_n600_p12_ds415_lmin1of100_lseed415_lN1000_lpnsseed1000_nsseed1252_bootseed2252.npz,results/bootstrap_runs/nl100_m20_w20/ns_runs_out/ns_out_d12_nl100_m20_w20_n600_p12_ds415_lmin1of100_lseed415_lN1000_lpnsseed1000_nsseed1252.npz,0.583743127326304,results/nl100_m20_w20/combined_nl100_m20_w20.npz,0.8156726483179724,0.8833742518313196
nl100_m20_w20,d12_nl100_m20_w20_n600_p12_ds415_lmin1of100_lseed415_lN1000_lpnsseed1000,d12_nl100_m20_w20_n600_p12_ds415,lmin1of100_lseed415_lN1000_lpnsseed1000,1253,2253,200,100,-181.65442836807927,26.212812889183628,0.4954253581643851,0.511984500636334,0.967656945764241,results/bootstrap_runs/nl100_m20_w20/boot_method3_out/boot3_d12_nl100_m20_w20_n600_p12_ds415_lmin1of100_lseed415_lN1000_lpnsseed1000_nsseed1253_bootseed2253.npz,results/bootstrap_runs/nl100_m20_w20/ns_runs_out/ns_out_d12_nl100_m20_w20_n600_p12_ds415_lmin1of100_lseed415_lN1000_lpnsseed1000_nsseed1253.npz,0.583743127326304,results/nl100_m20_w20/combined_nl100_m20_w20.npz,0.8487043957734675,0.8770715691015616
nl100_m20_w20,d12_nl100_m20_w20_n600_p12_ds415_lmin1of100_lseed415_lN1000_lpnsseed1000,d12_nl100_m20_w20_n600_p12_ds415,lmin1of100_lseed415_lN1000_lpnsseed1000,1254,2254,200,100,-182.01952036431598,26.711075601572816,0.4808477623889282,0.5168275882881332,0.9303833101898071,results/bootstrap_runs/nl100_m20_w20/boot_method3_out/boot3_d12_nl100_m20_w20_n600_p12_ds415_lmin1of100_lseed415_lN1000_lpnsseed1000_nsseed1254_bootseed2254.npz,results/bootstrap_runs/nl100_m20_w20/ns_runs_out/ns_out_d12_nl100_m20_w20_n600_p12_ds415_lmin1of100_lseed415_lN1000_lpnsseed1000_nsseed1254.npz,0.583743127326304,results/nl100_m20_w20/combined_nl100_m20_w20.npz,0.823731774952686,0.8853681766761669
nl100_m20_w20,d12_nl100_m20_w20_n600_p12_ds415_lmin1of100_lseed415_lN1000_lpnsseed1000,d12_nl100_m20_w20_n600_p12_ds415,lmin1of100_lseed415_lN1000_lpnsseed1000,1255,2255,200,100,-182.7632060312165,27.289043731854484,0.5219352831362832,0.5223891627116175,0.999131146647495,results/bootstrap_runs/nl100_m20_w20/boot_method3_out/boot3_d12_nl100_m20_w20_n600_p12_ds415_lmin1of100_lseed415_lN1000_lpnsseed1000_nsseed1255_bootseed2255.npz,results/bootstrap_runs/nl100_m20_w20/ns_runs_out/ns_out_d12_nl100_m20_w20_n600_p12_ds415_lmin1of100_lseed415_lN1000_lpnsseed1000_nsseed1255.npz,0.583743127326304,results/nl100_m20_w20/combined_nl100_m20_w20.npz,0.8941180781466039,0.8948956111985359
nl100_m20_w20,d12_nl100_m20_w20_n600_p12_ds415_lmin1of100_lseed415_lN1000_lpnsseed1000,d12_nl100_m20_w20_n600_p12_ds415,lmin1of100_lseed415_lN1000_lpnsseed1000,1256,2256,200,100,-181.09473371426606,25.892447447702168,0.49404028338270883,0.5088462188884002,0.9709029271396854,results/bootstrap_runs/nl100_m20_w20/boot_method3_out/boot3_d12_nl100_m20_w20_n600_p12_ds415_lmin1of100_lseed415_lN1000_lpnsseed1000_nsseed1256_bootseed2256.npz,results/bootstrap_runs/nl100_m20_w20/ns_runs_out/ns_out_d12_nl100_m20_w20_n600_p12_ds415_lmin1of100_lseed415_lN1000_lpnsseed1000_nsseed1256.npz,0.583743127326304,results/nl100_m20_w20/combined_nl100_m20_w20.npz,0.8463316487262855,0.87169543428982
nl100_m20_w20,d12_nl100_m20_w20_n600_p12_ds415_lmin1of100_lseed415_lN1000_lpnsseed1000,d12_nl100_m20_w20_n600_p12_ds415,lmin1of100_lseed415_lN1000_lpnsseed1000,1257,2257,200,100,-181.81167102126702,26.045031322597993,0.5447972438852554,0.5103433287758153,1.0675112481475681,results/bootstrap_runs/nl100_m20_w20/boot_method3_out/boot3_d12_nl100_m20_w20_n600_p12_ds415_lmin1of100_lseed415_lN1000_lpnsseed1000_nsseed1257_bootseed2257.npz,results/bootstrap_runs/nl100_m20_w20/ns_runs_out/ns_out_d12_nl100_m20_w20_n600_p12_ds415_lmin1of100_lseed415_lN1000_lpnsseed1000_nsseed1257.npz,0.583743127326304,results/nl100_m20_w20/combined_nl100_m20_w20.npz,0.9332824976982069,0.8742601066899428
nl100_m20_w20,d12_nl100_m20_w20_n600_p12_ds415_lmin1of100_lseed415_lN1000_lpnsseed1000,d12_nl100_m20_w20_n600_p12_ds415,lmin1of100_lseed415_lN1000_lpnsseed1000,1258,2258,200,100,-183.15741182019016,27.292889063654957,0.4876778668268525,0.5224259666560895,0.9334870353944111,results/bootstrap_runs/nl100_m20_w20/boot_method3_out/boot3_d12_nl100_m20_w20_n600_p12_ds415_lmin1of100_lseed415_lN1000_lpnsseed1000_nsseed1258_bootseed2258.npz,results/bootstrap_runs/nl100_m20_w20/ns_runs_out/ns_out_d12_nl100_m20_w20_n600_p12_ds415_lmin1of100_lseed415_lN1000_lpnsseed1000_nsseed1258.npz,0.583743127326304,results/nl100_m20_w20/combined_nl100_m20_w20.npz,0.8354323057481542,0.8949586593831724
nl100_m20_w20,d12_nl100_m20_w20_n600_p12_ds415_lmin1of100_lseed415_lN1000_lpnsseed1000,d12_nl100_m20_w20_n600_p12_ds415,lmin1of100_lseed415_lN1000_lpnsseed1000,1259,2259,200,100,-181.78301354652515,26.45262626493108,0.4991515090392844,0.5143211668299398,0.9705054764046466,results/bootstrap_runs/nl100_m20_w20/boot_method3_out/boot3_d12_nl100_m20_w20_n600_p12_ds415_lmin1of100_lseed415_lN1000_lpnsseed1000_nsseed1259_bootseed2259.npz,results/bootstrap_runs/nl100_m20_w20/ns_runs_out/ns_out_d12_nl100_m20_w20_n600_p12_ds415_lmin1of100_lseed415_lN1000_lpnsseed1000_nsseed1259.npz,0.583743127326304,results/nl100_m20_w20/combined_nl100_m20_w20.npz,0.8550875987620252,0.881074470522103
nl100_m20_w20,d12_nl100_m20_w20_n600_p12_ds415_lmin1of100_lseed415_lN1000_lpnsseed1000,d12_nl100_m20_w20_n600_p12_ds415,lmin1of100_lseed415_lN1000_lpnsseed1000,1260,2260,200,100,-181.79138972134967,26.217941462738445,0.5220327455984011,0.5120345834290732,1.0195263415653892,results/bootstrap_runs/nl100_m20_w20/boot_method3_out/boot3_d12_nl100_m20_w20_n600_p12_ds415_lmin1of100_lseed415_lN1000_lpnsseed1000_nsseed1260_bootseed2260.npz,results/bootstrap_runs/nl100_m20_w20/ns_runs_out/ns_out_d12_nl100_m20_w20_n600_p12_ds415_lmin1of100_lseed415_lN1000_lpnsseed1000_nsseed1260.npz,0.583743127326304,results/nl100_m20_w20/combined_nl100_m20_w20.npz,0.894285039362172,0.8771573650456929
nl100_m20_w20,d12_nl100_m20_w20_n600_p12_ds415_lmin1of100_lseed415_lN1000_lpnsseed1000,d12_nl100_m20_w20_n600_p12_ds415,lmin1of100_lseed415_lN1000_lpnsseed1000,1261,2261,200,100,-182.042696983188,26.33297394288579,0.5236853941937983,0.5131566421950103,1.0205176180780815,results/bootstrap_runs/nl100_m20_w20/boot_method3_out/boot3_d12_nl100_m20_w20_n600_p12_ds415_lmin1of100_lseed415_lN1000_lpnsseed1000_nsseed1261_bootseed2261.npz,results/bootstrap_runs/nl100_m20_w20/ns_runs_out/ns_out_d12_nl100_m20_w20_n600_p12_ds415_lmin1of100_lseed415_lN1000_lpnsseed1000_nsseed1261.npz,0.583743127326304,results/nl100_m20_w20/combined_nl100_m20_w20.npz,0.8971161623647961,0.8790795440203327
nl100_m20_w20,d12_nl100_m20_w20_n600_p12_ds415_lmin1of100_lseed415_lN1000_lpnsseed1000,d12_nl100_m20_w20_n600_p12_ds415,lmin1of100_lseed415_lN1000_lpnsseed1000,1262,2262,200,100,-181.39596668640954,26.124338302184064,0.5425891489698725,0.5111197345259139,1.0615695546820314,results/bootstrap_runs/nl100_m20_w20/boot_method3_out/boot3_d12_nl100_m20_w20_n600_p12_ds415_lmin1of100_lseed415_lN1000_lpnsseed1000_nsseed1262_bootseed2262.npz,results/bootstrap_runs/nl100_m20_w20/ns_runs_out/ns_out_d12_nl100_m20_w20_n600_p12_ds415_lmin1of100_lseed415_lN1000_lpnsseed1000_nsseed1262.npz,0.583743127326304,results/nl100_m20_w20/combined_nl100_m20_w20.npz,0.9294998494544554,0.8755901536125587
nl100_m20_w20,d12_nl100_m20_w20_n600_p12_ds415_lmin1of100_lseed415_lN1000_lpnsseed1000,d12_nl100_m20_w20_n600_p12_ds415,lmin1of100_lseed415_lN1000_lpnsseed1000,1263,2263,200,100,-181.87474560138173,26.75784064434562,0.5046557020117634,0.5172798144558284,0.9755951960790401,results/bootstrap_runs/nl100_m20_w20/boot_method3_out/boot3_d12_nl100_m20_w20_n600_p12_ds415_lmin1of100_lseed415_lN1000_lpnsseed1000_nsseed1263_bootseed2263.npz,results/bootstrap_runs/nl100_m20_w20/ns_runs_out/ns_out_d12_nl100_m20_w20_n600_p12_ds415_lmin1of100_lseed415_lN1000_lpnsseed1000_nsseed1263.npz,0.583743127326304,results/nl100_m20_w20/combined_nl100_m20_w20.npz,0.8645167341382131,0.8861428773047917
nl100_m20_w20,d12_nl100_m20_w20_n600_p12_ds415_lmin1of100_lseed415_lN1000_lpnsseed1000,d12_nl100_m20_w20_n600_p12_ds415,lmin1of100_lseed415_lN1000_lpnsseed1000,1264,2264,200,100,-182.1120367734904,26.394470233885666,0.488566878963944,0.513755488864943,0.9509715994341023,results/bootstrap_runs/nl100_m20_w20/boot_method3_out/boot3_d12_nl100_m20_w20_n600_p12_ds415_lmin1of100_lseed415_lN1000_lpnsseed1000_nsseed1264_bootseed2264.npz,results/bootstrap_runs/nl100_m20_w20/ns_runs_out/ns_out_d12_nl100_m20_w20_n600_p12_ds415_lmin1of100_lseed415_lN1000_lpnsseed1000_nsseed1264.npz,0.583743127326304,results/nl100_m20_w20/combined_nl100_m20_w20.npz,0.836955256675497,0.8801054176313431
nl100_m20_w20,d12_nl100_m20_w20_n600_p12_ds415_lmin1of100_lseed415_lN1000_lpnsseed1000,d12_nl100_m20_w20_n600_p12_ds415,lmin1of100_lseed415_lN1000_lpnsseed1000,1265,2265,200,100,-182.656314843893,27.067398954431365,0.5298575783901243,0.5202633847815101,1.0184410317720962,results/bootstrap_runs/nl100_m20_w20/boot_method3_out/boot3_d12_nl100_m20_w20_n600_p12_ds415_lmin1of100_lseed415_lN1000_lpnsseed1000_nsseed1265_bootseed2265.npz,results/bootstrap_runs/nl100_m20_w20/ns_runs_out/ns_out_d12_nl100_m20_w20_n600_p12_ds415_lmin1of100_lseed415_lN1000_lpnsseed1000_nsseed1265.npz,0.583743127326304,results/nl100_m20_w20/combined_nl100_m20_w20.npz,0.9076896216611755,0.891253978722546
nl100_m20_w20,d12_nl100_m20_w20_n600_p12_ds415_lmin1of100_lseed415_lN1000_lpnsseed1000,d12_nl100_m20_w20_n600_p12_ds415,lmin1of100_lseed415_lN1000_lpnsseed1000,1266,2266,200,100,-182.32841660854797,26.2557858901539,0.5110645886237212,0.5124039996931513,0.9973860253428306,results/bootstrap_runs/nl100_m20_w20/boot_method3_out/boot3_d12_nl100_m20_w20_n600_p12_ds415_lmin1of100_lseed415_lN1000_lpnsseed1000_nsseed1266_bootseed2266.npz,results/bootstrap_runs/nl100_m20_w20/ns_runs_out/ns_out_d12_nl100_m20_w20_n600_p12_ds415_lmin1of100_lseed415_lN1000_lpnsseed1000_nsseed1266.npz,0.583743127326304,results/nl100_m20_w20/combined_nl100_m20_w20.npz,0.8754956841454057,0.8777902054968861
nl100_m20_w20,d12_nl100_m20_w20_n600_p12_ds415_lmin1of100_lseed415_lN1000_lpnsseed1000,d12_nl100_m20_w20_n600_p12_ds415,lmin1of100_lseed415_lN1000_lpnsseed1000,1267,2267,200,100,-182.01150672936512,26.515324020262934,0.5030671995952184,0.5149303255806841,0.976961687055258,results/bootstrap_runs/nl100_m20_w20/boot_method3_out/boot3_d12_nl100_m20_w20_n600_p12_ds415_lmin1of100_lseed415_lN1000_lpnsseed1000_nsseed1267_bootseed2267.npz,results/bootstrap_runs/nl100_m20_w20/ns_runs_out/ns_out_d12_nl100_m20_w20_n600_p12_ds415_lmin1of100_lseed415_lN1000_lpnsseed1000_nsseed1267.npz,0.583743127326304,results/nl100_m20_w20/combined_nl100_m20_w20.npz,0.861795498817087,0.8821180095758892
nl100_m20_w20,d12_nl100_m20_w20_n600_p12_ds415_lmin1of100_lseed415_lN1000_lpnsseed1000,d12_nl100_m20_w20_n600_p12_ds415,lmin1of100_lseed415_lN1000_lpnsseed1000,1268,2268,200,100,-181.64637602006923,25.892349693816204,0.5686317118621473,0.5088452583430075,1.1174943709091976,results/bootstrap_runs/nl100_m20_w20/boot_method3_out/boot3_d12_nl100_m20_w20_n600_p12_ds415_lmin1of100_lseed415_lN1000_lpnsseed1000_nsseed1268_bootseed2268.npz,results/bootstrap_runs/nl100_m20_w20/ns_runs_out/ns_out_d12_nl100_m20_w20_n600_p12_ds415_lmin1of100_lseed415_lN1000_lpnsseed1000_nsseed1268.npz,0.583743127326304,results/nl100_m20_w20/combined_nl100_m20_w20.npz,0.9741129021366455,0.871693788796541
nl100_m20_w20,d12_nl100_m20_w20_n600_p12_ds415_lmin1of100_lseed415_lN1000_lpnsseed1000,d12_nl100_m20_w20_n600_p12_ds415,lmin1of100_lseed415_lN1000_lpnsseed1000,1269,2269,200,100,-181.96102850237025,26.59356385759776,0.5154025419736019,0.51568947883002,0.999443585979165,results/bootstrap_runs/nl100_m20_w20/boot_method3_out/boot3_d12_nl100_m20_w20_n600_p12_ds415_lmin1of100_lseed415_lN1000_lpnsseed1000_nsseed1269_bootseed2269.npz,results/bootstrap_runs/nl100_m20_w20/ns_runs_out/ns_out_d12_nl100_m20_w20_n600_p12_ds415_lmin1of100_lseed415_lN1000_lpnsseed1000_nsseed1269.npz,0.583743127326304,results/nl100_m20_w20/combined_nl100_m20_w20.npz,0.8829269551048596,0.8834185015453845
nl100_m20_w20,d12_nl100_m20_w20_n600_p12_ds415_lmin1of100_lseed415_lN1000_lpnsseed1000,d12_nl100_m20_w20_n600_p12_ds415,lmin1of100_lseed415_lN1000_lpnsseed1000,1270,2270,200,100,-181.88094275048894,26.586304452412374,0.5184826284309582,0.5156190885955676,1.0055535954713977,results/bootstrap_runs/nl100_m20_w20/boot_method3_out/boot3_d12_nl100_m20_w20_n600_p12_ds415_lmin1of100_lseed415_lN1000_lpnsseed1000_nsseed1270_bootseed2270.npz,results/bootstrap_runs/nl100_m20_w20/ns_runs_out/ns_out_d12_nl100_m20_w20_n600_p12_ds415_lmin1of100_lseed415_lN1000_lpnsseed1000_nsseed1270.npz,0.583743127326304,results/nl100_m20_w20/combined_nl100_m20_w20.npz,0.8882033965962804,0.8832979172829627
nl100_m20_w20,d12_nl100_m20_w20_n600_p12_ds415_lmin1of100_lseed415_lN1000_lpnsseed1000,d12_nl100_m20_w20_n600_p12_ds415,lmin1of100_lseed415_lN1000_lpnsseed1000,1271,2271,200,100,-181.73934661617875,26.32373396165442,0.5280090149459326,0.513066603489785,1.0291237265386444,results/bootstrap_runs/nl100_m20_w20/boot_method3_out/boot3_d12_nl100_m20_w20_n600_p12_ds415_lmin1of100_lseed415_lN1000_lpnsseed1000_nsseed1271_bootseed2271.npz,results/bootstrap_runs/nl100_m20_w20/ns_runs_out/ns_out_d12_nl100_m20_w20_n600_p12_ds415_lmin1of100_lseed415_lN1000_lpnsseed1000_nsseed1271.npz,0.583743127326304,results/nl100_m20_w20/combined_nl100_m20_w20.npz,0.904522880405208,0.878925300311053
nl100_m20_w20,d12_nl100_m20_w20_n600_p12_ds415_lmin1of100_lseed415_lN1000_lpnsseed1000,d12_nl100_m20_w20_n600_p12_ds415,lmin1of100_lseed415_lN1000_lpnsseed1000,1272,2272,200,100,-182.00746555306765,26.61083425071148,0.4908041149937425,0.5158569011917111,0.9514346204536709,results/bootstrap_runs/nl100_m20_w20/boot_method3_out/boot3_d12_nl100_m20_w20_n600_p12_ds415_lmin1of100_lseed415_lN1000_lpnsseed1000_nsseed1272_bootseed2272.npz,results/bootstrap_runs/nl100_m20_w20/ns_runs_out/ns_out_d12_nl100_m20_w20_n600_p12_ds415_lmin1of100_lseed415_lN1000_lpnsseed1000_nsseed1272.npz,0.583743127326304,results/nl100_m20_w20/combined_nl100_m20_w20.npz,0.8407878260455992,0.8837053098243238
nl100_m20_w20,d12_nl100_m20_w20_n600_p12_ds415_lmin1of100_lseed415_lN1000_lpnsseed1000,d12_nl100_m20_w20_n600_p12_ds415,lmin1of100_lseed415_lN1000_lpnsseed1000,1273,2273,200,100,-181.2606199138557,26.108969943766812,0.5078372623841626,0.5109693723088187,0.9938702589736375,results/bootstrap_runs/nl100_m20_w20/boot_method3_out/boot3_d12_nl100_m20_w20_n600_p12_ds415_lmin1of100_lseed415_lN1000_lpnsseed1000_nsseed1273_bootseed2273.npz,results/bootstrap_runs/nl100_m20_w20/ns_runs_out/ns_out_d12_nl100_m20_w20_n600_p12_ds415_lmin1of100_lseed415_lN1000_lpnsseed1000_nsseed1273.npz,0.583743127326304,results/nl100_m20_w20/combined_nl100_m20_w20.npz,0.8699670087940734,0.8753325707648018
nl100_m20_w20,d12_nl100_m20_w20_n600_p12_ds415_lmin1of100_lseed415_lN1000_lpnsseed1000,d12_nl100_m20_w20_n600_p12_ds415,lmin1of100_lseed415_lN1000_lpnsseed1000,1274,2274,200,100,-181.74559782362732,26.469999220742896,0.5411647290957359,0.5144900312031604,1.051846870249741,results/bootstrap_runs/nl100_m20_w20/boot_method3_out/boot3_d12_nl100_m20_w20_n600_p12_ds415_lmin1of100_lseed415_lN1000_lpnsseed1000_nsseed1274_bootseed2274.npz,results/bootstrap_runs/nl100_m20_w20/ns_runs_out/ns_out_d12_nl100_m20_w20_n600_p12_ds415_lmin1of100_lseed415_lN1000_lpnsseed1000_nsseed1274.npz,0.583743127326304,results/nl100_m20_w20/combined_nl100_m20_w20.npz,0.9270597010270797,0.8813637490854225
nl100_m20_w20,d12_nl100_m20_w20_n600_p12_ds415_lmin1of100_lseed415_lN1000_lpnsseed1000,d12_nl100_m20_w20_n600_p12_ds415,lmin1of100_lseed415_lN1000_lpnsseed1000,1275,2275,200,100,-181.73135310923996,26.20089506301727,0.5023982363849772,0.5118680988596307,0.9814994087426995,results/bootstrap_runs/nl100_m20_w20/boot_method3_out/boot3_d12_nl100_m20_w20_n600_p12_ds415_lmin1of100_lseed415_lN1000_lpnsseed1000_nsseed1275_bootseed2275.npz,results/bootstrap_runs/nl100_m20_w20/ns_runs_out/ns_out_d12_nl100_m20_w20_n600_p12_ds415_lmin1of100_lseed415_lN1000_lpnsseed1000_nsseed1275.npz,0.583743127326304,results/nl100_m20_w20/combined_nl100_m20_w20.npz,0.8606495098042393,0.876872163282025
nl100_m20_w20,d12_nl100_m20_w20_n600_p12_ds415_lmin1of100_lseed415_lN1000_lpnsseed1000,d12_nl100_m20_w20_n600_p12_ds415,lmin1of100_lseed415_lN1000_lpnsseed1000,1276,2276,200,100,-181.49122854391476,26.750433254915166,0.48737445224642156,0.5172082100558263,0.9423177025627947,results/bootstrap_runs/nl100_m20_w20/boot_method3_out/boot3_d12_nl100_m20_w20_n600_p12_ds415_lmin1of100_lseed415_lN1000_lpnsseed1000_nsseed1276_bootseed2276.npz,results/bootstrap_runs/nl100_m20_w20/ns_runs_out/ns_out_d12_nl100_m20_w20_n600_p12_ds415_lmin1of100_lseed415_lN1000_lpnsseed1000_nsseed1276.npz,0.583743127326304,results/nl100_m20_w20/combined_nl100_m20_w20.npz,0.8349125316108198,0.8860202130768974
nl100_m20_w20,d12_nl100_m20_w20_n600_p12_ds415_lmin1of100_lseed415_lN1000_lpnsseed1000,d12_nl100_m20_w20_n600_p12_ds415,lmin1of100_lseed415_lN1000_lpnsseed1000,1277,2277,200,100,-181.06067412374713,25.828991415349243,0.5311871251118017,0.5082223078078062,1.0451865590140133,results/bootstrap_runs/nl100_m20_w20/boot_method3_out/boot3_d12_nl100_m20_w20_n600_p12_ds415_lmin1of100_lseed415_lN1000_lpnsseed1000_nsseed1277_bootseed2277.npz,results/bootstrap_runs/nl100_m20_w20/ns_runs_out/ns_out_d12_nl100_m20_w20_n600_p12_ds415_lmin1of100_lseed415_lN1000_lpnsseed1000_nsseed1277.npz,0.583743127326304,results/nl100_m20_w20/combined_nl100_m20_w20.npz,0.9099672445734436,0.8706266232813689
nl100_m20_w20,d12_nl100_m20_w20_n600_p12_ds415_lmin1of100_lseed415_lN1000_lpnsseed1000,d12_nl100_m20_w20_n600_p12_ds415,lmin1of100_lseed415_lN1000_lpnsseed1000,1278,2278,200,100,-181.77716155271892,26.089787262062615,0.5343229490536844,0.5107816290946906,1.0460888149026002,results/bootstrap_runs/nl100_m20_w20/boot_method3_out/boot3_d12_nl100_m20_w20_n600_p12_ds415_lmin1of100_lseed415_lN1000_lpnsseed1000_nsseed1278_bootseed2278.npz,results/bootstrap_runs/nl100_m20_w20/ns_runs_out/ns_out_d12_nl100_m20_w20_n600_p12_ds415_lmin1of100_lseed415_lN1000_lpnsseed1000_nsseed1278.npz,0.583743127326304,results/nl100_m20_w20/combined_nl100_m20_w20.npz,0.9153391689612229,0.8750109511938992
nl100_m20_w20,d12_nl100_m20_w20_n600_p12_ds415_lmin1of100_lseed415_lN1000_lpnsseed1000,d12_nl100_m20_w20_n600_p12_ds415,lmin1of100_lseed415_lN1000_lpnsseed1000,1279,2279,200,100,-181.2687544153115,25.747615291947174,0.5404287391335717,0.5074210804839229,1.0650498371454526,results/bootstrap_runs/nl100_m20_w20/boot_method3_out/boot3_d12_nl100_m20_w20_n600_p12_ds415_lmin1of100_lseed415_lN1000_lpnsseed1000_nsseed1279_bootseed2279.npz,results/bootstrap_runs/nl100_m20_w20/ns_runs_out/ns_out_d12_nl100_m20_w20_n600_p12_ds415_lmin1of100_lseed415_lN1000_lpnsseed1000_nsseed1279.npz,0.583743127326304,results/nl100_m20_w20/combined_nl100_m20_w20.npz,0.9257988896740875,0.8692540549608593
nl100_m20_w20,d12_nl100_m20_w20_n600_p12_ds415_lmin1of100_lseed415_lN1000_lpnsseed1000,d12_nl100_m20_w20_n600_p12_ds415,lmin1of100_lseed415_lN1000_lpnsseed1000,1280,2280,200,100,-182.50490774363453,27.050844686135562,0.529243338087819,0.5201042653750838,1.017571616541434,results/bootstrap_runs/nl100_m20_w20/boot_method3_out/boot3_d12_nl100_m20_w20_n600_p12_ds415_lmin1of100_lseed415_lN1000_lpnsseed1000_nsseed1280_bootseed2280.npz,results/bootstrap_runs/nl100_m20_w20/ns_runs_out/ns_out_d12_nl100_m20_w20_n600_p12_ds415_lmin1of100_lseed415_lN1000_lpnsseed1000_nsseed1280.npz,0.583743127326304,results/nl100_m20_w20/combined_nl100_m20_w20.npz,0.9066373774915205,0.8909813940890358
nl100_m20_w20,d12_nl100_m20_w20_n600_p12_ds415_lmin1of100_lseed415_lN1000_lpnsseed1000,d12_nl100_m20_w20_n600_p12_ds415,lmin1of100_lseed415_lN1000_lpnsseed1000,1281,2281,200,100,-181.44712948930476,26.326815225784838,0.4972521745229136,0.5130966305266956,0.9691199375300562,results/bootstrap_runs/nl100_m20_w20/boot_method3_out/boot3_d12_nl100_m20_w20_n600_p12_ds415_lmin1of100_lseed415_lN1000_lpnsseed1000_nsseed1281_bootseed2281.npz,results/bootstrap_runs/nl100_m20_w20/ns_runs_out/ns_out_d12_nl100_m20_w20_n600_p12_ds415_lmin1of100_lseed415_lN1000_lpnsseed1000_nsseed1281.npz,0.583743127326304,results/nl100_m20_w20/combined_nl100_m20_w20.npz,0.8518338824826229,0.8789767390955201
nl100_m20_w20,d12_nl100_m20_w20_n600_p12_ds415_lmin1of100_lseed415_lN1000_lpnsseed1000,d12_nl100_m20_w20_n600_p12_ds415,lmin1of100_lseed415_lN1000_lpnsseed1000,1282,2282,200,100,-181.47608765425247,26.234508246300166,0.5132955421675213,0.5121963319499678,1.0021460720215793,results/bootstrap_runs/nl100_m20_w20/boot_method3_out/boot3_d12_nl100_m20_w20_n600_p12_ds415_lmin1of100_lseed415_lN1000_lpnsseed1000_nsseed1282_bootseed2282.npz,results/bootstrap_runs/nl100_m20_w20/ns_runs_out/ns_out_d12_nl100_m20_w20_n600_p12_ds415_lmin1of100_lseed415_lN1000_lpnsseed1000_nsseed1282.npz,0.583743127326304,results/nl100_m20_w20/combined_nl100_m20_w20.npz,0.8793174911001505,0.8774344535685771
nl100_m20_w20,d12_nl100_m20_w20_n600_p12_ds415_lmin1of100_lseed415_lN1000_lpnsseed1000,d12_nl100_m20_w20_n600_p12_ds415,lmin1of100_lseed415_lN1000_lpnsseed1000,1283,2283,200,100,-181.81450777433295,26.71538724156137,0.545624481638479,0.5168692991614163,1.0556333729314469,results/bootstrap_runs/nl100_m20_w20/boot_method3_out/boot3_d12_nl100_m20_w20_n600_p12_ds415_lmin1of100_lseed415_lN1000_lpnsseed1000_nsseed1283_bootseed2283.npz,results/bootstrap_runs/nl100_m20_w20/ns_runs_out/ns_out_d12_nl100_m20_w20_n600_p12_ds415_lmin1of100_lseed415_lN1000_lpnsseed1000_nsseed1283.npz,0.583743127326304,results/nl100_m20_w20/combined_nl100_m20_w20.npz,0.9346996240239807,0.8854396308335359
nl100_m20_w20,d12_nl100_m20_w20_n600_p12_ds415_lmin1of100_lseed415_lN1000_lpnsseed1000,d12_nl100_m20_w20_n600_p12_ds415,lmin1of100_lseed415_lN1000_lpnsseed1000,1284,2284,200,100,-182.0784417524626,26.719418099418633,0.5371963935443502,0.5169082906997975,1.0392489406913679,results/bootstrap_runs/nl100_m20_w20/boot_method3_out/boot3_d12_nl100_m20_w20_n600_p12_ds415_lmin1of100_lseed415_lN1000_lpnsseed1000_nsseed1284_bootseed2284.npz,results/bootstrap_runs/nl100_m20_w20/ns_runs_out/ns_out_d12_nl100_m20_w20_n600_p12_ds415_lmin1of100_lseed415_lN1000_lpnsseed1000_nsseed1284.npz,0.583743127326304,results/nl100_m20_w20/combined_nl100_m20_w20.npz,0.920261615763855,0.885506426546506
nl100_m20_w20,d12_nl100_m20_w20_n600_p12_ds415_lmin1of100_lseed415_lN1000_lpnsseed1000,d12_nl100_m20_w20_n600_p12_ds415,lmin1of100_lseed415_lN1000_lpnsseed1000,1285,2285,200,100,-181.644928691973,26.19397968769051,0.5308310477377433,0.5118005440373282,1.037183437810154,results/bootstrap_runs/nl100_m20_w20/boot_method3_out/boot3_d12_nl100_m20_w20_n600_p12_ds415_lmin1of100_lseed415_lN1000_lpnsseed1000_nsseed1285_bootseed2285.npz,results/bootstrap_runs/nl100_m20_w20/ns_runs_out/ns_out_d12_nl100_m20_w20_n600_p12_ds415_lmin1of100_lseed415_lN1000_lpnsseed1000_nsseed1285.npz,0.583743127326304,results/nl100_m20_w20/combined_nl100_m20_w20.npz,0.9093572547382067,0.8767564363138773
nl100_m20_w20,d12_nl100_m20_w20_n600_p12_ds415_lmin1of100_lseed415_lN1000_lpnsseed1000,d12_nl100_m20_w20_n600_p12_ds415,lmin1of100_lseed415_lN1000_lpnsseed1000,1286,2286,200,100,-182.05035074752712,26.652849236468924,0.5435376605817476,0.5162639754667075,1.052828952650404,results/bootstrap_runs/nl100_m20_w20/boot_method3_out/boot3_d12_nl100_m20_w20_n600_p12_ds415_lmin1of100_lseed415_lN1000_lpnsseed1000_nsseed1286_bootseed2286.npz,results/bootstrap_runs/nl100_m20_w20/ns_runs_out/ns_out_d12_nl100_m20_w20_n600_p12_ds415_lmin1of100_lseed415_lN1000_lpnsseed1000_nsseed1286.npz,0.583743127326304,results/nl100_m20_w20/combined_nl100_m20_w20.npz,0.9311247278769552,0.8844026615462377
nl100_m20_w20,d12_nl100_m20_w20_n600_p12_ds415_lmin1of100_lseed415_lN1000_lpnsseed1000,d12_nl100_m20_w20_n600_p12_ds415,lmin1of100_lseed415_lN1000_lpnsseed1000,1287,2287,200,100,-181.47786622772065,25.991887040037383,0.49039533092407345,0.5098223910347346,0.9618944549076551,results/bootstrap_runs/nl100_m20_w20/boot_method3_out/boot3_d12_nl100_m20_w20_n600_p12_ds415_lmin1of100_lseed415_lN1000_lpnsseed1000_nsseed1287_bootseed2287.npz,results/bootstrap_runs/nl100_m20_w20/ns_runs_out/ns_out_d12_nl100_m20_w20_n600_p12_ds415_lmin1of100_lseed415_lN1000_lpnsseed1000_nsseed1287.npz,0.583743127326304,results/nl100_m20_w20/combined_nl100_m20_w20.npz,0.840087545304751,0.8733676974834023
nl100_m20_w20,d12_nl100_m20_w20_n600_p12_ds415_lmin1of100_lseed415_lN1000_lpnsseed1000,d12_nl100_m20_w20_n600_p12_ds415,lmin1of100_lseed415_lN1000_lpnsseed1000,1288,2288,200,100,-181.9129629591424,26.48280698791703,0.47005288076944646,0.5146144866588681,0.9134077896276538,results/bootstrap_runs/nl100_m20_w20/boot_method3_out/boot3_d12_nl100_m20_w20_n600_p12_ds415_lmin1of100_lseed415_lN1000_lpnsseed1000_nsseed1288_bootseed2288.npz,results/bootstrap_runs/nl100_m20_w20/ns_runs_out/ns_out_d12_nl100_m20_w20_n600_p12_ds415_lmin1of100_lseed415_lN1000_lpnsseed1000_nsseed1288.npz,0.583743127326304,results/nl100_m20_w20/combined_nl100_m20_w20.npz,0.805239254674246,0.8815769515196469
nl100_m20_w20,d12_nl100_m20_w20_n600_p12_ds415_lmin1of100_lseed415_lN1000_lpnsseed1000,d12_nl100_m20_w20_n600_p12_ds415,lmin1of100_lseed415_lN1000_lpnsseed1000,1289,2289,200,100,-181.67183140240016,26.193640384028974,0.5159055083951058,0.5117972292229509,1.0080271618085788,results/bootstrap_runs/nl100_m20_w20/boot_method3_out/boot3_d12_nl100_m20_w20_n600_p12_ds415_lmin1of100_lseed415_lN1000_lpnsseed1000_nsseed1289_bootseed2289.npz,results/bootstrap_runs/nl100_m20_w20/ns_runs_out/ns_out_d12_nl100_m20_w20_n600_p12_ds415_lmin1of100_lseed415_lN1000_lpnsseed1000_nsseed1289.npz,0.583743127326304,results/nl100_m20_w20/combined_nl100_m20_w20.npz,0.8837885779625156,0.8767507577641487
nl100_m20_w20,d12_nl100_m20_w20_n600_p12_ds415_lmin1of100_lseed415_lN1000_lpnsseed1000,d12_nl100_m20_w20_n600_p12_ds415,lmin1of100_lseed415_lN1000_lpnsseed1000,1290,2290,200,100,-182.0565546799381,26.66991022407476,0.5216792067126637,0.5164291841489476,1.010166006734046,results/bootstrap_runs/nl100_m20_w20/boot_method3_out/boot3_d12_nl100_m20_w20_n600_p12_ds415_lmin1of100_lseed415_lN1000_lpnsseed1000_nsseed1290_bootseed2290.npz,results/bootstrap_runs/nl100_m20_w20/ns_runs_out/ns_out_d12_nl100_m20_w20_n600_p12_ds415_lmin1of100_lseed415_lN1000_lpnsseed1000_nsseed1290.npz,0.583743127326304,results/nl100_m20_w20/combined_nl100_m20_w20.npz,0.8936793981662632,0.8846856776101641
nl100_m20_w20,d12_nl100_m20_w20_n600_p12_ds415_lmin1of100_lseed415_lN1000_lpnsseed1000,d12_nl100_m20_w20_n600_p12_ds415,lmin1of100_lseed415_lN1000_lpnsseed1000,1291,2291,200,100,-181.84100411066504,26.332077012676045,0.5361648538462936,0.5131479027792674,1.0448544190522144,results/bootstrap_runs/nl100_m20_w20/boot_method3_out/boot3_d12_nl100_m20_w20_n600_p12_ds415_lmin1of100_lseed415_lN1000_lpnsseed1000_nsseed1291_bootseed2291.npz,results/bootstrap_runs/nl100_m20_w20/ns_runs_out/ns_out_d12_nl100_m20_w20_n600_p12_ds415_lmin1of100_lseed415_lN1000_lpnsseed1000_nsseed1291.npz,0.583743127326304,results/nl100_m20_w20/combined_nl100_m20_w20.npz,0.9184945033992413,0.8790645726821982
nl100_m20_w20,d12_nl100_m20_w20_n600_p12_ds415_lmin1of100_lseed415_lN1000_lpnsseed1000,d12_nl100_m20_w20_n600_p12_ds415,lmin1of100_lseed415_lN1000_lpnsseed1000,1292,2292,200,100,-182.78755890718116,26.749646549221698,0.5530240977622491,0.5172006046904981,1.0692642134345307,results/bootstrap_runs/nl100_m20_w20/boot_method3_out/boot3_d12_nl100_m20_w20_n600_p12_ds415_lmin1of100_lseed415_lN1000_lpnsseed1000_nsseed1292_bootseed2292.npz,results/bootstrap_runs/nl100_m20_w20/ns_runs_out/ns_out_d12_nl100_m20_w20_n600_p12_ds415_lmin1of100_lseed415_lN1000_lpnsseed1000_nsseed1292.npz,0.583743127326304,results/nl100_m20_w20/combined_nl100_m20_w20.npz,0.9473757751894125,0.8860071844604185
nl100_m20_w20,d12_nl100_m20_w20_n600_p12_ds415_lmin1of100_lseed415_lN1000_lpnsseed1000,d12_nl100_m20_w20_n600_p12_ds415,lmin1of100_lseed415_lN1000_lpnsseed1000,1293,2293,200,100,-182.29487841522558,26.639992710231425,0.5156172828566493,0.5161394454043541,0.9989883304747311,results/bootstrap_runs/nl100_m20_w20/boot_method3_out/boot3_d12_nl100_m20_w20_n600_p12_ds415_lmin1of100_lseed415_lN1000_lpnsseed1000_nsseed1293_bootseed2293.npz,results/bootstrap_runs/nl100_m20_w20/ns_runs_out/ns_out_d12_nl100_m20_w20_n600_p12_ds415_lmin1of100_lseed415_lN1000_lpnsseed1000_nsseed1293.npz,0.583743127326304,results/nl100_m20_w20/combined_nl100_m20_w20.npz,0.8832948239036427,0.8841893313046915
nl100_m20_w20,d12_nl100_m20_w20_n600_p12_ds415_lmin1of100_lseed415_lN1000_lpnsseed1000,d12_nl100_m20_w20_n600_p12_ds415,lmin1of100_lseed415_lN1000_lpnsseed1000,1294,2294,200,100,-181.35892150073485,25.75722173556082,0.5139546143151676,0.507515731141024,1.0126870612654064,results/bootstrap_runs/nl100_m20_w20/boot_method3_out/boot3_d12_nl100_m20_w20_n600_p12_ds415_lmin1of100_lseed415_lN1000_lpnsseed1000_nsseed1294_bootseed2294.npz,results/bootstrap_runs/nl100_m20_w20/ns_runs_out/ns_out_d12_nl100_m20_w20_n600_p12_ds415_lmin1of100_lseed415_lN1000_lpnsseed1000_nsseed1294.npz,0.583743127326304,results/nl100_m20_w20/combined_nl100_m20_w20.npz,0.8804465359090634,0.8694161993231143
nl100_m20_w20,d12_nl100_m20_w20_n600_p12_ds415_lmin1of100_lseed415_lN1000_lpnsseed1000,d12_nl100_m20_w20_n600_p12_ds415,lmin1of100_lseed415_lN1000_lpnsseed1000,1295,2295,200,100,-181.43668911974726,25.775105617847913,0.5184523195656432,0.5076918909914547,1.0211948009513698,results/bootstrap_runs/nl100_m20_w20/boot_method3_out/boot3_d12_nl100_m20_w20_n600_p12_ds415_lmin1of100_lseed415_lN1000_lpnsseed1000_nsseed1295_bootseed2295.npz,results/bootstrap_runs/nl100_m20_w20/ns_runs_out/ns_out_d12_nl100_m20_w20_n600_p12_ds415_lmin1of100_lseed415_lN1000_lpnsseed1000_nsseed1295.npz,0.583743127326304,results/nl100_m20_w20/combined_nl100_m20_w20.npz,0.8881514750165715,0.869717975639073
nl100_m20_w20,d12_nl100_m20_w20_n600_p12_ds415_lmin1of100_lseed415_lN1000_lpnsseed1000,d12_nl100_m20_w20_n600_p12_ds415,lmin1of100_lseed415_lN1000_lpnsseed1000,1296,2296,200,100,-181.83297146252448,26.01620015213473,0.5094613990796927,0.5100607821832093,0.9988248790645087,results/bootstrap_runs/nl100_m20_w20/boot_method3_out/boot3_d12_nl100_m20_w20_n600_p12_ds415_lmin1of100_lseed415_lN1000_lpnsseed1000_nsseed1296_bootseed2296.npz,results/bootstrap_runs/nl100_m20_w20/ns_runs_out/ns_out_d12_nl100_m20_w20_n600_p12_ds415_lmin1of100_lseed415_lN1000_lpnsseed1000_nsseed1296.npz,0.583743127326304,results/nl100_m20_w20/combined_nl100_m20_w20.npz,0.872749288566632,0.8737760811325025
nl100_m20_w20,d12_nl100_m20_w20_n600_p12_ds415_lmin1of100_lseed415_lN1000_lpnsseed1000,d12_nl100_m20_w20_n600_p12_ds415,lmin1of100_lseed415_lN1000_lpnsseed1000,1297,2297,200,100,-182.18691173529638,26.99546218132704,0.5386700281523011,0.5195715752552966,1.0367580787836985,results/bootstrap_runs/nl100_m20_w20/boot_method3_out/boot3_d12_nl100_m20_w20_n600_p12_ds415_lmin1of100_lseed415_lN1000_lpnsseed1000_nsseed1297_bootseed2297.npz,results/bootstrap_runs/nl100_m20_w20/ns_runs_out/ns_out_d12_nl100_m20_w20_n600_p12_ds415_lmin1of100_lseed415_lN1000_lpnsseed1000_nsseed1297.npz,0.583743127326304,results/nl100_m20_w20/combined_nl100_m20_w20.npz,0.922786073079011,0.8900688520909363
nl100_m20_w20,d12_nl100_m20_w20_n600_p12_ds415_lmin1of100_lseed415_lN1000_lpnsseed1000,d12_nl100_m20_w20_n600_p12_ds415,lmin1of100_lseed415_lN1000_lpnsseed1000,1298,2298,200,100,-182.88083809886217,27.53781771189161,0.5515531768697891,0.5247648779395551,1.0510481933078601,results/bootstrap_runs/nl100_m20_w20/boot_method3_out/boot3_d12_nl100_m20_w20_n600_p12_ds415_lmin1of100_lseed415_lN1000_lpnsseed1000_nsseed1298_bootseed2298.npz,results/bootstrap_runs/nl100_m20_w20/ns_runs_out/ns_out_d12_nl100_m20_w20_n600_p12_ds415_lmin1of100_lseed415_lN1000_lpnsseed1000_nsseed1298.npz,0.583743127326304,results/nl100_m20_w20/combined_nl100_m20_w20.npz,0.9448559666921421,0.8989654068273408
nl100_m20_w20,d12_nl100_m20_w20_n600_p12_ds415_lmin1of100_lseed415_lN1000_lpnsseed1000,d12_nl100_m20_w20_n600_p12_ds415,lmin1of100_lseed415_lN1000_lpnsseed1000,1299,2299,200,100,-181.80632769346056,26.25346622339505,0.5399754929184883,0.5123813640580134,1.053854669190019,results/bootstrap_runs/nl100_m20_w20/boot_method3_out/boot3_d12_nl100_m20_w20_n600_p12_ds415_lmin1of100_lseed415_lN1000_lpnsseed1000_nsseed1299_bootseed2299.npz,results/bootstrap_runs/nl100_m20_w20/ns_runs_out/ns_out_d12_nl100_m20_w20_n600_p12_ds415_lmin1of100_lseed415_lN1000_lpnsseed1000_nsseed1299.npz,0.583743127326304,results/nl100_m20_w20/combined_nl100_m20_w20.npz,0.9250224416203702,0.8777514287917254
nl100_m50_w50,d12_nl100_m50_w50_n600_p12_ds415_lmin1of100_lseed415_lN1000_lpnsseed1000,d12_nl100_m50_w50_n600_p12_ds415,lmin1of100_lseed415_lN1000_lpnsseed1000,1000,2000,200,100,-181.7491281743479,26.684786757871972,0.5253177407830216,0.5165731967289047,1.0169279864102319,results/bootstrap_runs/nl100_m50_w50/boot_method3_out/boot3_d12_nl100_m50_w50_n600_p12_ds415_lmin1of100_lseed415_lN1000_lpnsseed1000_nsseed1000_bootseed2000.npz,results/bootstrap_runs/nl100_m50_w50/ns_runs_out/ns_out_d12_nl100_m50_w50_n600_p12_ds415_lmin1of100_lseed415_lN1000_lpnsseed1000_nsseed1000.npz,0.5291959219454955,results/nl100_m50_w50/combined_nl100_m50_w50.npz,0.992671558865729,0.9761473497940317
nl100_m50_w50,d12_nl100_m50_w50_n600_p12_ds415_lmin1of100_lseed415_lN1000_lpnsseed1000,d12_nl100_m50_w50_n600_p12_ds415,lmin1of100_lseed415_lN1000_lpnsseed1000,1001,2001,200,100,-181.43056592362814,26.26962749280312,0.5140807931611414,0.5125390472227762,1.003008055574925,results/bootstrap_runs/nl100_m50_w50/boot_method3_out/boot3_d12_nl100_m50_w50_n600_p12_ds415_lmin1of100_lseed415_lN1000_lpnsseed1000_nsseed1001_bootseed2001.npz,results/bootstrap_runs/nl100_m50_w50/ns_runs_out/ns_out_d12_nl100_m50_w50_n600_p12_ds415_lmin1of100_lseed415_lN1000_lpnsseed1000_nsseed1001.npz,0.5291959219454955,results/nl100_m50_w50/combined_nl100_m50_w50.npz,0.9714375561913139,0.9685241816273202
nl100_m50_w50,d12_nl100_m50_w50_n600_p12_ds415_lmin1of100_lseed415_lN1000_lpnsseed1000,d12_nl100_m50_w50_n600_p12_ds415,lmin1of100_lseed415_lN1000_lpnsseed1000,1002,2002,200,100,-181.69812261625177,26.2532745784468,0.5303644052128019,0.5123794939148795,1.0351007632263094,results/bootstrap_runs/nl100_m50_w50/boot_method3_out/boot3_d12_nl100_m50_w50_n600_p12_ds415_lmin1of100_lseed415_lN1000_lpnsseed1000_nsseed1002_bootseed2002.npz,results/bootstrap_runs/nl100_m50_w50/ns_runs_out/ns_out_d12_nl100_m50_w50_n600_p12_ds415_lmin1of100_lseed415_lN1000_lpnsseed1000_nsseed1002.npz,0.5291959219454955,results/nl100_m50_w50/combined_nl100_m50_w50.npz,1.0022080352830587,0.9682226802338284
nl100_m50_w50,d12_nl100_m50_w50_n600_p12_ds415_lmin1of100_lseed415_lN1000_lpnsseed1000,d12_nl100_m50_w50_n600_p12_ds415,lmin1of100_lseed415_lN1000_lpnsseed1000,1003,2003,200,100,-181.45606686833187,25.845955661157326,0.5012478717324446,0.5083891782990402,0.9859530712465421,results/bootstrap_runs/nl100_m50_w50/boot_method3_out/boot3_d12_nl100_m50_w50_n600_p12_ds415_lmin1of100_lseed415_lN1000_lpnsseed1000_nsseed1003_bootseed2003.npz,results/bootstrap_runs/nl100_m50_w50/ns_runs_out/ns_out_d12_nl100_m50_w50_n600_p12_ds415_lmin1of100_lseed415_lN1000_lpnsseed1000_nsseed1003.npz,0.5291959219454955,results/nl100_m50_w50/combined_nl100_m50_w50.npz,0.947187706756498,0.9606823431859358
nl100_m50_w50,d12_nl100_m50_w50_n600_p12_ds415_lmin1of100_lseed415_lN1000_lpnsseed1000,d12_nl100_m50_w50_n600_p12_ds415,lmin1of100_lseed415_lN1000_lpnsseed1000,1004,2004,200,100,-182.11953845851215,26.79326087347582,0.5618073887932264,0.5176220713365671,1.0853621201711263,results/bootstrap_runs/nl100_m50_w50/boot_method3_out/boot3_d12_nl100_m50_w50_n600_p12_ds415_lmin1of100_lseed415_lN1000_lpnsseed1000_nsseed1004_bootseed2004.npz,results/bootstrap_runs/nl100_m50_w50/ns_runs_out/ns_out_d12_nl100_m50_w50_n600_p12_ds415_lmin1of100_lseed415_lN1000_lpnsseed1000_nsseed1004.npz,0.5291959219454955,results/nl100_m50_w50/combined_nl100_m50_w50.npz,1.061624561897304,0.97812936546
nl100_m50_w50,d12_nl100_m50_w50_n600_p12_ds415_lmin1of100_lseed415_lN1000_lpnsseed1000,d12_nl100_m50_w50_n600_p12_ds415,lmin1of100_lseed415_lN1000_lpnsseed1000,1005,2005,200,100,-181.76602917623393,26.322644169666173,0.5334016797775858,0.5130559830044492,1.0396559000325705,results/bootstrap_runs/nl100_m50_w50/boot_method3_out/boot3_d12_nl100_m50_w50_n600_p12_ds415_lmin1of100_lseed415_lN1000_lpnsseed1000_nsseed1005_bootseed2005.npz,results/bootstrap_runs/nl100_m50_w50/ns_runs_out/ns_out_d12_nl100_m50_w50_n600_p12_ds415_lmin1of100_lseed415_lN1000_lpnsseed1000_nsseed1005.npz,0.5291959219454955,results/nl100_m50_w50/combined_nl100_m50_w50.npz,1.007947449437306,0.969501014139129
nl100_m50_w50,d12_nl100_m50_w50_n600_p12_ds415_lmin1of100_lseed415_lN1000_lpnsseed1000,d12_nl100_m50_w50_n600_p12_ds415,lmin1of100_lseed415_lN1000_lpnsseed1000,1006,2006,200,100,-181.37979830459867,26.059558072256618,0.5066458297226287,0.5104856322391123,0.9924781379259564,results/bootstrap_runs/nl100_m50_w50/boot_method3_out/boot3_d12_nl100_m50_w50_n600_p12_ds415_lmin1of100_lseed415_lN1000_lpnsseed1000_nsseed1006_bootseed2006.npz,results/bootstrap_runs/nl100_m50_w50/ns_runs_out/ns_out_d12_nl100_m50_w50_n600_p12_ds415_lmin1of100_lseed415_lN1000_lpnsseed1000_nsseed1006.npz,0.5291959219454955,results/nl100_m50_w50/combined_nl100_m50_w50.npz,0.9573880083203111,0.9646439268889334
nl100_m50_w50,d12_nl100_m50_w50_n600_p12_ds415_lmin1of100_lseed415_lN1000_lpnsseed1000,d12_nl100_m50_w50_n600_p12_ds415,lmin1of100_lseed415_lN1000_lpnsseed1000,1007,2007,200,100,-181.96775650239573,26.179543679032122,0.5242439465449152,0.5116594930130011,1.0245953680206503,results/bootstrap_runs/nl100_m50_w50/boot_method3_out/boot3_d12_nl100_m50_w50_n600_p12_ds415_lmin1of100_lseed415_lN1000_lpnsseed1000_nsseed1007_bootseed2007.npz,results/bootstrap_runs/nl100_m50_w50/ns_runs_out/ns_out_d12_nl100_m50_w50_n600_p12_ds415_lmin1of100_lseed415_lN1000_lpnsseed1000_nsseed1007.npz,0.5291959219454955,results/nl100_m50_w50/combined_nl100_m50_w50.npz,0.9906424535881245,0.9668621238273628
nl100_m50_w50,d12_nl100_m50_w50_n600_p12_ds415_lmin1of100_lseed415_lN1000_lpnsseed1000,d12_nl100_m50_w50_n600_p12_ds415,lmin1of100_lseed415_lN1000_lpnsseed1000,1008,2008,200,100,-181.7097410301888,26.13442987931485,0.461518476114956,0.5112184452786779,0.9027813459730915,results/bootstrap_runs/nl100_m50_w50/boot_method3_out/boot3_d12_nl100_m50_w50_n600_p12_ds415_lmin1of100_lseed415_lN1000_lpnsseed1000_nsseed1008_bootseed2008.npz,results/bootstrap_runs/nl100_m50_w50/ns_runs_out/ns_out_d12_nl100_m50_w50_n600_p12_ds415_lmin1of100_lseed415_lN1000_lpnsseed1000_nsseed1008.npz,0.5291959219454955,results/nl100_m50_w50/combined_nl100_m50_w50.npz,0.8721126845011669,0.9660286938706433
nl100_m50_w50,d12_nl100_m50_w50_n600_p12_ds415_lmin1of100_lseed415_lN1000_lpnsseed1000,d12_nl100_m50_w50_n600_p12_ds415,lmin1of100_lseed415_lN1000_lpnsseed1000,1009,2009,200,100,-181.71713457538374,26.551681990787106,0.521661725083386,0.5152832424093288,1.0123785952056836,results/bootstrap_runs/nl100_m50_w50/boot_method3_out/boot3_d12_nl100_m50_w50_n600_p12_ds415_lmin1of100_lseed415_lN1000_lpnsseed1000_nsseed1009_bootseed2009.npz,results/bootstrap_runs/nl100_m50_w50/ns_runs_out/ns_out_d12_nl100_m50_w50_n600_p12_ds415_lmin1of100_lseed415_lN1000_lpnsseed1000_nsseed1009.npz,0.5291959219454955,results/nl100_m50_w50/combined_nl100_m50_w50.npz,0.9857629347663691,0.9737097756063214
nl100_m50_w50,d12_nl100_m50_w50_n600_p12_ds415_lmin1of100_lseed415_lN1000_lpnsseed1000,d12_nl100_m50_w50_n600_p12_ds415,lmin1of100_lseed415_lN1000_lpnsseed1000,1010,2010,200,100,-181.4673892307112,25.955418139150392,0.5367907107300459,0.5094646026874722,1.0536369119629234,results/bootstrap_runs/nl100_m50_w50/boot_method3_out/boot3_d12_nl100_m50_w50_n600_p12_ds415_lmin1of100_lseed415_lN1000_lpnsseed1000_nsseed1010_bootseed2010.npz,results/bootstrap_runs/nl100_m50_w50/ns_runs_out/ns_out_d12_nl100_m50_w50_n600_p12_ds415_lmin1of100_lseed415_lN1000_lpnsseed1000_nsseed1010.npz,0.5291959219454955,results/nl100_m50_w50/combined_nl100_m50_w50.npz,1.0143515633239,0.9627145288922776
nl100_m50_w50,d12_nl100_m50_w50_n600_p12_ds415_lmin1of100_lseed415_lN1000_lpnsseed1000,d12_nl100_m50_w50_n600_p12_ds415,lmin1of100_lseed415_lN1000_lpnsseed1000,1011,2011,200,100,-181.05395410681894,25.11233031106897,0.5145462084028943,0.5011220441276653,1.0267882134353068,results/bootstrap_runs/nl100_m50_w50/boot_method3_out/boot3_d12_nl100_m50_w50_n600_p12_ds415_lmin1of100_lseed415_lN1000_lpnsseed1000_nsseed1011_bootseed2011.npz,results/bootstrap_runs/nl100_m50_w50/ns_runs_out/ns_out_d12_nl100_m50_w50_n600_p12_ds415_lmin1of100_lseed415_lN1000_lpnsseed1000_nsseed1011.npz,0.5291959219454955,results/nl100_m50_w50/combined_nl100_m50_w50.npz,0.9723170324352765,0.9469499354518426
nl100_m50_w50,d12_nl100_m50_w50_n600_p12_ds415_lmin1of100_lseed415_lN1000_lpnsseed1000,d12_nl100_m50_w50_n600_p12_ds415,lmin1of100_lseed415_lN1000_lpnsseed1000,1012,2012,200,100,-180.92310114393274,25.458313615818415,0.4812060484019277,0.5045623213817934,0.953709835257016,results/bootstrap_runs/nl100_m50_w50/boot_method3_out/boot3_d12_nl100_m50_w50_n600_p12_ds415_lmin1of100_lseed415_lN1000_lpnsseed1000_nsseed1012_bootseed2012.npz,results/bootstrap_runs/nl100_m50_w50/ns_runs_out/ns_out_d12_nl100_m50_w50_n600_p12_ds415_lmin1of100_lseed415_lN1000_lpnsseed1000_nsseed1012.npz,0.5291959219454955,results/nl100_m50_w50/combined_nl100_m50_w50.npz,0.9093154887378166,0.9534508873894171
nl100_m50_w50,d12_nl100_m50_w50_n600_p12_ds415_lmin1of100_lseed415_lN1000_lpnsseed1000,d12_nl100_m50_w50_n600_p12_ds415,lmin1of100_lseed415_lN1000_lpnsseed1000,1013,2013,200,100,-181.38521092073432,25.919835599275856,0.5432406661390933,0.5091152678841586,1.0670288251160822,results/bootstrap_runs/nl100_m50_w50/boot_method3_out/boot3_d12_nl100_m50_w50_n600_p12_ds415_lmin1of100_lseed415_lN1000_lpnsseed1000_nsseed1013_bootseed2013.npz,results/bootstrap_runs/nl100_m50_w50/ns_runs_out/ns_out_d12_nl100_m50_w50_n600_p12_ds415_lmin1of100_lseed415_lN1000_lpnsseed1000_nsseed1013.npz,0.5291959219454955,results/nl100_m50_w50/combined_nl100_m50_w50.npz,1.026539781602936,0.9620544051293632
nl100_m50_w50,d12_nl100_m50_w50_n600_p12_ds415_lmin1of100_lseed415_lN1000_lpnsseed1000,d12_nl100_m50_w50_n600_p12_ds415,lmin1of100_lseed415_lN1000_lpnsseed1000,1014,2014,200,100,-182.00395323268577,26.82128877766638,0.5062499913392241,0.51789273771377,0.9775190005058912,results/bootstrap_runs/nl100_m50_w50/boot_method3_out/boot3_d12_nl100_m50_w50_n600_p12_ds415_lmin1of100_lseed415_lN1000_lpnsseed1000_nsseed1014_bootseed2014.npz,results/bootstrap_runs/nl100_m50_w50/ns_runs_out/ns_out_d12_nl100_m50_w50_n600_p12_ds415_lmin1of100_lseed415_lN1000_lpnsseed1000_nsseed1014.npz,0.5291959219454955,results/nl100_m50_w50/combined_nl100_m50_w50.npz,0.9566400086343926,0.9786408326992179
nl100_m50_w50,d12_nl100_m50_w50_n600_p12_ds415_lmin1of100_lseed415_lN1000_lpnsseed1000,d12_nl100_m50_w50_n600_p12_ds415,lmin1of100_lseed415_lN1000_lpnsseed1000,1015,2015,200,100,-182.1797577608785,26.986201215937925,0.5456483373340548,0.5194824464400883,1.0503691531316914,results/bootstrap_runs/nl100_m50_w50/boot_method3_out/boot3_d12_nl100_m50_w50_n600_p12_ds415_lmin1of100_lseed415_lN1000_lpnsseed1000_nsseed1015_bootseed2015.npz,results/bootstrap_runs/nl100_m50_w50/ns_runs_out/ns_out_d12_nl100_m50_w50_n600_p12_ds415_lmin1of100_lseed415_lN1000_lpnsseed1000_nsseed1015.npz,0.5291959219454955,results/nl100_m50_w50/combined_nl100_m50_w50.npz,1.0310894598886458,0.9816448405919357
nl100_m50_w50,d12_nl100_m50_w50_n600_p12_ds415_lmin1of100_lseed415_lN1000_lpnsseed1000,d12_nl100_m50_w50_n600_p12_ds415,lmin1of100_lseed415_lN1000_lpnsseed1000,1016,2016,200,100,-181.35751605598065,25.897279775867368,0.526284001044878,0.5088936998614482,1.0341727578631148,results/bootstrap_runs/nl100_m50_w50/boot_method3_out/boot3_d12_nl100_m50_w50_n600_p12_ds415_lmin1of100_lseed415_lN1000_lpnsseed1000_nsseed1016_bootseed2016.npz,results/bootstrap_runs/nl100_m50_w50/ns_runs_out/ns_out_d12_nl100_m50_w50_n600_p12_ds415_lmin1of100_lseed415_lN1000_lpnsseed1000_nsseed1016.npz,0.5291959219454955,results/nl100_m50_w50/combined_nl100_m50_w50.npz,0.9944974615641173,0.961635717052751
nl100_m50_w50,d12_nl100_m50_w50_n600_p12_ds415_lmin1of100_lseed415_lN1000_lpnsseed1000,d12_nl100_m50_w50_n600_p12_ds415,lmin1of100_lseed415_lN1000_lpnsseed1000,1017,2017,200,100,-181.6481533981392,26.062796733309153,0.5325900147023882,0.5105173526268147,1.0432358703617044,results/bootstrap_runs/nl100_m50_w50/boot_method3_out/boot3_d12_nl100_m50_w50_n600_p12_ds415_lmin1of100_lseed415_lN1000_lpnsseed1000_nsseed1017_bootseed2017.npz,results/bootstrap_runs/nl100_m50_w50/ns_runs_out/ns_out_d12_nl100_m50_w50_n600_p12_ds415_lmin1of100_lseed415_lN1000_lpnsseed1000_nsseed1017.npz,0.5291959219454955,results/nl100_m50_w50/combined_nl100_m50_w50.npz,1.0064136789724587,0.9647038676148292
nl100_m50_w50,d12_nl100_m50_w50_n600_p12_ds415_lmin1of100_lseed415_lN1000_lpnsseed1000,d12_nl100_m50_w50_n600_p12_ds415,lmin1of100_lseed415_lN1000_lpnsseed1000,1018,2018,200,100,-181.91482561798557,26.442733525743087,0.4866498708727539,0.5142249850575435,0.9463753901773094,results/bootstrap_runs/nl100_m50_w50/boot_method3_out/boot3_d12_nl100_m50_w50_n600_p12_ds415_lmin1of100_lseed415_lN1000_lpnsseed1000_nsseed1018_bootseed2018.npz,results/bootstrap_runs/nl100_m50_w50/ns_runs_out/ns_out_d12_nl100_m50_w50_n600_p12_ds415_lmin1of100_lseed415_lN1000_lpnsseed1000_nsseed1018.npz,0.5291959219454955,results/nl100_m50_w50/combined_nl100_m50_w50.npz,0.9196024585444111,0.971710029750581
nl100_m50_w50,d12_nl100_m50_w50_n600_p12_ds415_lmin1of100_lseed415_lN1000_lpnsseed1000,d12_nl100_m50_w50_n600_p12_ds415,lmin1of100_lseed415_lN1000_lpnsseed1000,1019,2019,200,100,-181.70702032535576,26.486354439575,0.47344123169050006,0.5146489525839434,0.9199304289136351,results/bootstrap_runs/nl100_m50_w50/boot_method3_out/boot3_d12_nl100_m50_w50_n600_p12_ds415_lmin1of100_lseed415_lN1000_lpnsseed1000_nsseed1019_bootseed2019.npz,results/bootstrap_runs/nl100_m50_w50/ns_runs_out/ns_out_d12_nl100_m50_w50_n600_p12_ds415_lmin1of100_lseed415_lN1000_lpnsseed1000_nsseed1019.npz,0.5291959219454955,results/nl100_m50_w50/combined_nl100_m50_w50.npz,0.8946426305591639,0.9725111839334046
nl100_m50_w50,d12_nl100_m50_w50_n600_p12_ds415_lmin1of100_lseed415_lN1000_lpnsseed1000,d12_nl100_m50_w50_n600_p12_ds415,lmin1of100_lseed415_lN1000_lpnsseed1000,1020,2020,200,100,-181.13607789015572,25.887172665846954,0.5055813885184437,0.5087943854431469,0.9936850778691184,results/bootstrap_runs/nl100_m50_w50/boot_method3_out/boot3_d12_nl100_m50_w50_n600_p12_ds415_lmin1of100_lseed415_lN1000_lpnsseed1000_nsseed1020_bootseed2020.npz,results/bootstrap_runs/nl100_m50_w50/ns_runs_out/ns_out_d12_nl100_m50_w50_n600_p12_ds415_lmin1of100_lseed415_lN1000_lpnsseed1000_nsseed1020.npz,0.5291959219454955,results/nl100_m50_w50/combined_nl100_m50_w50.npz,0.9553765770903201,0.9614480466377255
nl100_m50_w50,d12_nl100_m50_w50_n600_p12_ds415_lmin1of100_lseed415_lN1000_lpnsseed1000,d12_nl100_m50_w50_n600_p12_ds415,lmin1of100_lseed415_lN1000_lpnsseed1000,1021,2021,200,100,-181.94529318595434,26.304536467620842,0.4842232147617283,0.5128794835789481,0.9441267008435351,results/bootstrap_runs/nl100_m50_w50/boot_method3_out/boot3_d12_nl100_m50_w50_n600_p12_ds415_lmin1of100_lseed415_lN1000_lpnsseed1000_nsseed1021_bootseed2021.npz,results/bootstrap_runs/nl100_m50_w50/ns_runs_out/ns_out_d12_nl100_m50_w50_n600_p12_ds415_lmin1of100_lseed415_lN1000_lpnsseed1000_nsseed1021.npz,0.5291959219454955,results/nl100_m50_w50/combined_nl100_m50_w50.npz,0.9150169052353372,0.9691674903567608
nl100_m50_w50,d12_nl100_m50_w50_n600_p12_ds415_lmin1of100_lseed415_lN1000_lpnsseed1000,d12_nl100_m50_w50_n600_p12_ds415,lmin1of100_lseed415_lN1000_lpnsseed1000,1022,2022,200,100,-182.18496346094003,26.520257768243724,0.532093858209609,0.5149782302995314,1.0332356338638284,results/bootstrap_runs/nl100_m50_w50/boot_method3_out/boot3_d12_nl100_m50_w50_n600_p12_ds415_lmin1of100_lseed415_lN1000_lpnsseed1000_nsseed1022_bootseed2022.npz,results/bootstrap_runs/nl100_m50_w50/ns_runs_out/ns_out_d12_nl100_m50_w50_n600_p12_ds415_lmin1of100_lseed415_lN1000_lpnsseed1000_nsseed1022.npz,0.5291959219454955,results/nl100_m50_w50/combined_nl100_m50_w50.npz,1.005476112237335,0.973133406633794
nl100_m50_w50,d12_nl100_m50_w50_n600_p12_ds415_lmin1of100_lseed415_lN1000_lpnsseed1000,d12_nl100_m50_w50_n600_p12_ds415,lmin1of100_lseed415_lN1000_lpnsseed1000,1023,2023,200,100,-181.4350119505668,26.258615707198103,0.5579987833074138,0.5124316120927562,1.0889234195145818,results/bootstrap_runs/nl100_m50_w50/boot_method3_out/boot3_d12_nl100_m50_w50_n600_p12_ds415_lmin1of100_lseed415_lN1000_lpnsseed1000_nsseed1023_bootseed2023.npz,results/bootstrap_runs/nl100_m50_w50/ns_runs_out/ns_out_d12_nl100_m50_w50_n600_p12_ds415_lmin1of100_lseed415_lN1000_lpnsseed1000_nsseed1023.npz,0.5291959219454955,results/nl100_m50_w50/combined_nl100_m50_w50.npz,1.0544275950880908,0.9683211658338027
nl100_m50_w50,d12_nl100_m50_w50_n600_p12_ds415_lmin1of100_lseed415_lN1000_lpnsseed1000,d12_nl100_m50_w50_n600_p12_ds415,lmin1of100_lseed415_lN1000_lpnsseed1000,1024,2024,200,100,-182.6148981434657,26.589360832228657,0.523084020053967,0.515648725706063,1.0144193013135503,results/bootstrap_runs/nl100_m50_w50/boot_method3_out/boot3_d12_nl100_m50_w50_n600_p12_ds415_lmin1of100_lseed415_lN1000_lpnsseed1000_nsseed1024_bootseed2024.npz,results/bootstrap_runs/nl100_m50_w50/ns_runs_out/ns_out_d12_nl100_m50_w50_n600_p12_ds415_lmin1of100_lseed415_lN1000_lpnsseed1000_nsseed1024.npz,0.5291959219454955,results/nl100_m50_w50/combined_nl100_m50_w50.npz,0.9884505876971631,0.9744004145201487
nl100_m50_w50,d12_nl100_m50_w50_n600_p12_ds415_lmin1of100_lseed415_lN1000_lpnsseed1000,d12_nl100_m50_w50_n600_p12_ds415,lmin1of100_lseed415_lN1000_lpnsseed1000,1025,2025,200,100,-181.0424629371916,25.682244350386892,0.5160326405000346,0.5067765222500633,1.0182646942855098,results/bootstrap_runs/nl100_m50_w50/boot_method3_out/boot3_d12_nl100_m50_w50_n600_p12_ds415_lmin1of100_lseed415_lN1000_lpnsseed1000_nsseed1025_bootseed2025.npz,results/bootstrap_runs/nl100_m50_w50/ns_runs_out/ns_out_d12_nl100_m50_w50_n600_p12_ds415_lmin1of100_lseed415_lN1000_lpnsseed1000_nsseed1025.npz,0.5291959219454955,results/nl100_m50_w50/combined_nl100_m50_w50.npz,0.9751258826843027,0.9576349726713479
nl100_m50_w50,d12_nl100_m50_w50_n600_p12_ds415_lmin1of100_lseed415_lN1000_lpnsseed1000,d12_nl100_m50_w50_n600_p12_ds415,lmin1of100_lseed415_lN1000_lpnsseed1000,1026,2026,200,100,-181.59201207438466,26.13727537529197,0.4560464252636871,0.5112462750504102,0.892028846994963,results/bootstrap_runs/nl100_m50_w50/boot_method3_out/boot3_d12_nl100_m50_w50_n600_p12_ds415_lmin1of100_lseed415_lN1000_lpnsseed1000_nsseed1026_bootseed2026.npz,results/bootstrap_runs/nl100_m50_w50/ns_runs_out/ns_out_d12_nl100_m50_w50_n600_p12_ds415_lmin1of100_lseed415_lN1000_lpnsseed1000_nsseed1026.npz,0.5291959219454955,results/nl100_m50_w50/combined_nl100_m50_w50.npz,0.861772372672701,0.9660812826578546
nl100_m50_w50,d12_nl100_m50_w50_n600_p12_ds415_lmin1of100_lseed415_lN1000_lpnsseed1000,d12_nl100_m50_w50_n600_p12_ds415,lmin1of100_lseed415_lN1000_lpnsseed1000,1027,2027,200,100,-181.55002333842688,26.180138262626965,0.5164073674566546,0.5116653033246145,1.0092679024769278,results/bootstrap_runs/nl100_m50_w50/boot_method3_out/boot3_d12_nl100_m50_w50_n600_p12_ds415_lmin1of100_lseed415_lN1000_lpnsseed1000_nsseed1027_bootseed2027.npz,results/bootstrap_runs/nl100_m50_w50/ns_runs_out/ns_out_d12_nl100_m50_w50_n600_p12_ds415_lmin1of100_lseed415_lN1000_lpnsseed1000_nsseed1027.npz,0.5291959219454955,results/nl100_m50_w50/combined_nl100_m50_w50.npz,0.975833988966079,0.9668731033367892
nl100_m50_w50,d12_nl100_m50_w50_n600_p12_ds415_lmin1of100_lseed415_lN1000_lpnsseed1000,d12_nl100_m50_w50_n600_p12_ds415,lmin1of100_lseed415_lN1000_lpnsseed1000,1028,2028,200,100,-181.7310952466449,26.23862838624482,0.4786887164280702,0.5122365506896674,0.9345071447626513,results/bootstrap_runs/nl100_m50_w50/boot_method3_out/boot3_d12_nl100_m50_w50_n600_p12_ds415_lmin1of100_lseed415_lN1000_lpnsseed1000_nsseed1028_bootseed2028.npz,results/bootstrap_runs/nl100_m50_w50/ns_runs_out/ns_out_d12_nl100_m50_w50_n600_p12_ds415_lmin1of100_lseed415_lN1000_lpnsseed1000_nsseed1028.npz,0.5291959219454955,results/nl100_m50_w50/combined_nl100_m50_w50.npz,0.9045585889404733,0.9679525662376991
nl100_m50_w50,d12_nl100_m50_w50_n600_p12_ds415_lmin1of100_lseed415_lN1000_lpnsseed1000,d12_nl100_m50_w50_n600_p12_ds415,lmin1of100_lseed415_lN1000_lpnsseed1000,1029,2029,200,100,-181.532363513333,26.118751259197268,0.5240072340680284,0.5110650766702541,1.0253238931568096,results/bootstrap_runs/nl100_m50_w50/boot_method3_out/boot3_d12_nl100_m50_w50_n600_p12_ds415_lmin1of100_lseed415_lN1000_lpnsseed1000_nsseed1029_bootseed2029.npz,results/bootstrap_runs/nl100_m50_w50/ns_runs_out/ns_out_d12_nl100_m50_w50_n600_p12_ds415_lmin1of100_lseed415_lN1000_lpnsseed1000_nsseed1029.npz,0.5291959219454955,results/nl100_m50_w50/combined_nl100_m50_w50.npz,0.9901951476527034,0.9657388794520818
nl100_m50_w50,d12_nl100_m50_w50_n600_p12_ds415_lmin1of100_lseed415_lN1000_lpnsseed1000,d12_nl100_m50_w50_n600_p12_ds415,lmin1of100_lseed415_lN1000_lpnsseed1000,1030,2030,200,100,-182.3759232445462,27.070199105072163,0.5247936491076449,0.5202902949803327,1.008655464402776,results/bootstrap_runs/nl100_m50_w50/boot_method3_out/boot3_d12_nl100_m50_w50_n600_p12_ds415_lmin1of100_lseed415_lN1000_lpnsseed1000_nsseed1030_bootseed2030.npz,results/bootstrap_runs/nl100_m50_w50/ns_runs_out/ns_out_d12_nl100_m50_w50_n600_p12_ds415_lmin1of100_lseed415_lN1000_lpnsseed1000_nsseed1030.npz,0.5291959219454955,results/nl100_m50_w50/combined_nl100_m50_w50.npz,0.9916812041527713,0.9831713991059818
nl100_m50_w50,d12_nl100_m50_w50_n600_p12_ds415_lmin1of100_lseed415_lN1000_lpnsseed1000,d12_nl100_m50_w50_n600_p12_ds415,lmin1of100_lseed415_lN1000_lpnsseed1000,1031,2031,200,100,-180.47042580417587,25.038302848552146,0.4775997188579259,0.5003828818869821,0.9544685402843136,results/bootstrap_runs/nl100_m50_w50/boot_method3_out/boot3_d12_nl100_m50_w50_n600_p12_ds415_lmin1of100_lseed415_lN1000_lpnsseed1000_nsseed1031_bootseed2031.npz,results/bootstrap_runs/nl100_m50_w50/ns_runs_out/ns_out_d12_nl100_m50_w50_n600_p12_ds415_lmin1of100_lseed415_lN1000_lpnsseed1000_nsseed1031.npz,0.5291959219454955,results/nl100_m50_w50/combined_nl100_m50_w50.npz,0.9025007545449609,0.9455531706431385
nl100_m50_w50,d12_nl100_m50_w50_n600_p12_ds415_lmin1of100_lseed415_lN1000_lpnsseed1000,d12_nl100_m50_w50_n600_p12_ds415,lmin1of100_lseed415_lN1000_lpnsseed1000,1032,2032,200,100,-181.41452381144597,25.31255268950491,0.5084616999601588,0.5031158185696899,1.0106255482200235,results/bootstrap_runs/nl100_m50_w50/boot_method3_out/boot3_d12_nl100_m50_w50_n600_p12_ds415_lmin1of100_lseed415_lN1000_lpnsseed1000_nsseed1032_bootseed2032.npz,results/bootstrap_runs/nl100_m50_w50/ns_runs_out/ns_out_d12_nl100_m50_w50_n600_p12_ds415_lmin1of100_lseed415_lN1000_lpnsseed1000_nsseed1032.npz,0.5291959219454955,results/nl100_m50_w50/combined_nl100_m50_w50.npz,0.9608193844179468,0.9507174898855482
nl100_m50_w50,d12_nl100_m50_w50_n600_p12_ds415_lmin1of100_lseed415_lN1000_lpnsseed1000,d12_nl100_m50_w50_n600_p12_ds415,lmin1of100_lseed415_lN1000_lpnsseed1000,1033,2033,200,100,-181.47690900899823,25.79337889738149,0.5219944011225608,0.5078718233706364,1.0278073661543101,results/bootstrap_runs/nl100_m50_w50/boot_method3_out/boot3_d12_nl100_m50_w50_n600_p12_ds415_lmin1of100_lseed415_lN1000_lpnsseed1000_nsseed1033_bootseed2033.npz,results/bootstrap_runs/nl100_m50_w50/ns_runs_out/ns_out_d12_nl100_m50_w50_n600_p12_ds415_lmin1of100_lseed415_lN1000_lpnsseed1000_nsseed1033.npz,0.5291959219454955,results/nl100_m50_w50/combined_nl100_m50_w50.npz,0.9863915791405581,0.9597047186296055
nl100_m50_w50,d12_nl100_m50_w50_n600_p12_ds415_lmin1of100_lseed415_lN1000_lpnsseed1000,d12_nl100_m50_w50_n600_p12_ds415,lmin1of100_lseed415_lN1000_lpnsseed1000,1034,2034,200,100,-182.23911598648527,26.419124739454148,0.5184294429333223,0.5139953768221476,1.0086266653575544,results/bootstrap_runs/nl100_m50_w50/boot_method3_out/boot3_d12_nl100_m50_w50_n600_p12_ds415_lmin1of100_lseed415_lN1000_lpnsseed1000_nsseed1034_bootseed2034.npz,results/bootstrap_runs/nl100_m50_w50/ns_runs_out/ns_out_d12_nl100_m50_w50_n600_p12_ds415_lmin1of100_lseed415_lN1000_lpnsseed1000_nsseed1034.npz,0.5291959219454955,results/nl100_m50_w50/combined_nl100_m50_w50.npz,0.9796550227133419,0.971276148411224
nl100_m50_w50,d12_nl100_m50_w50_n600_p12_ds415_lmin1of100_lseed415_lN1000_lpnsseed1000,d12_nl100_m50_w50_n600_p12_ds415,lmin1of100_lseed415_lN1000_lpnsseed1000,1035,2035,200,100,-182.16937574490387,26.90296565169183,0.5129630805855104,0.5186806883978989,0.9889766325597179,results/bootstrap_runs/nl100_m50_w50/boot_method3_out/boot3_d12_nl100_m50_w50_n600_p12_ds415_lmin1of100_lseed415_lN1000_lpnsseed1000_nsseed1035_bootseed2035.npz,results/bootstrap_runs/nl100_m50_w50/ns_runs_out/ns_out_d12_nl100_m50_w50_n600_p12_ds415_lmin1of100_lseed415_lN1000_lpnsseed1000_nsseed1035.npz,0.5291959219454955,results/nl100_m50_w50/combined_nl100_m50_w50.npz,0.969325460218386,0.9801297910442334
nl100_m50_w50,d12_nl100_m50_w50_n600_p12_ds415_lmin1of100_lseed415_lN1000_lpnsseed1000,d12_nl100_m50_w50_n600_p12_ds415,lmin1of100_lseed415_lN1000_lpnsseed1000,1036,2036,200,100,-180.86707380972405,25.43740639960112,0.4681142432588433,0.5043550971250427,0.9281441705005425,results/bootstrap_runs/nl100_m50_w50/boot_method3_out/boot3_d12_nl100_m50_w50_n600_p12_ds415_lmin1of100_lseed415_lN1000_lpnsseed1000_nsseed1036_bootseed2036.npz,results/bootstrap_runs/nl100_m50_w50/ns_runs_out/ns_out_d12_nl100_m50_w50_n600_p12_ds415_lmin1of100_lseed415_lN1000_lpnsseed1000_nsseed1036.npz,0.5291959219454955,results/nl100_m50_w50/combined_nl100_m50_w50.npz,0.8845764372822524,0.9530593041436716
nl100_m50_w50,d12_nl100_m50_w50_n600_p12_ds415_lmin1of100_lseed415_lN1000_lpnsseed1000,d12_nl100_m50_w50_n600_p12_ds415,lmin1of100_lseed415_lN1000_lpnsseed1000,1037,2037,200,100,-181.26273167661645,25.973438448517825,0.5159574036259559,0.5096414273635712,1.0123929804824892,results/bootstrap_runs/nl100_m50_w50/boot_method3_out/boot3_d12_nl100_m50_w50_n600_p12_ds415_lmin1of100_lseed415_lN1000_lpnsseed1000_nsseed1037_bootseed2037.npz,results/bootstrap_runs/nl100_m50_w50/ns_runs_out/ns_out_d12_nl100_m50_w50_n600_p12_ds415_lmin1of100_lseed415_lN1000_lpnsseed1000_nsseed1037.npz,0.5291959219454955,results/nl100_m50_w50/combined_nl100_m50_w50.npz,0.9749837106248467,0.9630486672874659
nl100_m50_w50,d12_nl100_m50_w50_n600_p12_ds415_lmin1of100_lseed415_lN1000_lpnsseed1000,d12_nl100_m50_w50_n600_p12_ds415,lmin1of100_lseed415_lN1000_lpnsseed1000,1038,2038,200,100,-180.8986544630626,25.335866597218516,0.54240651486522,0.5033474604805165,1.0775985923270897,results/bootstrap_runs/nl100_m50_w50/boot_method3_out/boot3_d12_nl100_m50_w50_n600_p12_ds415_lmin1of100_lseed415_lN1000_lpnsseed1000_nsseed1038_bootseed2038.npz,results/bootstrap_runs/nl100_m50_w50/ns_runs_out/ns_out_d12_nl100_m50_w50_n600_p12_ds415_lmin1of100_lseed415_lN1000_lpnsseed1000_nsseed1038.npz,0.5291959219454955,results/nl100_m50_w50/combined_nl100_m50_w50.npz,1.0249635198834453,0.9511552141786134
nl100_m50_w50,d12_nl100_m50_w50_n600_p12_ds415_lmin1of100_lseed415_lN1000_lpnsseed1000,d12_nl100_m50_w50_n600_p12_ds415,lmin1of100_lseed415_lN1000_lpnsseed1000,1039,2039,200,100,-182.1069948353179,26.530486968004038,0.5179595879555905,0.5150775375417185,1.0055953719659898,results/bootstrap_runs/nl100_m50_w50/boot_method3_out/boot3_d12_nl100_m50_w50_n600_p12_ds415_lmin1of100_lseed415_lN1000_lpnsseed1000_nsseed1039_bootseed2039.npz,results/bootstrap_runs/nl100_m50_w50/ns_runs_out/ns_out_d12_nl100_m50_w50_n600_p12_ds415_lmin1of100_lseed415_lN1000_lpnsseed1000_nsseed1039.npz,0.5291959219454955,results/nl100_m50_w50/combined_nl100_m50_w50.npz,0.9787671568809589,0.9733210634884085
nl100_m50_w50,d12_nl100_m50_w50_n600_p12_ds415_lmin1of100_lseed415_lN1000_lpnsseed1000,d12_nl100_m50_w50_n600_p12_ds415,lmin1of100_lseed415_lN1000_lpnsseed1000,1040,2040,200,100,-181.41952140641308,25.47282157576883,0.4846349019267004,0.5047060686753115,0.9602319686757653,results/bootstrap_runs/nl100_m50_w50/boot_method3_out/boot3_d12_nl100_m50_w50_n600_p12_ds415_lmin1of100_lseed415_lN1000_lpnsseed1000_nsseed1040_bootseed2040.npz,results/bootstrap_runs/nl100_m50_w50/ns_runs_out/ns_out_d12_nl100_m50_w50_n600_p12_ds415_lmin1of100_lseed415_lN1000_lpnsseed1000_nsseed1040.npz,0.5291959219454955,results/nl100_m50_w50/combined_nl100_m50_w50.npz,0.9157948537188754,0.9537225208007059
nl100_m50_w50,d12_nl100_m50_w50_n600_p12_ds415_lmin1of100_lseed415_lN1000_lpnsseed1000,d12_nl100_m50_w50_n600_p12_ds415,lmin1of100_lseed415_lN1000_lpnsseed1000,1041,2041,200,100,-181.3645895676817,25.8964462342628,0.5657586231568245,0.5088855100537133,1.1117601346069141,results/bootstrap_runs/nl100_m50_w50/boot_method3_out/boot3_d12_nl100_m50_w50_n600_p12_ds415_lmin1of100_lseed415_lN1000_lpnsseed1000_nsseed1041_bootseed2041.npz,results/bootstrap_runs/nl100_m50_w50/ns_runs_out/ns_out_d12_nl100_m50_w50_n600_p12_ds415_lmin1of100_lseed415_lN1000_lpnsseed1000_nsseed1041.npz,0.5291959219454955,results/nl100_m50_w50/combined_nl100_m50_w50.npz,1.0690910486931053,0.9616202411063288
nl100_m50_w50,d12_nl100_m50_w50_n600_p12_ds415_lmin1of100_lseed415_lN1000_lpnsseed1000,d12_nl100_m50_w50_n600_p12_ds415,lmin1of100_lseed415_lN1000_lpnsseed1000,1042,2042,200,100,-182.15916286489423,26.973162595775097,0.5178816934863721,0.5193569350242191,0.9971594842807324,results/bootstrap_runs/nl100_m50_w50/boot_method3_out/boot3_d12_nl100_m50_w50_n600_p12_ds415_lmin1of100_lseed415_lN1000_lpnsseed1000_nsseed1042_bootseed2042.npz,results/bootstrap_runs/nl100_m50_w50/ns_runs_out/ns_out_d12_nl100_m50_w50_n600_p12_ds415_lmin1of100_lseed415_lN1000_lpnsseed1000_nsseed1042.npz,0.5291959219454955,results/nl100_m50_w50/combined_nl100_m50_w50.npz,0.9786199628721087,0.9814076667765974
nl100_m50_w50,d12_nl100_m50_w50_n600_p12_ds415_lmin1of100_lseed415_lN1000_lpnsseed1000,d12_nl100_m50_w50_n600_p12_ds415,lmin1of100_lseed415_lN1000_lpnsseed1000,1043,2043,200,100,-180.7418493415322,25.26239476780199,0.48644392456179397,0.5026170984735994,0.9678220777587515,results/bootstrap_runs/nl100_m50_w50/boot_method3_out/boot3_d12_nl100_m50_w50_n600_p12_ds415_lmin1of100_lseed415_lN1000_lpnsseed1000_nsseed1043_bootseed2043.npz,results/bootstrap_runs/nl100_m50_w50/ns_runs_out/ns_out_d12_nl100_m50_w50_n600_p12_ds415_lmin1of100_lseed415_lN1000_lpnsseed1000_nsseed1043.npz,0.5291959219454955,results/nl100_m50_w50/combined_nl100_m50_w50.npz,0.9192132901808251,0.9497750788135635
nl100_m50_w50,d12_nl100_m50_w50_n600_p12_ds415_lmin1of100_lseed415_lN1000_lpnsseed1000,d12_nl100_m50_w50_n600_p12_ds415,lmin1of100_lseed415_lN1000_lpnsseed1000,1044,2044,200,100,-182.00161423080917,26.37334983341048,0.5140856971755541,0.5135498985825085,1.0010433233353262,results/bootstrap_runs/nl100_m50_w50/boot_method3_out/boot3_d12_nl100_m50_w50_n600_p12_ds415_lmin1of100_lseed415_lN1000_lpnsseed1000_nsseed1044_bootseed2044.npz,results/bootstrap_runs/nl100_m50_w50/ns_runs_out/ns_out_d12_nl100_m50_w50_n600_p12_ds415_lmin1of100_lseed415_lN1000_lpnsseed1000_nsseed1044.npz,0.5291959219454955,results/nl100_m50_w50/combined_nl100_m50_w50.npz,0.9714468231077985,0.9704343463088924
nl100_m50_w50,d12_nl100_m50_w50_n600_p12_ds415_lmin1of100_lseed415_lN1000_lpnsseed1000,d12_nl100_m50_w50_n600_p12_ds415,lmin1of100_lseed415_lN1000_lpnsseed1000,1045,2045,200,100,-181.95847485371448,26.50251869867692,0.4709903701168947,0.5148059702322509,0.9148890987111336,results/bootstrap_runs/nl100_m50_w50/boot_method3_out/boot3_d12_nl100_m50_w50_n600_p12_ds415_lmin1of100_lseed415_lN1000_lpnsseed1000_nsseed1045_bootseed2045.npz,results/bootstrap_runs/nl100_m50_w50/ns_runs_out/ns_out_d12_nl100_m50_w50_n600_p12_ds415_lmin1of100_lseed415_lN1000_lpnsseed1000_nsseed1045.npz,0.5291959219454955,results/nl100_m50_w50/combined_nl100_m50_w50.npz,0.8900113371724062,0.9728078937941501
nl100_m50_w50,d12_nl100_m50_w50_n600_p12_ds415_lmin1of100_lseed415_lN1000_lpnsseed1000,d12_nl100_m50_w50_n600_p12_ds415,lmin1of100_lseed415_lN1000_lpnsseed1000,1046,2046,200,100,-181.3995683642405,25.89351731649062,0.5254142885441154,0.5088567314725297,1.032538740371325,results/bootstrap_runs/nl100_m50_w50/boot_method3_out/boot3_d12_nl100_m50_w50_n600_p12_ds415_lmin1of100_lseed415_lN1000_lpnsseed1000_nsseed1046_bootseed2046.npz,results/bootstrap_runs/nl100_m50_w50/ns_runs_out/ns_out_d12_nl100_m50_w50_n600_p12_ds415_lmin1of100_lseed415_lN1000_lpnsseed1000_nsseed1046.npz,0.5291959219454955,results/nl100_m50_w50/combined_nl100_m50_w50.npz,0.9928540012412085,0.9615658593925057
nl100_m50_w50,d12_nl100_m50_w50_n600_p12_ds415_lmin1of100_lseed415_lN1000_lpnsseed1000,d12_nl100_m50_w50_n600_p12_ds415,lmin1of100_lseed415_lN1000_lpnsseed1000,1047,2047,200,100,-181.879484268123,26.490586060082755,0.5016785231020937,0.5146900626598765,0.9747196604291518,results/bootstrap_runs/nl100_m50_w50/boot_method3_out/boot3_d12_nl100_m50_w50_n600_p12_ds415_lmin1of100_lseed415_lN1000_lpnsseed1000_nsseed1047_bootseed2047.npz,results/bootstrap_runs/nl100_m50_w50/ns_runs_out/ns_out_d12_nl100_m50_w50_n600_p12_ds415_lmin1of100_lseed415_lN1000_lpnsseed1000_nsseed1047.npz,0.5291959219454955,results/nl100_m50_w50/combined_nl100_m50_w50.npz,0.9480014911259351,0.9725888679710706
nl100_m50_w50,d12_nl100_m50_w50_n600_p12_ds415_lmin1of100_lseed415_lN1000_lpnsseed1000,d12_nl100_m50_w50_n600_p12_ds415,lmin1of100_lseed415_lN1000_lpnsseed1000,1048,2048,200,100,-180.96389859254825,25.78352847995341,0.4799630463197351,0.5077748367136108,0.9452281043033217,results/bootstrap_runs/nl100_m50_w50/boot_method3_out/boot3_d12_nl100_m50_w50_n600_p12_ds415_lmin1of100_lseed415_lN1000_lpnsseed1000_nsseed1048_bootseed2048.npz,results/bootstrap_runs/nl100_m50_w50/ns_runs_out/ns_out_d12_nl100_m50_w50_n600_p12_ds415_lmin1of100_lseed415_lN1000_lpnsseed1000_nsseed1048.npz,0.5291959219454955,results/nl100_m50_w50/combined_nl100_m50_w50.npz,0.9069666382825393,0.9595214468903429
nl100_m50_w50,d12_nl100_m50_w50_n600_p12_ds415_lmin1of100_lseed415_lN1000_lpnsseed1000,d12_nl100_m50_w50_n600_p12_ds415,lmin1of100_lseed415_lN1000_lpnsseed1000,1049,2049,200,100,-181.8953329510869,26.489637890355986,0.4501252011023049,0.5146808515027151,0.8745714937481608,results/bootstrap_runs/nl100_m50_w50/boot_method3_out/boot3_d12_nl100_m50_w50_n600_p12_ds415_lmin1of100_lseed415_lN1000_lpnsseed1000_nsseed1049_bootseed2049.npz,results/bootstrap_runs/nl100_m50_w50/ns_runs_out/ns_out_d12_nl100_m50_w50_n600_p12_ds415_lmin1of100_lseed415_lN1000_lpnsseed1000_nsseed1049.npz,0.5291959219454955,results/nl100_m50_w50/combined_nl100_m50_w50.npz,0.8505832763175858,0.9725714620221974
nl100_m50_w50,d12_nl100_m50_w50_n600_p12_ds415_lmin1of100_lseed415_lN1000_lpnsseed1000,d12_nl100_m50_w50_n600_p12_ds415,lmin1of100_lseed415_lN1000_lpnsseed1000,1050,2050,200,100,-181.09544280964354,25.503780583030764,0.48583576516720195,0.5050126788807462,0.962026866818382,results/bootstrap_runs/nl100_m50_w50/boot_method3_out/boot3_d12_nl100_m50_w50_n600_p12_ds415_lmin1of100_lseed415_lN1000_lpnsseed1000_nsseed1050_bootseed2050.npz,results/bootstrap_runs/nl100_m50_w50/ns_runs_out/ns_out_d12_nl100_m50_w50_n600_p12_ds415_lmin1of100_lseed415_lN1000_lpnsseed1000_nsseed1050.npz,0.5291959219454955,results/nl100_m50_w50/combined_nl100_m50_w50.npz,0.9180640761196958,0.9543019096295303
nl100_m50_w50,d12_nl100_m50_w50_n600_p12_ds415_lmin1of100_lseed415_lN1000_lpnsseed1000,d12_nl100_m50_w50_n600_p12_ds415,lmin1of100_lseed415_lN1000_lpnsseed1000,1051,2051,200,100,-182.84925156507038,27.288396534966186,0.5813449507039452,0.5223829680891806,1.1128711811383152,results/bootstrap_runs/nl100_m50_w50/boot_method3_out/boot3_d12_nl100_m50_w50_n600_p12_ds415_lmin1of100_lseed415_lN1000_lpnsseed1000_nsseed1051_bootseed2051.npz,results/bootstrap_runs/nl100_m50_w50/ns_runs_out/ns_out_d12_nl100_m50_w50_n600_p12_ds415_lmin1of100_lseed415_lN1000_lpnsseed1000_nsseed1051.npz,0.5291959219454955,results/nl100_m50_w50/combined_nl100_m50_w50.npz,1.0985438976300743,0.9871258383260623
nl100_m50_w50,d12_nl100_m50_w50_n600_p12_ds415_lmin1of100_lseed415_lN1000_lpnsseed1000,d12_nl100_m50_w50_n600_p12_ds415,lmin1of100_lseed415_lN1000_lpnsseed1000,1052,2052,200,100,-182.40402971846686,26.665594183803112,0.5328604912523736,0.5163873951192371,1.0319006549904897,results/bootstrap_runs/nl100_m50_w50/boot_method3_out/boot3_d12_nl100_m50_w50_n600_p12_ds415_lmin1of100_lseed415_lN1000_lpnsseed1000_nsseed1052_bootseed2052.npz,results/bootstrap_runs/nl100_m50_w50/ns_runs_out/ns_out_d12_nl100_m50_w50_n600_p12_ds415_lmin1of100_lseed415_lN1000_lpnsseed1000_nsseed1052.npz,0.5291959219454955,results/nl100_m50_w50/combined_nl100_m50_w50.npz,1.0069247875029081,0.9757962480527627
nl100_m50_w50,d12_nl100_m50_w50_n600_p12_ds415_lmin1of100_lseed415_lN1000_lpnsseed1000,d12_nl100_m50_w50_n600_p12_ds415,lmin1of100_lseed415_lN1000_lpnsseed1000,1053,2053,200,100,-181.59948575031822,25.95776864647638,0.4953176621436228,0.5094876705718833,0.9721877304462441,results/bootstrap_runs/nl100_m50_w50/boot_method3_out/boot3_d12_nl100_m50_w50_n600_p12_ds415_lmin1of100_lseed415_lN1000_lpnsseed1000_nsseed1053_bootseed2053.npz,results/bootstrap_runs/nl100_m50_w50/ns_runs_out/ns_out_d12_nl100_m50_w50_n600_p12_ds415_lmin1of100_lseed415_lN1000_lpnsseed1000_nsseed1053.npz,0.5291959219454955,results/nl100_m50_w50/combined_nl100_m50_w50.npz,0.9359816310047795,0.9627581193347857
nl100_m50_w50,d12_nl100_m50_w50_n600_p12_ds415_lmin1of100_lseed415_lN1000_lpnsseed1000,d12_nl100_m50_w50_n600_p12_ds415,lmin1of100_lseed415_lN1000_lpnsseed1000,1054,2054,200,100,-182.3047576351171,27.055105856564168,0.5283149151703483,0.5201452283407411,1.0157065496028264,results/bootstrap_runs/nl100_m50_w50/boot_method3_out/boot3_d12_nl100_m50_w50_n600_p12_ds415_lmin1of100_lseed415_lN1000_lpnsseed1000_nsseed1054_bootseed2054.npz,results/bootstrap_runs/nl100_m50_w50/ns_runs_out/ns_out_d12_nl100_m50_w50_n600_p12_ds415_lmin1of100_lseed415_lN1000_lpnsseed1000_nsseed1054.npz,0.5291959219454955,results/nl100_m50_w50/combined_nl100_m50_w50.npz,0.998335197346366,0.982897272580104
nl100_m50_w50,d12_nl100_m50_w50_n600_p12_ds415_lmin1of100_lseed415_lN1000_lpnsseed1000,d12_nl100_m50_w50_n600_p12_ds415,lmin1of100_lseed415_lN1000_lpnsseed1000,1055,2055,200,100,-181.3866998045433,26.08993905597736,0.49995326826531594,0.5107831149908674,0.9787975631775826,results/bootstrap_runs/nl100_m50_w50/boot_method3_out/boot3_d12_nl100_m50_w50_n600_p12_ds415_lmin1of100_lseed415_lN1000_lpnsseed1000_nsseed1055_bootseed2055.npz,results/bootstrap_runs/nl100_m50_w50/ns_runs_out/ns_out_d12_nl100_m50_w50_n600_p12_ds415_lmin1of100_lseed415_lN1000_lpnsseed1000_nsseed1055.npz,0.5291959219454955,results/nl100_m50_w50/combined_nl100_m50_w50.npz,0.9447413472638374,0.9652060679399481
nl100_m50_w50,d12_nl100_m50_w50_n600_p12_ds415_lmin1of100_lseed415_lN1000_lpnsseed1000,d12_nl100_m50_w50_n600_p12_ds415,lmin1of100_lseed415_lN1000_lpnsseed1000,1056,2056,200,100,-181.35824467522198,25.958316273337243,0.5103885563233901,0.5094930448331679,1.0017576520411882,results/bootstrap_runs/nl100_m50_w50/boot_method3_out/boot3_d12_nl100_m50_w50_n600_p12_ds415_lmin1of100_lseed415_lN1000_lpnsseed1000_nsseed1056_bootseed2056.npz,results/bootstrap_runs/nl100_m50_w50/ns_runs_out/ns_out_d12_nl100_m50_w50_n600_p12_ds415_lmin1of100_lseed415_lN1000_lpnsseed1000_nsseed1056.npz,0.5291959219454955,results/nl100_m50_w50/combined_nl100_m50_w50.npz,0.964460486481144,0.9627682748576494
nl100_m50_w50,d12_nl100_m50_w50_n600_p12_ds415_lmin1of100_lseed415_lN1000_lpnsseed1000,d12_nl100_m50_w50_n600_p12_ds415,lmin1of100_lseed415_lN1000_lpnsseed1000,1057,2057,200,100,-182.09120430580873,26.32365069570744,0.503133834784085,0.5130657920355579,0.9806419422116052,results/bootstrap_runs/nl100_m50_w50/boot_method3_out/boot3_d12_nl100_m50_w50_n600_p12_ds415_lmin1of100_lseed415_lN1000_lpnsseed1000_nsseed1057_bootseed2057.npz,results/bootstrap_runs/nl100_m50_w50/ns_runs_out/ns_out_d12_nl100_m50_w50_n600_p12_ds415_lmin1of100_lseed415_lN1000_lpnsseed1000_nsseed1057.npz,0.5291959219454955,results/nl100_m50_w50/combined_nl100_m50_w50.npz,0.9507515343927864,0.9695195498660724
nl100_m50_w50,d12_nl100_m50_w50_n600_p12_ds415_lmin1of100_lseed415_lN1000_lpnsseed1000,d12_nl100_m50_w50_n600_p12_ds415,lmin1of100_lseed415_lN1000_lpnsseed1000,1058,2058,200,100,-180.93593458022036,25.674903917950733,0.5031061142292955,0.5067040942991357,0.9928992480812361,results/bootstrap_runs/nl100_m50_w50/boot_method3_out/boot3_d12_nl100_m50_w50_n600_p12_ds415_lmin1of100_lseed415_lN1000_lpnsseed1000_nsseed1058_bootseed2058.npz,results/bootstrap_runs/nl100_m50_w50/ns_runs_out/ns_out_d12_nl100_m50_w50_n600_p12_ds415_lmin1of100_lseed415_lN1000_lpnsseed1000_nsseed1058.npz,0.5291959219454955,results/nl100_m50_w50/combined_nl100_m50_w50.npz,0.9506991519883876,0.9574981085196715
nl100_m50_w50,d12_nl100_m50_w50_n600_p12_ds415_lmin1of100_lseed415_lN1000_lpnsseed1000,d12_nl100_m50_w50_n600_p12_ds415,lmin1of100_lseed415_lN1000_lpnsseed1000,1059,2059,200,100,-182.34570198065495,27.117197016361644,0.5132779460228736,0.5207417499717268,0.9856669760985008,results/bootstrap_runs/nl100_m50_w50/boot_method3_out/boot3_d12_nl100_m50_w50_n600_p12_ds415_lmin1of100_lseed415_lN1000_lpnsseed1000_nsseed1059_bootseed2059.npz,results/bootstrap_runs/nl100_m50_w50/ns_runs_out/ns_out_d12_nl100_m50_w50_n600_p12_ds415_lmin1of100_lseed415_lN1000_lpnsseed1000_nsseed1059.npz,0.5291959219454955,results/nl100_m50_w50/combined_nl100_m50_w50.npz,0.969920448623069,0.9840244952329028
nl100_m50_w50,d12_nl100_m50_w50_n600_p12_ds415_lmin1of100_lseed415_lN1000_lpnsseed1000,d12_nl100_m50_w50_n600_p12_ds415,lmin1of100_lseed415_lN1000_lpnsseed1000,1060,2060,200,100,-181.78862778087475,26.28186437620471,0.5120668412150843,0.5126584084573734,0.9988460791190976,results/bootstrap_runs/nl100_m50_w50/boot_method3_out/boot3_d12_nl100_m50_w50_n600_p12_ds415_lmin1of100_lseed415_lN1000_lpnsseed1000_nsseed1060_bootseed2060.npz,results/bootstrap_runs/nl100_m50_w50/ns_runs_out/ns_out_d12_nl100_m50_w50_n600_p12_ds415_lmin1of100_lseed415_lN1000_lpnsseed1000_nsseed1060.npz,0.5291959219454955,results/nl100_m50_w50/combined_nl100_m50_w50.npz,0.9676318731492881,0.9687497336953679
nl100_m50_w50,d12_nl100_m50_w50_n600_p12_ds415_lmin1of100_lseed415_lN1000_lpnsseed1000,d12_nl100_m50_w50_n600_p12_ds415,lmin1of100_lseed415_lN1000_lpnsseed1000,1061,2061,200,100,-181.28073283500834,25.963245957508917,0.5247247077811383,0.5095414208630042,1.0297979443799061,results/bootstrap_runs/nl100_m50_w50/boot_method3_out/boot3_d12_nl100_m50_w50_n600_p12_ds415_lmin1of100_lseed415_lN1000_lpnsseed1000_nsseed1061_bootseed2061.npz,results/bootstrap_runs/nl100_m50_w50/ns_runs_out/ns_out_d12_nl100_m50_w50_n600_p12_ds415_lmin1of100_lseed415_lN1000_lpnsseed1000_nsseed1061.npz,0.5291959219454955,results/nl100_m50_w50/combined_nl100_m50_w50.npz,0.991550928533388,0.9628596890727447
nl100_m50_w50,d12_nl100_m50_w50_n600_p12_ds415_lmin1of100_lseed415_lN1000_lpnsseed1000,d12_nl100_m50_w50_n600_p12_ds415,lmin1of100_lseed415_lN1000_lpnsseed1000,1062,2062,200,100,-181.22019502605085,25.954123451133555,0.47986812378699495,0.5094518961701248,0.9419301947729904,results/bootstrap_runs/nl100_m50_w50/boot_method3_out/boot3_d12_nl100_m50_w50_n600_p12_ds415_lmin1of100_lseed415_lN1000_lpnsseed1000_nsseed1062_bootseed2062.npz,results/bootstrap_runs/nl100_m50_w50/ns_runs_out/ns_out_d12_nl100_m50_w50_n600_p12_ds415_lmin1of100_lseed415_lN1000_lpnsseed1000_nsseed1062.npz,0.5291959219454955,results/nl100_m50_w50/combined_nl100_m50_w50.npz,0.9067872670349469,0.9626905179034916
nl100_m50_w50,d12_nl100_m50_w50_n600_p12_ds415_lmin1of100_lseed415_lN1000_lpnsseed1000,d12_nl100_m50_w50_n600_p12_ds415,lmin1of100_lseed415_lN1000_lpnsseed1000,1063,2063,200,100,-181.97754307285672,26.72549396765844,0.5087595884934089,0.5169670585990798,0.9841238044684855,results/bootstrap_runs/nl100_m50_w50/boot_method3_out/boot3_d12_nl100_m50_w50_n600_p12_ds415_lmin1of100_lseed415_lN1000_lpnsseed1000_nsseed1063_bootseed2063.npz,results/bootstrap_runs/nl100_m50_w50/ns_runs_out/ns_out_d12_nl100_m50_w50_n600_p12_ds415_lmin1of100_lseed415_lN1000_lpnsseed1000_nsseed1063.npz,0.5291959219454955,results/nl100_m50_w50/combined_nl100_m50_w50.npz,0.9613822922577406,0.9768916145433274
nl100_m50_w50,d12_nl100_m50_w50_n600_p12_ds415_lmin1of100_lseed415_lN1000_lpnsseed1000,d12_nl100_m50_w50_n600_p12_ds415,lmin1of100_lseed415_lN1000_lpnsseed1000,1064,2064,200,100,-181.78072118812784,26.584449761083242,0.5016609584177202,0.5156011031900847,0.9729633146901449,results/bootstrap_runs/nl100_m50_w50/boot_method3_out/boot3_d12_nl100_m50_w50_n600_p12_ds415_lmin1of100_lseed415_lN1000_lpnsseed1000_nsseed1064_bootseed2064.npz,results/bootstrap_runs/nl100_m50_w50/ns_runs_out/ns_out_d12_nl100_m50_w50_n600_p12_ds415_lmin1of100_lseed415_lN1000_lpnsseed1000_nsseed1064.npz,0.5291959219454955,results/nl100_m50_w50/combined_nl100_m50_w50.npz,0.9479682998566054,0.9743104241895292
nl100_m50_w50,d12_nl100_m50_w50_n600_p12_ds415_lmin1of100_lseed415_lN1000_lpnsseed1000,d12_nl100_m50_w50_n600_p12_ds415,lmin1of100_lseed415_lN1000_lpnsseed1000,1065,2065,200,100,-182.55410167101383,26.967796851673928,0.4921227262803776,0.5193052748786009,0.9476559358951673,results/bootstrap_runs/nl100_m50_w50/boot_method3_out/boot3_d12_nl100_m50_w50_n600_p12_ds415_lmin1of100_lseed415_lN1000_lpnsseed1000_nsseed1065_bootseed2065.npz,results/bootstrap_runs/nl100_m50_w50/ns_runs_out/ns_out_d12_nl100_m50_w50_n600_p12_ds415_lmin1of100_lseed415_lN1000_lpnsseed1000_nsseed1065.npz,0.5291959219454955,results/nl100_m50_w50/combined_nl100_m50_w50.npz,0.9299442907102822,0.9813100467015442
nl100_m50_w50,d12_nl100_m50_w50_n600_p12_ds415_lmin1of100_lseed415_lN1000_lpnsseed1000,d12_nl100_m50_w50_n600_p12_ds415,lmin1of100_lseed415_lN1000_lpnsseed1000,1066,2066,200,100,-182.00215402668925,26.26887530378729,0.485301590124311,0.5125317092998958,0.9468713473108222,results/bootstrap_runs/nl100_m50_w50/boot_method3_out/boot3_d12_nl100_m50_w50_n600_p12_ds415_lmin1of100_lseed415_lN1000_lpnsseed1000_nsseed1066_bootseed2066.npz,results/bootstrap_runs/nl100_m50_w50/ns_runs_out/ns_out_d12_nl100_m50_w50_n600_p12_ds415_lmin1of100_lseed415_lN1000_lpnsseed1000_nsseed1066.npz,0.5291959219454955,results/nl100_m50_w50/combined_nl100_m50_w50.npz,0.9170546672774523,0.9685103154530431
nl100_m50_w50,d12_nl100_m50_w50_n600_p12_ds415_lmin1of100_lseed415_lN1000_lpnsseed1000,d12_nl100_m50_w50_n600_p12_ds415,lmin1of100_lseed415_lN1000_lpnsseed1000,1067,2067,200,100,-181.57667934470734,26.05223176208285,0.5283827887016365,0.5104138689542326,1.0352046071636332,results/bootstrap_runs/nl100_m50_w50/boot_method3_out/boot3_d12_nl100_m50_w50_n600_p12_ds415_lmin1of100_lseed415_lN1000_lpnsseed1000_nsseed1067_bootseed2067.npz,results/bootstrap_runs/nl100_m50_w50/ns_runs_out/ns_out_d12_nl100_m50_w50_n600_p12_ds415_lmin1of100_lseed415_lN1000_lpnsseed1000_nsseed1067.npz,0.5291959219454955,results/nl100_m50_w50/combined_nl100_m50_w50.npz,0.9984634551965751,0.9645083187296418
nl100_m50_w50,d12_nl100_m50_w50_n600_p12_ds415_lmin1of100_lseed415_lN1000_lpnsseed1000,d12_nl100_m50_w50_n600_p12_ds415,lmin1of100_lseed415_lN1000_lpnsseed1000,1068,2068,200,100,-181.91419738440933,26.316169522248465,0.5681998325492608,0.5129928802843999,1.1076173849318425,results/bootstrap_runs/nl100_m50_w50/boot_method3_out/boot3_d12_nl100_m50_w50_n600_p12_ds415_lmin1of100_lseed415_lN1000_lpnsseed1000_nsseed1068_bootseed2068.npz,results/bootstrap_runs/nl100_m50_w50/ns_runs_out/ns_out_d12_nl100_m50_w50_n600_p12_ds415_lmin1of100_lseed415_lN1000_lpnsseed1000_nsseed1068.npz,0.5291959219454955,results/nl100_m50_w50/combined_nl100_m50_w50.npz,1.0737041027458682,0.9693817714967872
nl100_m50_w50,d12_nl100_m50_w50_n600_p12_ds415_lmin1of100_lseed415_lN1000_lpnsseed1000,d12_nl100_m50_w50_n600_p12_ds415,lmin1of100_lseed415_lN1000_lpnsseed1000,1069,2069,200,100,-181.30250550796606,25.64323095783268,0.47878214187581614,0.5063914588323215,0.9454783123313945,results/bootstrap_runs/nl100_m50_w50/boot_method3_out/boot3_d12_nl100_m50_w50_n600_p12_ds415_lmin1of100_lseed415_lN1000_lpnsseed1000_nsseed1069_bootseed2069.npz,results/bootstrap_runs/nl100_m50_w50/ns_runs_out/ns_out_d12_nl100_m50_w50_n600_p12_ds415_lmin1of100_lseed415_lN1000_lpnsseed1000_nsseed1069.npz,0.5291959219454955,results/nl100_m50_w50/combined_nl100_m50_w50.npz,0.9047351312074704,0.9569073339995944
nl100_m50_w50,d12_nl100_m50_w50_n600_p12_ds415_lmin1of100_lseed415_lN1000_lpnsseed1000,d12_nl100_m50_w50_n600_p12_ds415,lmin1of100_lseed415_lN1000_lpnsseed1000,1070,2070,200,100,-181.3752868963789,25.95658236939758,0.5474902943374176,0.5094760285763952,1.074614434495071,results/bootstrap_runs/nl100_m50_w50/boot_method3_out/boot3_d12_nl100_m50_w50_n600_p12_ds415_lmin1of100_lseed415_lN1000_lpnsseed1000_nsseed1070_bootseed2070.npz,results/bootstrap_runs/nl100_m50_w50/ns_runs_out/ns_out_d12_nl100_m50_w50_n600_p12_ds415_lmin1of100_lseed415_lN1000_lpnsseed1000_nsseed1070.npz,0.5291959219454955,results/nl100_m50_w50/combined_nl100_m50_w50.npz,1.0345701310861695,0.9627361199296405
nl100_m50_w50,d12_nl100_m50_w50_n600_p12_ds415_lmin1of100_lseed415_lN1000_lpnsseed1000,d12_nl100_m50_w50_n600_p12_ds415,lmin1of100_lseed415_lN1000_lpnsseed1000,1071,2071,200,100,-181.93981334526134,26.334705399777874,0.5052885336580009,0.513173512564492,0.9846348677134809,results/bootstrap_runs/nl100_m50_w50/boot_method3_out/boot3_d12_nl100_m50_w50_n600_p12_ds415_lmin1of100_lseed415_lN1000_lpnsseed1000_nsseed1071_bootseed2071.npz,results/bootstrap_runs/nl100_m50_w50/ns_runs_out/ns_out_d12_nl100_m50_w50_n600_p12_ds415_lmin1of100_lseed415_lN1000_lpnsseed1000_nsseed1071.npz,0.5291959219454955,results/nl100_m50_w50/combined_nl100_m50_w50.npz,0.9548231811772031,0.9697231049663044
nl100_m50_w50,d12_nl100_m50_w50_n600_p12_ds415_lmin1of100_lseed415_lN1000_lpnsseed1000,d12_nl100_m50_w50_n600_p12_ds415,lmin1of100_lseed415_lN1000_lpnsseed1000,1072,2072,200,100,-181.77807464685003,26.351751621461016,0.5571012253217699,0.5133395720325973,1.0852489378831556,results/bootstrap_runs/nl100_m50_w50/boot_method3_out/boot3_d12_nl100_m50_w50_n600_p12_ds415_lmin1of100_lseed415_lN1000_lpnsseed1000_nsseed1072_bootseed2072.npz,results/bootstrap_runs/nl100_m50_w50/ns_runs_out/ns_out_d12_nl100_m50_w50_n600_p12_ds415_lmin1of100_lseed415_lN1000_lpnsseed1000_nsseed1072.npz,0.5291959219454955,results/nl100_m50_w50/combined_nl100_m50_w50.npz,1.0527315162854722,0.9700369007859979
nl100_m50_w50,d12_nl100_m50_w50_n600_p12_ds415_lmin1of100_lseed415_lN1000_lpnsseed1000,d12_nl100_m50_w50_n600_p12_ds415,lmin1of100_lseed415_lN1000_lpnsseed1000,1073,2073,200,100,-181.30417531896748,25.66507635303673,0.5000808184452356,0.5066071096326692,0.9871176478510818,results/bootstrap_runs/nl100_m50_w50/boot_method3_out/boot3_d12_nl100_m50_w50_n600_p12_ds415_lmin1of100_lseed415_lN1000_lpnsseed1000_nsseed1073_bootseed2073.npz,results/bootstrap_runs/nl100_m50_w50/ns_runs_out/ns_out_d12_nl100_m50_w50_n600_p12_ds415_lmin1of100_lseed415_lN1000_lpnsseed1000_nsseed1073.npz,0.5291959219454955,results/nl100_m50_w50/combined_nl100_m50_w50.npz,0.9449823736486416,0.9573148405418876
nl100_m50_w50,d12_nl100_m50_w50_n600_p12_ds415_lmin1of100_lseed415_lN1000_lpnsseed1000,d12_nl100_m50_w50_n600_p12_ds415,lmin1of100_lseed415_lN1000_lpnsseed1000,1074,2074,200,100,-182.6081987056462,27.040778732227984,0.5024007849360971,0.5200074877559744,0.9661414436629426,results/bootstrap_runs/nl100_m50_w50/boot_method3_out/boot3_d12_nl100_m50_w50_n600_p12_ds415_lmin1of100_lseed415_lN1000_lpnsseed1000_nsseed1074_bootseed2074.npz,results/bootstrap_runs/nl100_m50_w50/ns_runs_out/ns_out_d12_nl100_m50_w50_n600_p12_ds415_lmin1of100_lseed415_lN1000_lpnsseed1000_nsseed1074.npz,0.5291959219454955,results/nl100_m50_w50/combined_nl100_m50_w50.npz,0.9493663199238369,0.9826369898019217
nl100_m50_w50,d12_nl100_m50_w50_n600_p12_ds415_lmin1of100_lseed415_lN1000_lpnsseed1000,d12_nl100_m50_w50_n600_p12_ds415,lmin1of100_lseed415_lN1000_lpnsseed1000,1075,2075,200,100,-181.4150509824179,25.975099152246255,0.48914272221383437,0.5096577199674921,0.9597474992530943,results/bootstrap_runs/nl100_m50_w50/boot_method3_out/boot3_d12_nl100_m50_w50_n600_p12_ds415_lmin1of100_lseed415_lN1000_lpnsseed1000_nsseed1075_bootseed2075.npz,results/bootstrap_runs/nl100_m50_w50/ns_runs_out/ns_out_d12_nl100_m50_w50_n600_p12_ds415_lmin1of100_lseed415_lN1000_lpnsseed1000_nsseed1075.npz,0.5291959219454955,results/nl100_m50_w50/combined_nl100_m50_w50.npz,0.9243130982861459,0.963079454758127
nl100_m50_w50,d12_nl100_m50_w50_n600_p12_ds415_lmin1of100_lseed415_lN1000_lpnsseed1000,d12_nl100_m50_w50_n600_p12_ds415,lmin1of100_lseed415_lN1000_lpnsseed1000,1076,2076,200,100,-181.4021589700972,25.890176086452552,0.5567196330382836,0.5088238996593276,1.094130274562621,results/bootstrap_runs/nl100_m50_w50/boot_method3_out/boot3_d12_nl100_m50_w50_n600_p12_ds415_lmin1of100_lseed415_lN1000_lpnsseed1000_nsseed1076_bootseed2076.npz,results/bootstrap_runs/nl100_m50_w50/ns_runs_out/ns_out_d12_nl100_m50_w50_n600_p12_ds415_lmin1of100_lseed415_lN1000_lpnsseed1000_nsseed1076.npz,0.5291959219454955,results/nl100_m50_w50/combined_nl100_m50_w50.npz,1.0520104368748764,0.9615038184510687
nl100_m50_w50,d12_nl100_m50_w50_n600_p12_ds415_lmin1of100_lseed415_lN1000_lpnsseed1000,d12_nl100_m50_w50_n600_p12_ds415,lmin1of100_lseed415_lN1000_lpnsseed1000,1077,2077,200,100,-181.62959804496742,25.994499445601164,0.526997741497013,0.509848011132741,1.0336369466778343,results/bootstrap_runs/nl100_m50_w50/boot_method3_out/boot3_d12_nl100_m50_w50_n600_p12_ds415_lmin1of100_lseed415_lN1000_lpnsseed1000_nsseed1077_bootseed2077.npz,results/bootstrap_runs/nl100_m50_w50/ns_runs_out/ns_out_d12_nl100_m50_w50_n600_p12_ds415_lmin1of100_lseed415_lN1000_lpnsseed1000_nsseed1077.npz,0.5291959219454955,results/nl100_m50_w50/combined_nl100_m50_w50.npz,0.9958461878534489,0.963439040229892
nl100_m50_w50,d12_nl100_m50_w50_n600_p12_ds415_lmin1of100_lseed415_lN1000_lpnsseed1000,d12_nl100_m50_w50_n600_p12_ds415,lmin1of100_lseed415_lN1000_lpnsseed1000,1078,2078,200,100,-182.09114426646045,26.30355057500243,0.5034670258903557,0.5128698721410961,0.9816662144502932,results/bootstrap_runs/nl100_m50_w50/boot_method3_out/boot3_d12_nl100_m50_w50_n600_p12_ds415_lmin1of100_lseed415_lN1000_lpnsseed1000_nsseed1078_bootseed2078.npz,results/bootstrap_runs/nl100_m50_w50/ns_runs_out/ns_out_d12_nl100_m50_w50_n600_p12_ds415_lmin1of100_lseed415_lN1000_lpnsseed1000_nsseed1078.npz,0.5291959219454955,results/nl100_m50_w50/combined_nl100_m50_w50.npz,0.9513811520683078,0.9691493280137543
nl100_m50_w50,d12_nl100_m50_w50_n600_p12_ds415_lmin1of100_lseed415_lN1000_lpnsseed1000,d12_nl100_m50_w50_n600_p12_ds415,lmin1of100_lseed415_lN1000_lpnsseed1000,1079,2079,200,100,-182.73868866801052,26.853988447564472,0.4789584647012886,0.5182083408009222,0.92425850182386,results/bootstrap_runs/nl100_m50_w50/boot_method3_out/boot3_d12_nl100_m50_w50_n600_p12_ds415_lmin1of100_lseed415_lN1000_lpnsseed1000_nsseed1079_bootseed2079.npz,results/bootstrap_runs/nl100_m50_w50/ns_runs_out/ns_out_d12_nl100_m50_w50_n600_p12_ds415_lmin1of100_lseed415_lN1000_lpnsseed1000_nsseed1079.npz,0.5291959219454955,results/nl100_m50_w50/combined_nl100_m50_w50.npz,0.9050683212759507,0.9792372150106913
nl100_m50_w50,d12_nl100_m50_w50_n600_p12_ds415_lmin1of100_lseed415_lN1000_lpnsseed1000,d12_nl100_m50_w50_n600_p12_ds415,lmin1of100_lseed415_lN1000_lpnsseed1000,1080,2080,200,100,-181.98742688394833,26.310589483250702,0.5165077913926887,0.512938490301232,1.006958536274711,results/bootstrap_runs/nl100_m50_w50/boot_method3_out/boot3_d12_nl100_m50_w50_n600_p12_ds415_lmin1of100_lseed415_lN1000_lpnsseed1000_nsseed1080_bootseed2080.npz,results/bootstrap_runs/nl100_m50_w50/ns_runs_out/ns_out_d12_nl100_m50_w50_n600_p12_ds415_lmin1of100_lseed415_lN1000_lpnsseed1000_nsseed1080.npz,0.5291959219454955,results/nl100_m50_w50/combined_nl100_m50_w50.npz,0.9760237559916162,0.9692789929587969
nl100_m50_w50,d12_nl100_m50_w50_n600_p12_ds415_lmin1of100_lseed415_lN1000_lpnsseed1000,d12_nl100_m50_w50_n600_p12_ds415,lmin1of100_lseed415_lN1000_lpnsseed1000,1081,2081,200,100,-181.97051349708775,26.441969113850877,0.4948360004050538,0.5142175523438585,0.962308653505775,results/bootstrap_runs/nl100_m50_w50/boot_method3_out/boot3_d12_nl100_m50_w50_n600_p12_ds415_lmin1of100_lseed415_lN1000_lpnsseed1000_nsseed1081_bootseed2081.npz,results/bootstrap_runs/nl100_m50_w50/ns_runs_out/ns_out_d12_nl100_m50_w50_n600_p12_ds415_lmin1of100_lseed415_lN1000_lpnsseed1000_nsseed1081.npz,0.5291959219454955,results/nl100_m50_w50/combined_nl100_m50_w50.npz,0.9350714544168756,0.9716959844539775
nl100_m50_w50,d12_nl100_m50_w50_n600_p12_ds415_lmin1of100_lseed415_lN1000_lpnsseed1000,d12_nl100_m50_w50_n600_p12_ds415,lmin1of100_lseed415_lN1000_lpnsseed1000,1082,2082,200,100,-182.33350337478748,26.4400497278931,0.5349605647421635,0.5141988888347884,1.0403767420704129,results/bootstrap_runs/nl100_m50_w50/boot_method3_out/boot3_d12_nl100_m50_w50_n600_p12_ds415_lmin1of100_lseed415_lN1000_lpnsseed1000_nsseed1082_bootseed2082.npz,results/bootstrap_runs/nl100_m50_w50/ns_runs_out/ns_out_d12_nl100_m50_w50_n600_p12_ds415_lmin1of100_lseed415_lN1000_lpnsseed1000_nsseed1082.npz,0.5291959219454955,results/nl100_m50_w50/combined_nl100_m50_w50.npz,1.010893210921723,0.9716607167803313
nl100_m50_w50,d12_nl100_m50_w50_n600_p12_ds415_lmin1of100_lseed415_lN1000_lpnsseed1000,d12_nl100_m50_w50_n600_p12_ds415,lmin1of100_lseed415_lN1000_lpnsseed1000,1083,2083,200,100,-181.57755973671254,26.327413726951747,0.5083956126400777,0.513102462739673,0.9908266858154151,results/bootstrap_runs/nl100_m50_w50/boot_method3_out/boot3_d12_nl100_m50_w50_n600_p12_ds415_lmin1of100_lseed415_lN1000_lpnsseed1000_nsseed1083_bootseed2083.npz,results/bootstrap_runs/nl100_m50_w50/ns_runs_out/ns_out_d12_nl100_m50_w50_n600_p12_ds415_lmin1of100_lseed415_lN1000_lpnsseed1000_nsseed1083.npz,0.5291959219454955,results/nl100_m50_w50/combined_nl100_m50_w50.npz,0.9606945018983724,0.9695888450034578
nl100_m50_w50,d12_nl100_m50_w50_n600_p12_ds415_lmin1of100_lseed415_lN1000_lpnsseed1000,d12_nl100_m50_w50_n600_p12_ds415,lmin1of100_lseed415_lN1000_lpnsseed1000,1084,2084,200,100,-181.4626320467268,25.712296687646756,0.4747360850030263,0.5070729403906972,0.9362283947497662,results/bootstrap_runs/nl100_m50_w50/boot_method3_out/boot3_d12_nl100_m50_w50_n600_p12_ds415_lmin1of100_lseed415_lN1000_lpnsseed1000_nsseed1084_bootseed2084.npz,results/bootstrap_runs/nl100_m50_w50/ns_runs_out/ns_out_d12_nl100_m50_w50_n600_p12_ds415_lmin1of100_lseed415_lN1000_lpnsseed1000_nsseed1084.npz,0.5291959219454955,results/nl100_m50_w50/combined_nl100_m50_w50.npz,0.8970894621745058,0.9581951019700472
nl100_m50_w50,d12_nl100_m50_w50_n600_p12_ds415_lmin1of100_lseed415_lN1000_lpnsseed1000,d12_nl100_m50_w50_n600_p12_ds415,lmin1of100_lseed415_lN1000_lpnsseed1000,1085,2085,200,100,-182.32482802150082,26.493331703574714,0.521268215193377,0.5147167347539297,1.0127283221956624,results/bootstrap_runs/nl100_m50_w50/boot_method3_out/boot3_d12_nl100_m50_w50_n600_p12_ds415_lmin1of100_lseed415_lN1000_lpnsseed1000_nsseed1085_bootseed2085.npz,results/bootstrap_runs/nl100_m50_w50/ns_runs_out/ns_out_d12_nl100_m50_w50_n600_p12_ds415_lmin1of100_lseed415_lN1000_lpnsseed1000_nsseed1085.npz,0.5291959219454955,results/nl100_m50_w50/combined_nl100_m50_w50.npz,0.9850193351396705,0.9726392691418791
nl100_m50_w50,d12_nl100_m50_w50_n600_p12_ds415_lmin1of100_lseed415_lN1000_lpnsseed1000,d12_nl100_m50_w50_n600_p12_ds415,lmin1of100_lseed415_lN1000_lpnsseed1000,1086,2086,200,100,-181.8173568674842,26.46329020479968,0.5679706368001011,0.5144248264304482,1.1040886979370783,results/bootstrap_runs/nl100_m50_w50/boot_method3_out/boot3_d12_nl100_m50_w50_n600_p12_ds415_lmin1of100_lseed415_lN1000_lpnsseed1000_nsseed1086_bootseed2086.npz,results/bootstrap_runs/nl100_m50_w50/ns_runs_out/ns_out_d12_nl100_m50_w50_n600_p12_ds415_lmin1of100_lseed415_lN1000_lpnsseed1000_nsseed1086.npz,0.5291959219454955,results/nl100_m50_w50/combined_nl100_m50_w50.npz,1.0732710008649673,0.9720876618611421
nl100_m50_w50,d12_nl100_m50_w50_n600_p12_ds415_lmin1of100_lseed415_lN1000_lpnsseed1000,d12_nl100_m50_w50_n600_p12_ds415,lmin1of100_lseed415_lN1000_lpnsseed1000,1087,2087,200,100,-181.7343808777156,26.536186831684542,0.5139635036167168,0.5151328647221467,0.9977299815532822,results/bootstrap_runs/nl100_m50_w50/boot_method3_out/boot3_d12_nl100_m50_w50_n600_p12_ds415_lmin1of100_lseed415_lN1000_lpnsseed1000_nsseed1087_bootseed2087.npz,results/bootstrap_runs/nl100_m50_w50/ns_runs_out/ns_out_d12_nl100_m50_w50_n600_p12_ds415_lmin1of100_lseed415_lN1000_lpnsseed1000_nsseed1087.npz,0.5291959219454955,results/nl100_m50_w50/combined_nl100_m50_w50.npz,0.9712159189118855,0.9734256130099257
nl100_m50_w50,d12_nl100_m50_w50_n600_p12_ds415_lmin1of100_lseed415_lN1000_lpnsseed1000,d12_nl100_m50_w50_n600_p12_ds415,lmin1of100_lseed415_lN1000_lpnsseed1000,1088,2088,200,100,-182.426894457349,26.556935138461192,0.5659861841579439,0.5153342132874664,1.0982895557183248,results/bootstrap_runs/nl100_m50_w50/boot_method3_out/boot3_d12_nl100_m50_w50_n600_p12_ds415_lmin1of100_lseed415_lN1000_lpnsseed1000_nsseed1088_bootseed2088.npz,results/bootstrap_runs/nl100_m50_w50/ns_runs_out/ns_out_d12_nl100_m50_w50_n600_p12_ds415_lmin1of100_lseed415_lN1000_lpnsseed1000_nsseed1088.npz,0.5291959219454955,results/nl100_m50_w50/combined_nl100_m50_w50.npz,1.0695210614571546,0.9738060932006639
nl100_m50_w50,d12_nl100_m50_w50_n600_p12_ds415_lmin1of100_lseed415_lN1000_lpnsseed1000,d12_nl100_m50_w50_n600_p12_ds415,lmin1of100_lseed415_lN1000_lpnsseed1000,1089,2089,200,100,-181.20524306267944,25.920046158177215,0.46753458507934664,0.5091173357702251,0.9183238366299795,results/bootstrap_runs/nl100_m50_w50/boot_method3_out/boot3_d12_nl100_m50_w50_n600_p12_ds415_lmin1of100_lseed415_lN1000_lpnsseed1000_nsseed1089_bootseed2089.npz,results/bootstrap_runs/nl100_m50_w50/ns_runs_out/ns_out_d12_nl100_m50_w50_n600_p12_ds415_lmin1of100_lseed415_lN1000_lpnsseed1000_nsseed1089.npz,0.5291959219454955,results/nl100_m50_w50/combined_nl100_m50_w50.npz,0.8834810808075357,0.962058312729518
nl100_m50_w50,d12_nl100_m50_w50_n600_p12_ds415_lmin1of100_lseed415_lN1000_lpnsseed1000,d12_nl100_m50_w50_n600_p12_ds415,lmin1of100_lseed415_lN1000_lpnsseed1000,1090,2090,200,100,-181.63645834691744,26.490825044108146,0.5039166439488336,0.5146923842851004,0.9790637268681678,results/bootstrap_runs/nl100_m50_w50/boot_method3_out/boot3_d12_nl100_m50_w50_n600_p12_ds415_lmin1of100_lseed415_lN1000_lpnsseed1000_nsseed1090_bootseed2090.npz,results/bootstrap_runs/nl100_m50_w50/ns_runs_out/ns_out_d12_nl100_m50_w50_n600_p12_ds415_lmin1of100_lseed415_lN1000_lpnsseed1000_nsseed1090.npz,0.5291959219454955,results/nl100_m50_w50/combined_nl100_m50_w50.npz,0.9522307770178443,0.9725932550517863
nl100_m50_w50,d12_nl100_m50_w50_n600_p12_ds415_lmin1of100_lseed415_lN1000_lpnsseed1000,d12_nl100_m50_w50_n600_p12_ds415,lmin1of100_lseed415_lN1000_lpnsseed1000,1091,2091,200,100,-181.13731817946578,25.69739967484228,0.5195862533909582,0.5069260268998059,1.024974504798221,results/bootstrap_runs/nl100_m50_w50/boot_method3_out/boot3_d12_nl100_m50_w50_n600_p12_ds415_lmin1of100_lseed415_lN1000_lpnsseed1000_nsseed1091_bootseed2091.npz,results/bootstrap_runs/nl100_m50_w50/ns_runs_out/ns_out_d12_nl100_m50_w50_n600_p12_ds415_lmin1of100_lseed415_lN1000_lpnsseed1000_nsseed1091.npz,0.5291959219454955,results/nl100_m50_w50/combined_nl100_m50_w50.npz,0.9818410003629487,0.9579174855244194
nl100_m50_w50,d12_nl100_m50_w50_n600_p12_ds415_lmin1of100_lseed415_lN1000_lpnsseed1000,d12_nl100_m50_w50_n600_p12_ds415,lmin1of100_lseed415_lN1000_lpnsseed1000,1092,2092,200,100,-182.73476336631478,27.593419263952065,0.5365695390468946,0.5252943866438329,1.0214644448708086,results/bootstrap_runs/nl100_m50_w50/boot_method3_out/boot3_d12_nl100_m50_w50_n600_p12_ds415_lmin1of100_lseed415_lN1000_lpnsseed1000_nsseed1092_bootseed2092.npz,results/bootstrap_runs/nl100_m50_w50/ns_runs_out/ns_out_d12_nl100_m50_w50_n600_p12_ds415_lmin1of100_lseed415_lN1000_lpnsseed1000_nsseed1092.npz,0.5291959219454955,results/nl100_m50_w50/combined_nl100_m50_w50.npz,1.013933624194025,0.9926274274992156
nl100_m50_w50,d12_nl100_m50_w50_n600_p12_ds415_lmin1of100_lseed415_lN1000_lpnsseed1000,d12_nl100_m50_w50_n600_p12_ds415,lmin1of100_lseed415_lN1000_lpnsseed1000,1093,2093,200,100,-181.84747508124252,26.409818171737715,0.46431465748647266,0.5139048372192824,0.9035031855291729,results/bootstrap_runs/nl100_m50_w50/boot_method3_out/boot3_d12_nl100_m50_w50_n600_p12_ds415_lmin1of100_lseed415_lN1000_lpnsseed1000_nsseed1093_bootseed2093.npz,results/bootstrap_runs/nl100_m50_w50/ns_runs_out/ns_out_d12_nl100_m50_w50_n600_p12_ds415_lmin1of100_lseed415_lN1000_lpnsseed1000_nsseed1093.npz,0.5291959219454955,results/nl100_m50_w50/combined_nl100_m50_w50.npz,0.8773965146585063,0.971105059407869
nl100_m50_w50,d12_nl100_m50_w50_n600_p12_ds415_lmin1of100_lseed415_lN1000_lpnsseed1000,d12_nl100_m50_w50_n600_p12_ds415,lmin1of100_lseed415_lN1000_lpnsseed1000,1094,2094,200,100,-181.75310887082642,26.752819136580705,0.5569475371550451,0.5172312745434164,1.0767862744701353,results/bootstrap_runs/nl100_m50_w50/boot_method3_out/boot3_d12_nl100_m50_w50_n600_p12_ds415_lmin1of100_lseed415_lN1000_lpnsseed1000_nsseed1094_bootseed2094.npz,results/bootstrap_runs/nl100_m50_w50/ns_runs_out/ns_out_d12_nl100_m50_w50_n600_p12_ds415_lmin1of100_lseed415_lN1000_lpnsseed1000_nsseed1094.npz,0.5291959219454955,results/nl100_m50_w50/combined_nl100_m50_w50.npz,1.0524410980105925,0.977390892662035
nl100_m50_w50,d12_nl100_m50_w50_n600_p12_ds415_lmin1of100_lseed415_lN1000_lpnsseed1000,d12_nl100_m50_w50_n600_p12_ds415,lmin1of100_lseed415_lN1000_lpnsseed1000,1095,2095,200,100,-181.10319881372396,25.61464294621251,0.5244999766562601,0.506109108258412,1.0363377542465764,results/bootstrap_runs/nl100_m50_w50/boot_method3_out/boot3_d12_nl100_m50_w50_n600_p12_ds415_lmin1of100_lseed415_lN1000_lpnsseed1000_nsseed1095_bootseed2095.npz,results/bootstrap_runs/nl100_m50_w50/ns_runs_out/ns_out_d12_nl100_m50_w50_n600_p12_ds415_lmin1of100_lseed415_lN1000_lpnsseed1000_nsseed1095.npz,0.5291959219454955,results/nl100_m50_w50/combined_nl100_m50_w50.npz,0.9911262632713201,0.9563737876093058
nl100_m50_w50,d12_nl100_m50_w50_n600_p12_ds415_lmin1of100_lseed415_lN1000_lpnsseed1000,d12_nl100_m50_w50_n600_p12_ds415,lmin1of100_lseed415_lN1000_lpnsseed1000,1096,2096,200,100,-180.98596534181794,25.558954978323566,0.5008955338108294,0.5055586511802915,0.9907763078357467,results/bootstrap_runs/nl100_m50_w50/boot_method3_out/boot3_d12_nl100_m50_w50_n600_p12_ds415_lmin1of100_lseed415_lN1000_lpnsseed1000_nsseed1096_bootseed2096.npz,results/bootstrap_runs/nl100_m50_w50/ns_runs_out/ns_out_d12_nl100_m50_w50_n600_p12_ds415_lmin1of100_lseed415_lN1000_lpnsseed1000_nsseed1096.npz,0.5291959219454955,results/nl100_m50_w50/combined_nl100_m50_w50.npz,0.9465219081231301,0.9553336112676272
nl100_m50_w50,d12_nl100_m50_w50_n600_p12_ds415_lmin1of100_lseed415_lN1000_lpnsseed1000,d12_nl100_m50_w50_n600_p12_ds415,lmin1of100_lseed415_lN1000_lpnsseed1000,1097,2097,200,100,-181.17231844271248,25.824343622390295,0.498265239531365,0.5081765797672133,0.9804962671825834,results/bootstrap_runs/nl100_m50_w50/boot_method3_out/boot3_d12_nl100_m50_w50_n600_p12_ds415_lmin1of100_lseed415_lN1000_lpnsseed1000_nsseed1097_bootseed2097.npz,results/bootstrap_runs/nl100_m50_w50/ns_runs_out/ns_out_d12_nl100_m50_w50_n600_p12_ds415_lmin1of100_lseed415_lN1000_lpnsseed1000_nsseed1097.npz,0.5291959219454955,results/nl100_m50_w50/combined_nl100_m50_w50.npz,0.9415515480534709,0.9602806043912654
nl100_m50_w50,d12_nl100_m50_w50_n600_p12_ds415_lmin1of100_lseed415_lN1000_lpnsseed1000,d12_nl100_m50_w50_n600_p12_ds415,lmin1of100_lseed415_lN1000_lpnsseed1000,1098,2098,200,100,-181.6384867061112,26.232398137984685,0.5039352063439806,0.5121757329079999,0.9839107438432669,results/bootstrap_runs/nl100_m50_w50/boot_method3_out/boot3_d12_nl100_m50_w50_n600_p12_ds415_lmin1of100_lseed415_lN1000_lpnsseed1000_nsseed1098_bootseed2098.npz,results/bootstrap_runs/nl100_m50_w50/ns_runs_out/ns_out_d12_nl100_m50_w50_n600_p12_ds415_lmin1of100_lseed415_lN1000_lpnsseed1000_nsseed1098.npz,0.5291959219454955,results/nl100_m50_w50/combined_nl100_m50_w50.npz,0.9522658536206244,0.96783764135044
nl100_m50_w50,d12_nl100_m50_w50_n600_p12_ds415_lmin1of100_lseed415_lN1000_lpnsseed1000,d12_nl100_m50_w50_n600_p12_ds415,lmin1of100_lseed415_lN1000_lpnsseed1000,1099,2099,200,100,-181.21094609471032,25.69598313306118,0.483349288890261,0.5069120548286574,0.9535170534731889,results/bootstrap_runs/nl100_m50_w50/boot_method3_out/boot3_d12_nl100_m50_w50_n600_p12_ds415_lmin1of100_lseed415_lN1000_lpnsseed1000_nsseed1099_bootseed2099.npz,results/bootstrap_runs/nl100_m50_w50/ns_runs_out/ns_out_d12_nl100_m50_w50_n600_p12_ds415_lmin1of100_lseed415_lN1000_lpnsseed1000_nsseed1099.npz,0.5291959219454955,results/nl100_m50_w50/combined_nl100_m50_w50.npz,0.9133654830772554,0.9578910830701126
nl100_m50_w50,d12_nl100_m50_w50_n600_p12_ds415_lmin1of100_lseed415_lN1000_lpnsseed1000,d12_nl100_m50_w50_n600_p12_ds415,lmin1of100_lseed415_lN1000_lpnsseed1000,1100,2100,200,100,-181.8892938566798,26.178659414247367,0.5391974564498108,0.5116508517949263,1.0538386764299288,results/bootstrap_runs/nl100_m50_w50/boot_method3_out/boot3_d12_nl100_m50_w50_n600_p12_ds415_lmin1of100_lseed415_lN1000_lpnsseed1000_nsseed1100_bootseed2100.npz,results/bootstrap_runs/nl100_m50_w50/ns_runs_out/ns_out_d12_nl100_m50_w50_n600_p12_ds415_lmin1of100_lseed415_lN1000_lpnsseed1000_nsseed1100.npz,0.5291959219454955,results/nl100_m50_w50/combined_nl100_m50_w50.npz,1.0188994927767894,0.9668457948691899
nl100_m50_w50,d12_nl100_m50_w50_n600_p12_ds415_lmin1of100_lseed415_lN1000_lpnsseed1000,d12_nl100_m50_w50_n600_p12_ds415,lmin1of100_lseed415_lN1000_lpnsseed1000,1101,2101,200,100,-182.00001224306047,26.36007709153439,0.49048060547418265,0.5134206568841421,0.9553191888515384,results/bootstrap_runs/nl100_m50_w50/boot_method3_out/boot3_d12_nl100_m50_w50_n600_p12_ds415_lmin1of100_lseed415_lN1000_lpnsseed1000_nsseed1101_bootseed2101.npz,results/bootstrap_runs/nl100_m50_w50/ns_runs_out/ns_out_d12_nl100_m50_w50_n600_p12_ds415_lmin1of100_lseed415_lN1000_lpnsseed1000_nsseed1101.npz,0.5291959219454955,results/nl100_m50_w50/combined_nl100_m50_w50.npz,0.9268412418429401,0.9701901235305094
nl100_m50_w50,d12_nl100_m50_w50_n600_p12_ds415_lmin1of100_lseed415_lN1000_lpnsseed1000,d12_nl100_m50_w50_n600_p12_ds415,lmin1of100_lseed415_lN1000_lpnsseed1000,1102,2102,200,100,-181.3800715104005,25.749093283682328,0.517219142558133,0.5074356440346138,1.0192802745304423,results/bootstrap_runs/nl100_m50_w50/boot_method3_out/boot3_d12_nl100_m50_w50_n600_p12_ds415_lmin1of100_lseed415_lN1000_lpnsseed1000_nsseed1102_bootseed2102.npz,results/bootstrap_runs/nl100_m50_w50/ns_runs_out/ns_out_d12_nl100_m50_w50_n600_p12_ds415_lmin1of100_lseed415_lN1000_lpnsseed1000_nsseed1102.npz,0.5291959219454955,results/nl100_m50_w50/combined_nl100_m50_w50.npz,0.9773679673431118,0.9588804882870529
nl100_m50_w50,d12_nl100_m50_w50_n600_p12_ds415_lmin1of100_lseed415_lN1000_lpnsseed1000,d12_nl100_m50_w50_n600_p12_ds415,lmin1of100_lseed415_lN1000_lpnsseed1000,1103,2103,200,100,-181.58366722524627,26.431936970476663,0.4953062098021475,0.5141199954337183,0.9634058472755971,results/bootstrap_runs/nl100_m50_w50/boot_method3_out/boot3_d12_nl100_m50_w50_n600_p12_ds415_lmin1of100_lseed415_lN1000_lpnsseed1000_nsseed1103_bootseed2103.npz,results/bootstrap_runs/nl100_m50_w50/ns_runs_out/ns_out_d12_nl100_m50_w50_n600_p12_ds415_lmin1of100_lseed415_lN1000_lpnsseed1000_nsseed1103.npz,0.5291959219454955,results/nl100_m50_w50/combined_nl100_m50_w50.npz,0.9359599899811049,0.9715116351306088
nl100_m50_w50,d12_nl100_m50_w50_n600_p12_ds415_lmin1of100_lseed415_lN1000_lpnsseed1000,d12_nl100_m50_w50_n600_p12_ds415,lmin1of100_lseed415_lN1000_lpnsseed1000,1104,2104,200,100,-181.4034052053516,26.041425863052243,0.5318335733901902,0.5103080036904403,1.042181524773434,results/bootstrap_runs/nl100_m50_w50/boot_method3_out/boot3_d12_nl100_m50_w50_n600_p12_ds415_lmin1of100_lseed415_lN1000_lpnsseed1000_nsseed1104_bootseed2104.npz,results/bootstrap_runs/nl100_m50_w50/ns_runs_out/ns_out_d12_nl100_m50_w50_n600_p12_ds415_lmin1of100_lseed415_lN1000_lpnsseed1000_nsseed1104.npz,0.5291959219454955,results/nl100_m50_w50/combined_nl100_m50_w50.npz,1.004984262605422,0.9643082694484547
nl100_m50_w50,d12_nl100_m50_w50_n600_p12_ds415_lmin1of100_lseed415_lN1000_lpnsseed1000,d12_nl100_m50_w50_n600_p12_ds415,lmin1of100_lseed415_lN1000_lpnsseed1000,1105,2105,200,100,-182.84201763823887,27.421317128496487,0.4869942288494706,0.5236536749464906,0.9299929555526063,results/bootstrap_runs/nl100_m50_w50/boot_method3_out/boot3_d12_nl100_m50_w50_n600_p12_ds415_lmin1of100_lseed415_lN1000_lpnsseed1000_nsseed1105_bootseed2105.npz,results/bootstrap_runs/nl100_m50_w50/ns_runs_out/ns_out_d12_nl100_m50_w50_n600_p12_ds415_lmin1of100_lseed415_lN1000_lpnsseed1000_nsseed1105.npz,0.5291959219454955,results/nl100_m50_w50/combined_nl100_m50_w50.npz,0.9202531778006191,0.989527041367534
nl100_m50_w50,d12_nl100_m50_w50_n600_p12_ds415_lmin1of100_lseed415_lN1000_lpnsseed1000,d12_nl100_m50_w50_n600_p12_ds415,lmin1of100_lseed415_lN1000_lpnsseed1000,1106,2106,200,100,-181.3837339809347,26.239193092108493,0.50106573594076,0.5122420628190201,0.9781815518687523,results/bootstrap_runs/nl100_m50_w50/boot_method3_out/boot3_d12_nl100_m50_w50_n600_p12_ds415_lmin1of100_lseed415_lN1000_lpnsseed1000_nsseed1106_bootseed2106.npz,results/bootstrap_runs/nl100_m50_w50/ns_runs_out/ns_out_d12_nl100_m50_w50_n600_p12_ds415_lmin1of100_lseed415_lN1000_lpnsseed1000_nsseed1106.npz,0.5291959219454955,results/nl100_m50_w50/combined_nl100_m50_w50.npz,0.9468435321623042,0.9679629822842407
nl100_m50_w50,d12_nl100_m50_w50_n600_p12_ds415_lmin1of100_lseed415_lN1000_lpnsseed1000,d12_nl100_m50_w50_n600_p12_ds415,lmin1of100_lseed415_lN1000_lpnsseed1000,1107,2107,200,100,-181.80827493677745,26.526950396178634,0.5327164642376078,0.5150432059175097,1.034314127663551,results/bootstrap_runs/nl100_m50_w50/boot_method3_out/boot3_d12_nl100_m50_w50_n600_p12_ds415_lmin1of100_lseed415_lN1000_lpnsseed1000_nsseed1107_bootseed2107.npz,results/bootstrap_runs/nl100_m50_w50/ns_runs_out/ns_out_d12_nl100_m50_w50_n600_p12_ds415_lmin1of100_lseed415_lN1000_lpnsseed1000_nsseed1107.npz,0.5291959219454955,results/nl100_m50_w50/combined_nl100_m50_w50.npz,1.00665262551376,0.9732561884151416
nl100_m50_w50,d12_nl100_m50_w50_n600_p12_ds415_lmin1of100_lseed415_lN1000_lpnsseed1000,d12_nl100_m50_w50_n600_p12_ds415,lmin1of100_lseed415_lN1000_lpnsseed1000,1108,2108,200,100,-181.45292799882617,26.146559267087582,0.48360607205940037,0.5113370636584794,0.9457676871676948,results/bootstrap_runs/nl100_m50_w50/boot_method3_out/boot3_d12_nl100_m50_w50_n600_p12_ds415_lmin1of100_lseed415_lN1000_lpnsseed1000_nsseed1108_bootseed2108.npz,results/bootstrap_runs/nl100_m50_w50/ns_runs_out/ns_out_d12_nl100_m50_w50_n600_p12_ds415_lmin1of100_lseed415_lN1000_lpnsseed1000_nsseed1108.npz,0.5291959219454955,results/nl100_m50_w50/combined_nl100_m50_w50.npz,0.9138507157831224,0.9662528421962113
nl100_m50_w50,d12_nl100_m50_w50_n600_p12_ds415_lmin1of100_lseed415_lN1000_lpnsseed1000,d12_nl100_m50_w50_n600_p12_ds415,lmin1of100_lseed415_lN1000_lpnsseed1000,1109,2109,200,100,-181.62740090975225,25.883653653574086,0.47581593666821925,0.5087598023976942,0.9352467204086949,results/bootstrap_runs/nl100_m50_w50/boot_method3_out/boot3_d12_nl100_m50_w50_n600_p12_ds415_lmin1of100_lseed415_lN1000_lpnsseed1000_nsseed1109_bootseed2109.npz,results/bootstrap_runs/nl100_m50_w50/ns_runs_out/ns_out_d12_nl100_m50_w50_n600_p12_ds415_lmin1of100_lseed415_lN1000_lpnsseed1000_nsseed1109.npz,0.5291959219454955,results/nl100_m50_w50/combined_nl100_m50_w50.npz,0.8991300139255909,0.9613826964639647
nl100_m50_w50,d12_nl100_m50_w50_n600_p12_ds415_lmin1of100_lseed415_lN1000_lpnsseed1000,d12_nl100_m50_w50_n600_p12_ds415,lmin1of100_lseed415_lN1000_lpnsseed1000,1110,2110,200,100,-182.10707518398,26.44578322552608,0.4985634944251547,0.5142546375632024,0.9694876001266604,results/bootstrap_runs/nl100_m50_w50/boot_method3_out/boot3_d12_nl100_m50_w50_n600_p12_ds415_lmin1of100_lseed415_lN1000_lpnsseed1000_nsseed1110_bootseed2110.npz,results/bootstrap_runs/nl100_m50_w50/ns_runs_out/ns_out_d12_nl100_m50_w50_n600_p12_ds415_lmin1of100_lseed415_lN1000_lpnsseed1000_nsseed1110.npz,0.5291959219454955,results/nl100_m50_w50/combined_nl100_m50_w50.npz,0.9421151481898687,0.9717660628839239
nl100_m50_w50,d12_nl100_m50_w50_n600_p12_ds415_lmin1of100_lseed415_lN1000_lpnsseed1000,d12_nl100_m50_w50_n600_p12_ds415,lmin1of100_lseed415_lN1000_lpnsseed1000,1111,2111,200,100,-180.54363288255536,25.765052043709712,0.48990762916325753,0.507592868780775,0.9651586129253609,results/bootstrap_runs/nl100_m50_w50/boot_method3_out/boot3_d12_nl100_m50_w50_n600_p12_ds415_lmin1of100_lseed415_lN1000_lpnsseed1000_nsseed1111_bootseed2111.npz,results/bootstrap_runs/nl100_m50_w50/ns_runs_out/ns_out_d12_nl100_m50_w50_n600_p12_ds415_lmin1of100_lseed415_lN1000_lpnsseed1000_nsseed1111.npz,0.5291959219454955,results/nl100_m50_w50/combined_nl100_m50_w50.npz,0.9257585118233688,0.9591775894921853
nl100_m50_w50,d12_nl100_m50_w50_n600_p12_ds415_lmin1of100_lseed415_lN1000_lpnsseed1000,d12_nl100_m50_w50_n600_p12_ds415,lmin1of100_lseed415_lN1000_lpnsseed1000,1112,2112,200,100,-181.77794693909652,26.158967149948705,0.5034119894631756,0.5114583770938619,0.984267756691353,results/bootstrap_runs/nl100_m50_w50/boot_method3_out/boot3_d12_nl100_m50_w50_n600_p12_ds415_lmin1of100_lseed415_lN1000_lpnsseed1000_nsseed1112_bootseed2112.npz,results/bootstrap_runs/nl100_m50_w50/ns_runs_out/ns_out_d12_nl100_m50_w50_n600_p12_ds415_lmin1of100_lseed415_lN1000_lpnsseed1000_nsseed1112.npz,0.5291959219454955,results/nl100_m50_w50/combined_nl100_m50_w50.npz,0.9512771519713723,0.9664820832586453
nl100_m50_w50,d12_nl100_m50_w50_n600_p12_ds415_lmin1of100_lseed415_lN1000_lpnsseed1000,d12_nl100_m50_w50_n600_p12_ds415,lmin1of100_lseed415_lN1000_lpnsseed1000,1113,2113,200,100,-181.18418037035008,26.012381216877824,0.5026985492150741,0.5100233447292175,0.9856383132461666,results/bootstrap_runs/nl100_m50_w50/boot_method3_out/boot3_d12_nl100_m50_w50_n600_p12_ds415_lmin1of100_lseed415_lN1000_lpnsseed1000_nsseed1113_bootseed2113.npz,results/bootstrap_runs/nl100_m50_w50/ns_runs_out/ns_out_d12_nl100_m50_w50_n600_p12_ds415_lmin1of100_lseed415_lN1000_lpnsseed1000_nsseed1113.npz,0.5291959219454955,results/nl100_m50_w50/combined_nl100_m50_w50.npz,0.949928992965387,0.9637703609925916
nl100_m50_w50,d12_nl100_m50_w50_n600_p12_ds415_lmin1of100_lseed415_lN1000_lpnsseed1000,d12_nl100_m50_w50_n600_p12_ds415,lmin1of100_lseed415_lN1000_lpnsseed1000,1114,2114,200,100,-182.37751445025515,26.940284023674046,0.49429530021972196,0.5190403069480639,0.9523254622095891,results/bootstrap_runs/nl100_m50_w50/boot_method3_out/boot3_d12_nl100_m50_w50_n600_p12_ds415_lmin1of100_lseed415_lN1000_lpnsseed1000_nsseed1114_bootseed2114.npz,results/bootstrap_runs/nl100_m50_w50/ns_runs_out/ns_out_d12_nl100_m50_w50_n600_p12_ds415_lmin1of100_lseed415_lN1000_lpnsseed1000_nsseed1114.npz,0.5291959219454955,results/nl100_m50_w50/combined_nl100_m50_w50.npz,0.9340497152784785,0.9808093475851132
nl100_m50_w50,d12_nl100_m50_w50_n600_p12_ds415_lmin1of100_lseed415_lN1000_lpnsseed1000,d12_nl100_m50_w50_n600_p12_ds415,lmin1of100_lseed415_lN1000_lpnsseed1000,1115,2115,200,100,-182.02325691443488,26.405475625268775,0.5012067163181202,0.5138625849900805,0.9753711030115091,results/bootstrap_runs/nl100_m50_w50/boot_method3_out/boot3_d12_nl100_m50_w50_n600_p12_ds415_lmin1of100_lseed415_lN1000_lpnsseed1000_nsseed1115_bootseed2115.npz,results/bootstrap_runs/nl100_m50_w50/ns_runs_out/ns_out_d12_nl100_m50_w50_n600_p12_ds415_lmin1of100_lseed415_lN1000_lpnsseed1000_nsseed1115.npz,0.5291959219454955,results/nl100_m50_w50/combined_nl100_m50_w50.npz,0.9471099370447189,0.9710252170896468
nl100_m50_w50,d12_nl100_m50_w50_n600_p12_ds415_lmin1of100_lseed415_lN1000_lpnsseed1000,d12_nl100_m50_w50_n600_p12_ds415,lmin1of100_lseed415_lN1000_lpnsseed1000,1116,2116,200,100,-181.35138250301935,26.09478217406888,0.4946503176064721,0.5108305215437786,0.9683256907038201,results/bootstrap_runs/nl100_m50_w50/boot_method3_out/boot3_d12_nl100_m50_w50_n600_p12_ds415_lmin1of100_lseed415_lN1000_lpnsseed1000_nsseed1116_bootseed2116.npz,results/bootstrap_runs/nl100_m50_w50/ns_runs_out/ns_out_d12_nl100_m50_w50_n600_p12_ds415_lmin1of100_lseed415_lN1000_lpnsseed1000_nsseed1116.npz,0.5291959219454955,results/nl100_m50_w50/combined_nl100_m50_w50.npz,0.9347205771880809,0.9652956501739475
nl100_m50_w50,d12_nl100_m50_w50_n600_p12_ds415_lmin1of100_lseed415_lN1000_lpnsseed1000,d12_nl100_m50_w50_n600_p12_ds415,lmin1of100_lseed415_lN1000_lpnsseed1000,1117,2117,200,100,-181.5504416660809,25.99360576843617,0.5300385192549777,0.5098392469047098,1.0396189043368078,results/bootstrap_runs/nl100_m50_w50/boot_method3_out/boot3_d12_nl100_m50_w50_n600_p12_ds415_lmin1of100_lseed415_lN1000_lpnsseed1000_nsseed1117_bootseed2117.npz,results/bootstrap_runs/nl100_m50_w50/ns_runs_out/ns_out_d12_nl100_m50_w50_n600_p12_ds415_lmin1of100_lseed415_lN1000_lpnsseed1000_nsseed1117.npz,0.5291959219454955,results/nl100_m50_w50/combined_nl100_m50_w50.npz,1.0015922218493003,0.9634224788248098
nl100_m50_w50,d12_nl100_m50_w50_n600_p12_ds415_lmin1of100_lseed415_lN1000_lpnsseed1000,d12_nl100_m50_w50_n600_p12_ds415,lmin1of100_lseed415_lN1000_lpnsseed1000,1118,2118,200,100,-182.2854208468226,27.024632964935922,0.5354659894458844,0.5198522190482207,1.030035017309824,results/bootstrap_runs/nl100_m50_w50/boot_method3_out/boot3_d12_nl100_m50_w50_n600_p12_ds415_lmin1of100_lseed415_lN1000_lpnsseed1000_nsseed1118_bootseed2118.npz,results/bootstrap_runs/nl100_m50_w50/ns_runs_out/ns_out_d12_nl100_m50_w50_n600_p12_ds415_lmin1of100_lseed415_lN1000_lpnsseed1000_nsseed1118.npz,0.5291959219454955,results/nl100_m50_w50/combined_nl100_m50_w50.npz,1.0118482914179272,0.9823435848429739
nl100_m50_w50,d12_nl100_m50_w50_n600_p12_ds415_lmin1of100_lseed415_lN1000_lpnsseed1000,d12_nl100_m50_w50_n600_p12_ds415,lmin1of100_lseed415_lN1000_lpnsseed1000,1119,2119,200,100,-181.79380832414225,26.137063193696644,0.5049755726769906,0.5112441999054527,0.987738487342015,results/bootstrap_runs/nl100_m50_w50/boot_method3_out/boot3_d12_nl100_m50_w50_n600_p12_ds415_lmin1of100_lseed415_lN1000_lpnsseed1000_nsseed1119_bootseed2119.npz,results/bootstrap_runs/nl100_m50_w50/ns_runs_out/ns_out_d12_nl100_m50_w50_n600_p12_ds415_lmin1of100_lseed415_lN1000_lpnsseed1000_nsseed1119.npz,0.5291959219454955,results/nl100_m50_w50/combined_nl100_m50_w50.npz,0.9542317915461951,0.9660773613408689
nl100_m50_w50,d12_nl100_m50_w50_n600_p12_ds415_lmin1of100_lseed415_lN1000_lpnsseed1000,d12_nl100_m50_w50_n600_p12_ds415,lmin1of100_lseed415_lN1000_lpnsseed1000,1120,2120,200,100,-181.86462943763811,26.65138790059622,0.5069203250504176,0.516249822281773,0.9819283284396692,results/bootstrap_runs/nl100_m50_w50/boot_method3_out/boot3_d12_nl100_m50_w50_n600_p12_ds415_lmin1of100_lseed415_lN1000_lpnsseed1000_nsseed1120_bootseed2120.npz,results/bootstrap_runs/nl100_m50_w50/ns_runs_out/ns_out_d12_nl100_m50_w50_n600_p12_ds415_lmin1of100_lseed415_lN1000_lpnsseed1000_nsseed1120.npz,0.5291959219454955,results/nl100_m50_w50/combined_nl100_m50_w50.npz,0.9579067109716463,0.9755362822598321
nl100_m50_w50,d12_nl100_m50_w50_n600_p12_ds415_lmin1of100_lseed415_lN1000_lpnsseed1000,d12_nl100_m50_w50_n600_p12_ds415,lmin1of100_lseed415_lN1000_lpnsseed1000,1121,2121,200,100,-181.3679142585857,25.859298437978598,0.4733598775516667,0.5085203873787029,0.9308572267706318,results/bootstrap_runs/nl100_m50_w50/boot_method3_out/boot3_d12_nl100_m50_w50_n600_p12_ds415_lmin1of100_lseed415_lN1000_lpnsseed1000_nsseed1121_bootseed2121.npz,results/bootstrap_runs/nl100_m50_w50/ns_runs_out/ns_out_d12_nl100_m50_w50_n600_p12_ds415_lmin1of100_lseed415_lN1000_lpnsseed1000_nsseed1121.npz,0.5291959219454955,results/nl100_m50_w50/combined_nl100_m50_w50.npz,0.8944888989534209,0.9609302836446988
nl100_m50_w50,d12_nl100_m50_w50_n600_p12_ds415_lmin1of100_lseed415_lN1000_lpnsseed1000,d12_nl100_m50_w50_n600_p12_ds415,lmin1of100_lseed415_lN1000_lpnsseed1000,1122,2122,200,100,-181.488251785891,25.83932590839414,0.46766485036554034,0.5083239705974344,0.9200133722120023,results/bootstrap_runs/nl100_m50_w50/boot_method3_out/boot3_d12_nl100_m50_w50_n600_p12_ds415_lmin1of100_lseed415_lN1000_lpnsseed1000_nsseed1122_bootseed2122.npz,results/bootstrap_runs/nl100_m50_w50/ns_runs_out/ns_out_d12_nl100_m50_w50_n600_p12_ds415_lmin1of100_lseed415_lN1000_lpnsseed1000_nsseed1122.npz,0.5291959219454955,results/nl100_m50_w50/combined_nl100_m50_w50.npz,0.8837272378181846,0.9605591228456013
nl100_m50_w50,d12_nl100_m50_w50_n600_p12_ds415_lmin1of100_lseed415_lN1000_lpnsseed1000,d12_nl100_m50_w50_n600_p12_ds415,lmin1of100_lseed415_lN1000_lpnsseed1000,1123,2123,200,100,-180.96222016659058,25.611296221541934,0.4849747418202077,0.5060760439058732,0.9583040882101302,results/bootstrap_runs/nl100_m50_w50/boot_method3_out/boot3_d12_nl100_m50_w50_n600_p12_ds415_lmin1of100_lseed415_lN1000_lpnsseed1000_nsseed1123_bootseed2123.npz,results/bootstrap_runs/nl100_m50_w50/ns_runs_out/ns_out_d12_nl100_m50_w50_n600_p12_ds415_lmin1of100_lseed415_lN1000_lpnsseed1000_nsseed1123.npz,0.5291959219454955,results/nl100_m50_w50/combined_nl100_m50_w50.npz,0.9164370353370895,0.9563113072477466
nl100_m50_w50,d12_nl100_m50_w50_n600_p12_ds415_lmin1of100_lseed415_lN1000_lpnsseed1000,d12_nl100_m50_w50_n600_p12_ds415,lmin1of100_lseed415_lN1000_lpnsseed1000,1124,2124,200,100,-181.70388754530194,26.130411325966946,0.5657365979825192,0.5111791400865938,1.1067286468040995,results/bootstrap_runs/nl100_m50_w50/boot_method3_out/boot3_d12_nl100_m50_w50_n600_p12_ds415_lmin1of100_lseed415_lN1000_lpnsseed1000_nsseed1124_bootseed2124.npz,results/bootstrap_runs/nl100_m50_w50/ns_runs_out/ns_out_d12_nl100_m50_w50_n600_p12_ds415_lmin1of100_lseed415_lN1000_lpnsseed1000_nsseed1124.npz,0.5291959219454955,results/nl100_m50_w50/combined_nl100_m50_w50.npz,1.0690494286174548,0.9659544204485436
nl100_m50_w50,d12_nl100_m50_w50_n600_p12_ds415_lmin1of100_lseed415_lN1000_lpnsseed1000,d12_nl100_m50_w50_n600_p12_ds415,lmin1of100_lseed415_lN1000_lpnsseed1000,1125,2125,200,100,-181.8444977929551,26.216099827056023,0.5158307675467384,0.5120165996045052,1.0074493052474849,results/bootstrap_runs/nl100_m50_w50/boot_method3_out/boot3_d12_nl100_m50_w50_n600_p12_ds415_lmin1of100_lseed415_lN1000_lpnsseed1000_nsseed1125_bootseed2125.npz,results/bootstrap_runs/nl100_m50_w50/ns_runs_out/ns_out_d12_nl100_m50_w50_n600_p12_ds415_lmin1of100_lseed415_lN1000_lpnsseed1000_nsseed1125.npz,0.5291959219454955,results/nl100_m50_w50/combined_nl100_m50_w50.npz,0.9747444115789433,0.9675369336221762
nl100_m50_w50,d12_nl100_m50_w50_n600_p12_ds415_lmin1of100_lseed415_lN1000_lpnsseed1000,d12_nl100_m50_w50_n600_p12_ds415,lmin1of100_lseed415_lN1000_lpnsseed1000,1126,2126,200,100,-183.0446532422788,27.733549856953008,0.5278483830719994,0.5266265266481837,1.002320157382866,results/bootstrap_runs/nl100_m50_w50/boot_method3_out/boot3_d12_nl100_m50_w50_n600_p12_ds415_lmin1of100_lseed415_lN1000_lpnsseed1000_nsseed1126_bootseed2126.npz,results/bootstrap_runs/nl100_m50_w50/ns_runs_out/ns_out_d12_nl100_m50_w50_n600_p12_ds415_lmin1of100_lseed415_lN1000_lpnsseed1000_nsseed1126.npz,0.5291959219454955,results/nl100_m50_w50/combined_nl100_m50_w50.npz,0.9974536106239404,0.9951447182588522
nl100_m50_w50,d12_nl100_m50_w50_n600_p12_ds415_lmin1of100_lseed415_lN1000_lpnsseed1000,d12_nl100_m50_w50_n600_p12_ds415,lmin1of100_lseed415_lN1000_lpnsseed1000,1127,2127,200,100,-181.96444548533492,26.63398203461737,0.49543793951541365,0.516081214874339,0.9599999481400388,results/bootstrap_runs/nl100_m50_w50/boot_method3_out/boot3_d12_nl100_m50_w50_n600_p12_ds415_lmin1of100_lseed415_lN1000_lpnsseed1000_nsseed1127_bootseed2127.npz,results/bootstrap_runs/nl100_m50_w50/ns_runs_out/ns_out_d12_nl100_m50_w50_n600_p12_ds415_lmin1of100_lseed415_lN1000_lpnsseed1000_nsseed1127.npz,0.5291959219454955,results/nl100_m50_w50/combined_nl100_m50_w50.npz,0.9362089142600031,0.9752176717028684
nl100_m50_w50,d12_nl100_m50_w50_n600_p12_ds415_lmin1of100_lseed415_lN1000_lpnsseed1000,d12_nl100_m50_w50_n600_p12_ds415,lmin1of100_lseed415_lN1000_lpnsseed1000,1128,2128,200,100,-181.9602764915434,26.139253577423553,0.49168602777951936,0.5112656215454306,0.9617036762481174,results/bootstrap_runs/nl100_m50_w50/boot_method3_out/boot3_d12_nl100_m50_w50_n600_p12_ds415_lmin1of100_lseed415_lN1000_lpnsseed1000_nsseed1128_bootseed2128.npz,results/bootstrap_runs/nl100_m50_w50/ns_runs_out/ns_out_d12_nl100_m50_w50_n600_p12_ds415_lmin1of100_lseed415_lN1000_lpnsseed1000_nsseed1128.npz,0.5291959219454955,results/nl100_m50_w50/combined_nl100_m50_w50.npz,0.929119079323065,0.9661178409422596
nl100_m50_w50,d12_nl100_m50_w50_n600_p12_ds415_lmin1of100_lseed415_lN1000_lpnsseed1000,d12_nl100_m50_w50_n600_p12_ds415,lmin1of100_lseed415_lN1000_lpnsseed1000,1129,2129,200,100,-181.4948870306025,25.962413660080276,0.5277619364153432,0.5095332536751677,1.0357752562932752,results/bootstrap_runs/nl100_m50_w50/boot_method3_out/boot3_d12_nl100_m50_w50_n600_p12_ds415_lmin1of100_lseed415_lN1000_lpnsseed1000_nsseed1129_bootseed2129.npz,results/bootstrap_runs/nl100_m50_w50/ns_runs_out/ns_out_d12_nl100_m50_w50_n600_p12_ds415_lmin1of100_lseed415_lN1000_lpnsseed1000_nsseed1129.npz,0.5291959219454955,results/nl100_m50_w50/combined_nl100_m50_w50.npz,0.9972902558944889,0.9628442558702238
nl100_m50_w50,d12_nl100_m50_w50_n600_p12_ds415_lmin1of100_lseed415_lN1000_lpnsseed1000,d12_nl100_m50_w50_n600_p12_ds415,lmin1of100_lseed415_lN1000_lpnsseed1000,1130,2130,200,100,-182.01238077571125,26.28279171331665,0.5384106535206828,0.5126674527734002,1.0502142287520273,results/bootstrap_runs/nl100_m50_w50/boot_method3_out/boot3_d12_nl100_m50_w50_n600_p12_ds415_lmin1of100_lseed415_lN1000_lpnsseed1000_nsseed1130_bootseed2130.npz,results/bootstrap_runs/nl100_m50_w50/ns_runs_out/ns_out_d12_nl100_m50_w50_n600_p12_ds415_lmin1of100_lseed415_lN1000_lpnsseed1000_nsseed1130.npz,0.5291959219454955,results/nl100_m50_w50/combined_nl100_m50_w50.npz,1.0174127032976956,0.9687668243713382
nl100_m50_w50,d12_nl100_m50_w50_n600_p12_ds415_lmin1of100_lseed415_lN1000_lpnsseed1000,d12_nl100_m50_w50_n600_p12_ds415,lmin1of100_lseed415_lN1000_lpnsseed1000,1131,2131,200,100,-181.94471735632015,26.350709797049017,0.5226040971893923,0.5133294244152483,1.018067681946557,results/bootstrap_runs/nl100_m50_w50/boot_method3_out/boot3_d12_nl100_m50_w50_n600_p12_ds415_lmin1of100_lseed415_lN1000_lpnsseed1000_nsseed1131_bootseed2131.npz,results/bootstrap_runs/nl100_m50_w50/ns_runs_out/ns_out_d12_nl100_m50_w50_n600_p12_ds415_lmin1of100_lseed415_lN1000_lpnsseed1000_nsseed1131.npz,0.5291959219454955,results/nl100_m50_w50/combined_nl100_m50_w50.npz,0.9875436969886889,0.9700177252464138
nl100_m50_w50,d12_nl100_m50_w50_n600_p12_ds415_lmin1of100_lseed415_lN1000_lpnsseed1000,d12_nl100_m50_w50_n600_p12_ds415,lmin1of100_lseed415_lN1000_lpnsseed1000,1132,2132,200,100,-182.81792144272936,27.12378063854574,0.5365064187195836,0.5208049600238629,1.0301484430851067,results/bootstrap_runs/nl100_m50_w50/boot_method3_out/boot3_d12_nl100_m50_w50_n600_p12_ds415_lmin1of100_lseed415_lN1000_lpnsseed1000_nsseed1132_bootseed2132.npz,results/bootstrap_runs/nl100_m50_w50/ns_runs_out/ns_out_d12_nl100_m50_w50_n600_p12_ds415_lmin1of100_lseed415_lN1000_lpnsseed1000_nsseed1132.npz,0.5291959219454955,results/nl100_m50_w50/combined_nl100_m50_w50.npz,1.0138143482799573,0.9841439406963215
nl100_m50_w50,d12_nl100_m50_w50_n600_p12_ds415_lmin1of100_lseed415_lN1000_lpnsseed1000,d12_nl100_m50_w50_n600_p12_ds415,lmin1of100_lseed415_lN1000_lpnsseed1000,1133,2133,200,100,-181.58477436279426,26.213294087118907,0.5169338257525472,0.5119891999556133,1.0096576759770763,results/bootstrap_runs/nl100_m50_w50/boot_method3_out/boot3_d12_nl100_m50_w50_n600_p12_ds415_lmin1of100_lseed415_lN1000_lpnsseed1000_nsseed1133_bootseed2133.npz,results/bootstrap_runs/nl100_m50_w50/ns_runs_out/ns_out_d12_nl100_m50_w50_n600_p12_ds415_lmin1of100_lseed415_lN1000_lpnsseed1000_nsseed1133.npz,0.5291959219454955,results/nl100_m50_w50/combined_nl100_m50_w50.npz,0.9768288157855245,0.9674851576205942
nl100_m50_w50,d12_nl100_m50_w50_n600_p12_ds415_lmin1of100_lseed415_lN1000_lpnsseed1000,d12_nl100_m50_w50_n600_p12_ds415,lmin1of100_lseed415_lN1000_lpnsseed1000,1134,2134,200,100,-181.30474122157742,26.002687493675573,0.4380421901978947,0.5099283037219603,0.8590270181133901,results/bootstrap_runs/nl100_m50_w50/boot_method3_out/boot3_d12_nl100_m50_w50_n600_p12_ds415_lmin1of100_lseed415_lN1000_lpnsseed1000_nsseed1134_bootseed2134.npz,results/bootstrap_runs/nl100_m50_w50/ns_runs_out/ns_out_d12_nl100_m50_w50_n600_p12_ds415_lmin1of100_lseed415_lN1000_lpnsseed1000_nsseed1134.npz,0.5291959219454955,results/nl100_m50_w50/combined_nl100_m50_w50.npz,0.8277505022856372,0.9635907658685252
nl100_m50_w50,d12_nl100_m50_w50_n600_p12_ds415_lmin1of100_lseed415_lN1000_lpnsseed1000,d12_nl100_m50_w50_n600_p12_ds415,lmin1of100_lseed415_lN1000_lpnsseed1000,1135,2135,200,100,-182.21523257038646,26.53285336351748,0.5623946698551704,0.515100508284718,1.0918154045856832,results/bootstrap_runs/nl100_m50_w50/boot_method3_out/boot3_d12_nl100_m50_w50_n600_p12_ds415_lmin1of100_lseed415_lN1000_lpnsseed1000_nsseed1135_bootseed2135.npz,results/bootstrap_runs/nl100_m50_w50/ns_runs_out/ns_out_d12_nl100_m50_w50_n600_p12_ds415_lmin1of100_lseed415_lN1000_lpnsseed1000_nsseed1135.npz,0.5291959219454955,results/nl100_m50_w50/combined_nl100_m50_w50.npz,1.0627343230227957,0.973364470366744
nl100_m50_w50,d12_nl100_m50_w50_n600_p12_ds415_lmin1of100_lseed415_lN1000_lpnsseed1000,d12_nl100_m50_w50_n600_p12_ds415,lmin1of100_lseed415_lN1000_lpnsseed1000,1136,2136,200,100,-181.76363340459605,26.51892375621745,0.569000060890917,0.5149652780160761,1.1049289829462137,results/bootstrap_runs/nl100_m50_w50/boot_method3_out/boot3_d12_nl100_m50_w50_n600_p12_ds415_lmin1of100_lseed415_lN1000_lpnsseed1000_nsseed1136_bootseed2136.npz,results/bootstrap_runs/nl100_m50_w50/ns_runs_out/ns_out_d12_nl100_m50_w50_n600_p12_ds415_lmin1of100_lseed415_lN1000_lpnsseed1000_nsseed1136.npz,0.5291959219454955,results/nl100_m50_w50/combined_nl100_m50_w50.npz,1.0752162616807186,0.9731089312307946
nl100_m50_w50,d12_nl100_m50_w50_n600_p12_ds415_lmin1of100_lseed415_lN1000_lpnsseed1000,d12_nl100_m50_w50_n600_p12_ds415,lmin1of100_lseed415_lN1000_lpnsseed1000,1137,2137,200,100,-181.28947486846025,25.728021701114795,0.43620482297486113,0.5072279734115105,0.8599778518543401,results/bootstrap_runs/nl100_m50_w50/boot_method3_out/boot3_d12_nl100_m50_w50_n600_p12_ds415_lmin1of100_lseed415_lN1000_lpnsseed1000_nsseed1137_bootseed2137.npz,results/bootstrap_runs/nl100_m50_w50/ns_runs_out/ns_out_d12_nl100_m50_w50_n600_p12_ds415_lmin1of100_lseed415_lN1000_lpnsseed1000_nsseed1137.npz,0.5291959219454955,results/nl100_m50_w50/combined_nl100_m50_w50.npz,0.824278504209237,0.9584880615609741
nl100_m50_w50,d12_nl100_m50_w50_n600_p12_ds415_lmin1of100_lseed415_lN1000_lpnsseed1000,d12_nl100_m50_w50_n600_p12_ds415,lmin1of100_lseed415_lN1000_lpnsseed1000,1138,2138,200,100,-181.6865435836348,26.190015642255833,0.476334281919282,0.5117618161044827,0.930773392874689,results/bootstrap_runs/nl100_m50_w50/boot_method3_out/boot3_d12_nl100_m50_w50_n600_p12_ds415_lmin1of100_lseed415_lN1000_lpnsseed1000_nsseed1138_bootseed2138.npz,results/bootstrap_runs/nl100_m50_w50/ns_runs_out/ns_out_d12_nl100_m50_w50_n600_p12_ds415_lmin1of100_lseed415_lN1000_lpnsseed1000_nsseed1138.npz,0.5291959219454955,results/nl100_m50_w50/combined_nl100_m50_w50.npz,0.9001095098543523,0.9670554796096701
nl100_m50_w50,d12_nl100_m50_w50_n600_p12_ds415_lmin1of100_lseed415_lN1000_lpnsseed1000,d12_nl100_m50_w50_n600_p12_ds415,lmin1of100_lseed415_lN1000_lpnsseed1000,1139,2139,200,100,-181.00358064003976,25.731247149524116,0.5047332779737737,0.5072597672743633,0.9950193382886148,results/bootstrap_runs/nl100_m50_w50/boot_method3_out/boot3_d12_nl100_m50_w50_n600_p12_ds415_lmin1of100_lseed415_lN1000_lpnsseed1000_nsseed1139_bootseed2139.npz,results/bootstrap_runs/nl100_m50_w50/ns_runs_out/ns_out_d12_nl100_m50_w50_n600_p12_ds415_lmin1of100_lseed415_lN1000_lpnsseed1000_nsseed1139.npz,0.5291959219454955,results/nl100_m50_w50/combined_nl100_m50_w50.npz,0.9537739371048265,0.9585481411298715
nl100_m50_w50,d12_nl100_m50_w50_n600_p12_ds415_lmin1of100_lseed415_lN1000_lpnsseed1000,d12_nl100_m50_w50_n600_p12_ds415,lmin1of100_lseed415_lN1000_lpnsseed1000,1140,2140,200,100,-181.21572116434044,25.987922757328818,0.4891562726122962,0.5097835104956693,0.9595372595254857,results/bootstrap_runs/nl100_m50_w50/boot_method3_out/boot3_d12_nl100_m50_w50_n600_p12_ds415_lmin1of100_lseed415_lN1000_lpnsseed1000_nsseed1140_bootseed2140.npz,results/bootstrap_runs/nl100_m50_w50/ns_runs_out/ns_out_d12_nl100_m50_w50_n600_p12_ds415_lmin1of100_lseed415_lN1000_lpnsseed1000_nsseed1140.npz,0.5291959219454955,results/nl100_m50_w50/combined_nl100_m50_w50.npz,0.9243387039227352,0.963317156000636
nl100_m50_w50,d12_nl100_m50_w50_n600_p12_ds415_lmin1of100_lseed415_lN1000_lpnsseed1000,d12_nl100_m50_w50_n600_p12_ds415,lmin1of100_lseed415_lN1000_lpnsseed1000,1141,2141,200,100,-181.87519470879812,26.038492780967548,0.48380717938440226,0.5102792645303897,0.9481223577243536,results/bootstrap_runs/nl100_m50_w50/boot_method3_out/boot3_d12_nl100_m50_w50_n600_p12_ds415_lmin1of100_lseed415_lN1000_lpnsseed1000_nsseed1141_bootseed2141.npz,results/bootstrap_runs/nl100_m50_w50/ns_runs_out/ns_out_d12_nl100_m50_w50_n600_p12_ds415_lmin1of100_lseed415_lN1000_lpnsseed1000_nsseed1141.npz,0.5291959219454955,results/nl100_m50_w50/combined_nl100_m50_w50.npz,0.9142307401118484,0.9642539622271427
nl100_m50_w50,d12_nl100_m50_w50_n600_p12_ds415_lmin1of100_lseed415_lN1000_lpnsseed1000,d12_nl100_m50_w50_n600_p12_ds415,lmin1of100_lseed415_lN1000_lpnsseed1000,1142,2142,200,100,-182.28422421522606,26.693298972257928,0.5213411140643051,0.5166555813330378,1.0090689676073525,results/bootstrap_runs/nl100_m50_w50/boot_method3_out/boot3_d12_nl100_m50_w50_n600_p12_ds415_lmin1of100_lseed415_lN1000_lpnsseed1000_nsseed1142_bootseed2142.npz,results/bootstrap_runs/nl100_m50_w50/ns_runs_out/ns_out_d12_nl100_m50_w50_n600_p12_ds415_lmin1of100_lseed415_lN1000_lpnsseed1000_nsseed1142.npz,0.5291959219454955,results/nl100_m50_w50/combined_nl100_m50_w50.npz,0.9851570891697093,0.9763030286281207
nl100_m50_w50,d12_nl100_m50_w50_n600_p12_ds415_lmin1of100_lseed415_lN1000_lpnsseed1000,d12_nl100_m50_w50_n600_p12_ds415,lmin1of100_lseed415_lN1000_lpnsseed1000,1143,2143,200,100,-181.12393404107405,25.562147172097056,0.4943083397626147,0.5055902211484816,0.9776857207399317,results/bootstrap_runs/nl100_m50_w50/boot_method3_out/boot3_d12_nl100_m50_w50_n600_p12_ds415_lmin1of100_lseed415_lN1000_lpnsseed1000_nsseed1143_bootseed2143.npz,results/bootstrap_runs/nl100_m50_w50/ns_runs_out/ns_out_d12_nl100_m50_w50_n600_p12_ds415_lmin1of100_lseed415_lN1000_lpnsseed1000_nsseed1143.npz,0.5291959219454955,results/nl100_m50_w50/combined_nl100_m50_w50.npz,0.9340743555720862,0.9553932677518912
nl100_m50_w50,d12_nl100_m50_w50_n600_p12_ds415_lmin1of100_lseed415_lN1000_lpnsseed1000,d12_nl100_m50_w50_n600_p12_ds415,lmin1of100_lseed415_lN1000_lpnsseed1000,1144,2144,200,100,-182.24320334606298,26.633387981132493,0.5497610590100728,0.516075459415893,1.0652726243412272,results/bootstrap_runs/nl100_m50_w50/boot_method3_out/boot3_d12_nl100_m50_w50_n600_p12_ds415_lmin1of100_lseed415_lN1000_lpnsseed1000_nsseed1144_bootseed2144.npz,results/bootstrap_runs/nl100_m50_w50/ns_runs_out/ns_out_d12_nl100_m50_w50_n600_p12_ds415_lmin1of100_lseed415_lN1000_lpnsseed1000_nsseed1144.npz,0.5291959219454955,results/nl100_m50_w50/combined_nl100_m50_w50.npz,1.0388611026875891,0.9752067958472403
nl100_m50_w50,d12_nl100_m50_w50_n600_p12_ds415_lmin1of100_lseed415_lN1000_lpnsseed1000,d12_nl100_m50_w50_n600_p12_ds415,lmin1of100_lseed415_lN1000_lpnsseed1000,1145,2145,200,100,-181.93702440543487,26.468142163136513,0.5080874372155713,0.5144719833298652,0.9875900995172358,results/bootstrap_runs/nl100_m50_w50/boot_method3_out/boot3_d12_nl100_m50_w50_n600_p12_ds415_lmin1of100_lseed415_lN1000_lpnsseed1000_nsseed1145_bootseed2145.npz,results/bootstrap_runs/nl100_m50_w50/ns_runs_out/ns_out_d12_nl100_m50_w50_n600_p12_ds415_lmin1of100_lseed415_lN1000_lpnsseed1000_nsseed1145.npz,0.5291959219454955,results/nl100_m50_w50/combined_nl100_m50_w50.npz,0.9601121553387588,0.9721767723350923
nl100_m50_w50,d12_nl100_m50_w50_n600_p12_ds415_lmin1of100_lseed415_lN1000_lpnsseed1000,d12_nl100_m50_w50_n600_p12_ds415,lmin1of100_lseed415_lN1000_lpnsseed1000,1146,2146,200,100,-181.11839051635243,25.801180290907567,0.5032020666714612,0.5079486223124103,0.9906554414512619,results/bootstrap_runs/nl100_m50_w50/boot_method3_out/boot3_d12_nl100_m50_w50_n600_p12_ds415_lmin1of100_lseed415_lN1000_lpnsseed1000_nsseed1146_bootseed2146.npz,results/bootstrap_runs/nl100_m50_w50/ns_runs_out/ns_out_d12_nl100_m50_w50_n600_p12_ds415_lmin1of100_lseed415_lN1000_lpnsseed1000_nsseed1146.npz,0.5291959219454955,results/nl100_m50_w50/combined_nl100_m50_w50.npz,0.9508804694139129,0.9598498424648225
nl100_m50_w50,d12_nl100_m50_w50_n600_p12_ds415_lmin1of100_lseed415_lN1000_lpnsseed1000,d12_nl100_m50_w50_n600_p12_ds415,lmin1of100_lseed415_lN1000_lpnsseed1000,1147,2147,200,100,-181.00985156486837,25.647020977711612,0.5486755596180996,0.5064288792882137,1.0834207567097351,results/bootstrap_runs/nl100_m50_w50/boot_method3_out/boot3_d12_nl100_m50_w50_n600_p12_ds415_lmin1of100_lseed415_lN1000_lpnsseed1000_nsseed1147_bootseed2147.npz,results/bootstrap_runs/nl100_m50_w50/ns_runs_out/ns_out_d12_nl100_m50_w50_n600_p12_ds415_lmin1of100_lseed415_lN1000_lpnsseed1000_nsseed1147.npz,0.5291959219454955,results/nl100_m50_w50/combined_nl100_m50_w50.npz,1.036809878657021,0.9569780459124047
nl100_m50_w50,d12_nl100_m50_w50_n600_p12_ds415_lmin1of100_lseed415_lN1000_lpnsseed1000,d12_nl100_m50_w50_n600_p12_ds415,lmin1of100_lseed415_lN1000_lpnsseed1000,1148,2148,200,100,-181.53835792562583,26.267749435555327,0.5330623759124457,0.5125207257814588,1.0400796477053025,results/bootstrap_runs/nl100_m50_w50/boot_method3_out/boot3_d12_nl100_m50_w50_n600_p12_ds415_lmin1of100_lseed415_lN1000_lpnsseed1000_nsseed1148_bootseed2148.npz,results/bootstrap_runs/nl100_m50_w50/ns_runs_out/ns_out_d12_nl100_m50_w50_n600_p12_ds415_lmin1of100_lseed415_lN1000_lpnsseed1000_nsseed1148.npz,0.5291959219454955,results/nl100_m50_w50/combined_nl100_m50_w50.npz,1.0073062807300854,0.968489560345187
nl100_m50_w50,d12_nl100_m50_w50_n600_p12_ds415_lmin1of100_lseed415_lN1000_lpnsseed1000,d12_nl100_m50_w50_n600_p12_ds415,lmin1of100_lseed415_lN1000_lpnsseed1000,1149,2149,200,100,-182.36211460780723,26.603449192618434,0.4795624097281459,0.5157853157333818,0.9297713507920801,results/bootstrap_runs/nl100_m50_w50/boot_method3_out/boot3_d12_nl100_m50_w50_n600_p12_ds415_lmin1of100_lseed415_lN1000_lpnsseed1000_nsseed1149_bootseed2149.npz,results/bootstrap_runs/nl100_m50_w50/ns_runs_out/ns_out_d12_nl100_m50_w50_n600_p12_ds415_lmin1of100_lseed415_lN1000_lpnsseed1000_nsseed1149.npz,0.5291959219454955,results/nl100_m50_w50/combined_nl100_m50_w50.npz,0.90620957161786,0.9746585231367394
nl100_m50_w50,d12_nl100_m50_w50_n600_p12_ds415_lmin1of100_lseed415_lN1000_lpnsseed1000,d12_nl100_m50_w50_n600_p12_ds415,lmin1of100_lseed415_lN1000_lpnsseed1000,1150,2150,200,100,-181.92234603808882,26.647189746406337,0.5386648743884778,0.5162091605774382,1.0435011920089143,results/bootstrap_runs/nl100_m50_w50/boot_method3_out/boot3_d12_nl100_m50_w50_n600_p12_ds415_lmin1of100_lseed415_lN1000_lpnsseed1000_nsseed1150_bootseed2150.npz,results/bootstrap_runs/nl100_m50_w50/ns_runs_out/ns_out_d12_nl100_m50_w50_n600_p12_ds415_lmin1of100_lseed415_lN1000_lpnsseed1000_nsseed1150.npz,0.5291959219454955,results/nl100_m50_w50/combined_nl100_m50_w50.npz,1.0178930941269755,0.9754594454917306
nl100_m50_w50,d12_nl100_m50_w50_n600_p12_ds415_lmin1of100_lseed415_lN1000_lpnsseed1000,d12_nl100_m50_w50_n600_p12_ds415,lmin1of100_lseed415_lN1000_lpnsseed1000,1151,2151,200,100,-181.49576870940933,26.22536999432216,0.49257402083886137,0.5121071176455387,0.9618574002710943,results/bootstrap_runs/nl100_m50_w50/boot_method3_out/boot3_d12_nl100_m50_w50_n600_p12_ds415_lmin1of100_lseed415_lN1000_lpnsseed1000_nsseed1151_bootseed2151.npz,results/bootstrap_runs/nl100_m50_w50/ns_runs_out/ns_out_d12_nl100_m50_w50_n600_p12_ds415_lmin1of100_lseed415_lN1000_lpnsseed1000_nsseed1151.npz,0.5291959219454955,results/nl100_m50_w50/combined_nl100_m50_w50.npz,0.9307970836736607,0.9677079818810154
nl100_m50_w50,d12_nl100_m50_w50_n600_p12_ds415_lmin1of100_lseed415_lN1000_lpnsseed1000,d12_nl100_m50_w50_n600_p12_ds415,lmin1of100_lseed415_lN1000_lpnsseed1000,1152,2152,200,100,-181.9770594538716,26.300729001932304,0.51910583495168,0.5128423637135714,1.0122132485170565,results/bootstrap_runs/nl100_m50_w50/boot_method3_out/boot3_d12_nl100_m50_w50_n600_p12_ds415_lmin1of100_lseed415_lN1000_lpnsseed1000_nsseed1152_bootseed2152.npz,results/bootstrap_runs/nl100_m50_w50/ns_runs_out/ns_out_d12_nl100_m50_w50_n600_p12_ds415_lmin1of100_lseed415_lN1000_lpnsseed1000_nsseed1152.npz,0.5291959219454955,results/nl100_m50_w50/combined_nl100_m50_w50.npz,0.980933173187123,0.9690973464576161
nl100_m50_w50,d12_nl100_m50_w50_n600_p12_ds415_lmin1of100_lseed415_lN1000_lpnsseed1000,d12_nl100_m50_w50_n600_p12_ds415,lmin1of100_lseed415_lN1000_lpnsseed1000,1153,2153,200,100,-181.4110591356889,25.919092177121634,0.4885623838315378,0.509107966713561,0.9596439572245338,results/bootstrap_runs/nl100_m50_w50/boot_method3_out/boot3_d12_nl100_m50_w50_n600_p12_ds415_lmin1of100_lseed415_lN1000_lpnsseed1000_nsseed1153_bootseed2153.npz,results/bootstrap_runs/nl100_m50_w50/ns_runs_out/ns_out_d12_nl100_m50_w50_n600_p12_ds415_lmin1of100_lseed415_lN1000_lpnsseed1000_nsseed1153.npz,0.5291959219454955,results/nl100_m50_w50/combined_nl100_m50_w50.npz,0.9232164564598767,0.9620406084043794
nl100_m50_w50,d12_nl100_m50_w50_n600_p12_ds415_lmin1of100_lseed415_lN1000_lpnsseed1000,d12_nl100_m50_w50_n600_p12_ds415,lmin1of100_lseed415_lN1000_lpnsseed1000,1154,2154,200,100,-181.74913983856763,27.115759939924462,0.5176411878544548,0.5207279514288096,0.9940722145491037,results/bootstrap_runs/nl100_m50_w50/boot_method3_out/boot3_d12_nl100_m50_w50_n600_p12_ds415_lmin1of100_lseed415_lN1000_lpnsseed1000_nsseed1154_bootseed2154.npz,results/bootstrap_runs/nl100_m50_w50/ns_runs_out/ns_out_d12_nl100_m50_w50_n600_p12_ds415_lmin1of100_lseed415_lN1000_lpnsseed1000_nsseed1154.npz,0.5291959219454955,results/nl100_m50_w50/combined_nl100_m50_w50.npz,0.9781654891659751,0.9839984206878335
nl100_m50_w50,d12_nl100_m50_w50_n600_p12_ds415_lmin1of100_lseed415_lN1000_lpnsseed1000,d12_nl100_m50_w50_n600_p12_ds415,lmin1of100_lseed415_lN1000_lpnsseed1000,1155,2155,200,100,-182.0973350821668,26.38520180696705,0.5097182874908228,0.5136652782402861,0.9923160257921563,results/bootstrap_runs/nl100_m50_w50/boot_method3_out/boot3_d12_nl100_m50_w50_n600_p12_ds415_lmin1of100_lseed415_lN1000_lpnsseed1000_nsseed1155_bootseed2155.npz,results/bootstrap_runs/nl100_m50_w50/ns_runs_out/ns_out_d12_nl100_m50_w50_n600_p12_ds415_lmin1of100_lseed415_lN1000_lpnsseed1000_nsseed1155.npz,0.5291959219454955,results/nl100_m50_w50/combined_nl100_m50_w50.npz,0.9631939067423902,0.9706523745532397
nl100_m50_w50,d12_nl100_m50_w50_n600_p12_ds415_lmin1of100_lseed415_lN1000_lpnsseed1000,d12_nl100_m50_w50_n600_p12_ds415,lmin1of100_lseed415_lN1000_lpnsseed1000,1156,2156,200,100,-181.64606894326627,26.37959111024519,0.4924837743698909,0.5136106610093407,0.9588659499436176,results/bootstrap_runs/nl100_m50_w50/boot_method3_out/boot3_d12_nl100_m50_w50_n600_p12_ds415_lmin1of100_lseed415_lN1000_lpnsseed1000_nsseed1156_bootseed2156.npz,results/bootstrap_runs/nl100_m50_w50/ns_runs_out/ns_out_d12_nl100_m50_w50_n600_p12_ds415_lmin1of100_lseed415_lN1000_lpnsseed1000_nsseed1156.npz,0.5291959219454955,results/nl100_m50_w50/combined_nl100_m50_w50.npz,0.9306265485934985,0.9705491665943715
nl100_m50_w50,d12_nl100_m50_w50_n600_p12_ds415_lmin1of100_lseed415_lN1000_lpnsseed1000,d12_nl100_m50_w50_n600_p12_ds415,lmin1of100_lseed415_lN1000_lpnsseed1000,1157,2157,200,100,-181.23258020791152,25.853866371869117,0.5177916720725166,0.5084669740688093,1.0183388469246883,results/bootstrap_runs/nl100_m50_w50/boot_method3_out/boot3_d12_nl100_m50_w50_n600_p12_ds415_lmin1of100_lseed415_lN1000_lpnsseed1000_nsseed1157_bootseed2157.npz,results/bootstrap_runs/nl100_m50_w50/ns_runs_out/ns_out_d12_nl100_m50_w50_n600_p12_ds415_lmin1of100_lseed415_lN1000_lpnsseed1000_nsseed1157.npz,0.5291959219454955,results/nl100_m50_w50/combined_nl100_m50_w50.npz,0.9784498530694395,0.9608293506864529
nl100_m50_w50,d12_nl100_m50_w50_n600_p12_ds415_lmin1of100_lseed415_lN1000_lpnsseed1000,d12_nl100_m50_w50_n600_p12_ds415,lmin1of100_lseed415_lN1000_lpnsseed1000,1158,2158,200,100,-180.65974146934255,25.193672564370402,0.48417485207279115,0.5019329891964703,0.9646205021269718,results/bootstrap_runs/nl100_m50_w50/boot_method3_out/boot3_d12_nl100_m50_w50_n600_p12_ds415_lmin1of100_lseed415_lN1000_lpnsseed1000_nsseed1158_bootseed2158.npz,results/bootstrap_runs/nl100_m50_w50/ns_runs_out/ns_out_d12_nl100_m50_w50_n600_p12_ds415_lmin1of100_lseed415_lN1000_lpnsseed1000_nsseed1158.npz,0.5291959219454955,results/nl100_m50_w50/combined_nl100_m50_w50.npz,0.9149255162299961,0.9484823453499079
nl100_m50_w50,d12_nl100_m50_w50_n600_p12_ds415_lmin1of100_lseed415_lN1000_lpnsseed1000,d12_nl100_m50_w50_n600_p12_ds415,lmin1of100_lseed415_lN1000_lpnsseed1000,1159,2159,200,100,-182.64710108636848,27.333701361009396,0.5137879758644565,0.5228164243882301,0.9827311306557781,results/bootstrap_runs/nl100_m50_w50/boot_method3_out/boot3_d12_nl100_m50_w50_n600_p12_ds415_lmin1of100_lseed415_lN1000_lpnsseed1000_nsseed1159_bootseed2159.npz,results/bootstrap_runs/nl100_m50_w50/ns_runs_out/ns_out_d12_nl100_m50_w50_n600_p12_ds415_lmin1of100_lseed415_lN1000_lpnsseed1000_nsseed1159.npz,0.5291959219454955,results/nl100_m50_w50/combined_nl100_m50_w50.npz,0.9708842312609016,0.9879449230564508
nl100_m50_w50,d12_nl100_m50_w50_n600_p12_ds415_lmin1of100_lseed415_lN1000_lpnsseed1000,d12_nl100_m50_w50_n600_p12_ds415,lmin1of100_lseed415_lN1000_lpnsseed1000,1160,2160,200,100,-182.37318145728125,26.794174261642464,0.5342222190418089,0.5176308941866054,1.0320524239212476,results/bootstrap_runs/nl100_m50_w50/boot_method3_out/boot3_d12_nl100_m50_w50_n600_p12_ds415_lmin1of100_lseed415_lN1000_lpnsseed1000_nsseed1160_bootseed2160.npz,results/bootstrap_runs/nl100_m50_w50/ns_runs_out/ns_out_d12_nl100_m50_w50_n600_p12_ds415_lmin1of100_lseed415_lN1000_lpnsseed1000_nsseed1160.npz,0.5291959219454955,results/nl100_m50_w50/combined_nl100_m50_w50.npz,1.0094979890960518,0.9781460376407034
nl100_m50_w50,d12_nl100_m50_w50_n600_p12_ds415_lmin1of100_lseed415_lN1000_lpnsseed1000,d12_nl100_m50_w50_n600_p12_ds415,lmin1of100_lseed415_lN1000_lpnsseed1000,1161,2161,200,100,-182.1076311614429,26.606887068187525,0.4838188643072707,0.5158186412702387,0.9379631242403991,results/bootstrap_runs/nl100_m50_w50/boot_method3_out/boot3_d12_nl100_m50_w50_n600_p12_ds415_lmin1of100_lseed415_lN1000_lpnsseed1000_nsseed1161_bootseed2161.npz,results/bootstrap_runs/nl100_m50_w50/ns_runs_out/ns_out_d12_nl100_m50_w50_n600_p12_ds415_lmin1of100_lseed415_lN1000_lpnsseed1000_nsseed1161.npz,0.5291959219454955,results/nl100_m50_w50/combined_nl100_m50_w50.npz,0.9142528206351175,0.9747214970476764
nl100_m50_w50,d12_nl100_m50_w50_n600_p12_ds415_lmin1of100_lseed415_lN1000_lpnsseed1000,d12_nl100_m50_w50_n600_p12_ds415,lmin1of100_lseed415_lN1000_lpnsseed1000,1162,2162,200,100,-181.8323278684642,26.533517758031028,0.5177100397237112,0.5151069574178845,1.0050534792208503,results/bootstrap_runs/nl100_m50_w50/boot_method3_out/boot3_d12_nl100_m50_w50_n600_p12_ds415_lmin1of100_lseed415_lN1000_lpnsseed1000_nsseed1162_bootseed2162.npz,results/bootstrap_runs/nl100_m50_w50/ns_runs_out/ns_out_d12_nl100_m50_w50_n600_p12_ds415_lmin1of100_lseed415_lN1000_lpnsseed1000_nsseed1162.npz,0.5291959219454955,results/nl100_m50_w50/combined_nl100_m50_w50.npz,0.978295595741633,0.9733766570312647
nl100_m50_w50,d12_nl100_m50_w50_n600_p12_ds415_lmin1of100_lseed415_lN1000_lpnsseed1000,d12_nl100_m50_w50_n600_p12_ds415,lmin1of100_lseed415_lN1000_lpnsseed1000,1163,2163,200,100,-183.3304373371063,27.321094627276043,0.505032541535986,0.5226958448971643,0.9662073009884872,results/bootstrap_runs/nl100_m50_w50/boot_method3_out/boot3_d12_nl100_m50_w50_n600_p12_ds415_lmin1of100_lseed415_lN1000_lpnsseed1000_nsseed1163_bootseed2163.npz,results/bootstrap_runs/nl100_m50_w50/ns_runs_out/ns_out_d12_nl100_m50_w50_n600_p12_ds415_lmin1of100_lseed415_lN1000_lpnsseed1000_nsseed1163.npz,0.5291959219454955,results/nl100_m50_w50/combined_nl100_m50_w50.npz,0.9543394432808985,0.9877170688987269
nl100_m50_w50,d12_nl100_m50_w50_n600_p12_ds415_lmin1of100_lseed415_lN1000_lpnsseed1000,d12_nl100_m50_w50_n600_p12_ds415,lmin1of100_lseed415_lN1000_lpnsseed1000,1164,2164,200,100,-180.91036558212858,25.31796173298106,0.51853803819345,0.5031695711485449,1.0305433156655812,results/bootstrap_runs/nl100_m50_w50/boot_method3_out/boot3_d12_nl100_m50_w50_n600_p12_ds415_lmin1of100_lseed415_lN1000_lpnsseed1000_nsseed1164_bootseed2164.npz,results/bootstrap_runs/nl100_m50_w50/ns_runs_out/ns_out_d12_nl100_m50_w50_n600_p12_ds415_lmin1of100_lseed415_lN1000_lpnsseed1000_nsseed1164.npz,0.5291959219454955,results/nl100_m50_w50/combined_nl100_m50_w50.npz,0.9798602307575167,0.9508190639465449
nl100_m50_w50,d12_nl100_m50_w50_n600_p12_ds415_lmin1of100_lseed415_lN1000_lpnsseed1000,d12_nl100_m50_w50_n600_p12_ds415,lmin1of100_lseed415_lN1000_lpnsseed1000,1165,2165,200,100,-180.79709104431996,25.504335169839255,0.47693290123647586,0.5050181696715402,0.9443876079679849,results/bootstrap_runs/nl100_m50_w50/boot_method3_out/boot3_d12_nl100_m50_w50_n600_p12_ds415_lmin1of100_lseed415_lN1000_lpnsseed1000_nsseed1165_bootseed2165.npz,results/bootstrap_runs/nl100_m50_w50/ns_runs_out/ns_out_d12_nl100_m50_w50_n600_p12_ds415_lmin1of100_lseed415_lN1000_lpnsseed1000_nsseed1165.npz,0.5291959219454955,results/nl100_m50_w50/combined_nl100_m50_w50.npz,0.901240696419421,0.954312285353466
nl100_m50_w50,d12_nl100_m50_w50_n600_p12_ds415_lmin1of100_lseed415_lN1000_lpnsseed1000,d12_nl100_m50_w50_n600_p12_ds415,lmin1of100_lseed415_lN1000_lpnsseed1000,1166,2166,200,100,-182.05017510649145,26.50655693303427,0.5153484588435902,0.5148451896738889,1.0009775155324263,results/bootstrap_runs/nl100_m50_w50/boot_method3_out/boot3_d12_nl100_m50_w50_n600_p12_ds415_lmin1of100_lseed415_lN1000_lpnsseed1000_nsseed1166_bootseed2166.npz,results/bootstrap_runs/nl100_m50_w50/ns_runs_out/ns_out_d12_nl100_m50_w50_n600_p12_ds415_lmin1of100_lseed415_lN1000_lpnsseed1000_nsseed1166.npz,0.5291959219454955,results/nl100_m50_w50/combined_nl100_m50_w50.npz,0.9738330124483999,0.9728820051771212
nl100_m50_w50,d12_nl100_m50_w50_n600_p12_ds415_lmin1of100_lseed415_lN1000_lpnsseed1000,d12_nl100_m50_w50_n600_p12_ds415,lmin1of100_lseed415_lN1000_lpnsseed1000,1167,2167,200,100,-182.74931864852815,27.137719731596686,0.5253706276112096,0.5209387654187072,1.0085074532492129,results/bootstrap_runs/nl100_m50_w50/boot_method3_out/boot3_d12_nl100_m50_w50_n600_p12_ds415_lmin1of100_lseed415_lN1000_lpnsseed1000_nsseed1167_bootseed2167.npz,results/bootstrap_runs/nl100_m50_w50/ns_runs_out/ns_out_d12_nl100_m50_w50_n600_p12_ds415_lmin1of100_lseed415_lN1000_lpnsseed1000_nsseed1167.npz,0.5291959219454955,results/nl100_m50_w50/combined_nl100_m50_w50.npz,0.9927714969529189,0.9843967873062357
nl100_m50_w50,d12_nl100_m50_w50_n600_p12_ds415_lmin1of100_lseed415_lN1000_lpnsseed1000,d12_nl100_m50_w50_n600_p12_ds415,lmin1of100_lseed415_lN1000_lpnsseed1000,1168,2168,200,100,-180.03658859653476,24.613032902033712,0.5302263860919985,0.49611523764175713,1.0687565022440872,results/bootstrap_runs/nl100_m50_w50/boot_method3_out/boot3_d12_nl100_m50_w50_n600_p12_ds415_lmin1of100_lseed415_lN1000_lpnsseed1000_nsseed1168_bootseed2168.npz,results/bootstrap_runs/nl100_m50_w50/ns_runs_out/ns_out_d12_nl100_m50_w50_n600_p12_ds415_lmin1of100_lseed415_lN1000_lpnsseed1000_nsseed1168.npz,0.5291959219454955,results/nl100_m50_w50/combined_nl100_m50_w50.npz,1.0019472261666618,0.9374887769691742
nl100_m50_w50,d12_nl100_m50_w50_n600_p12_ds415_lmin1of100_lseed415_lN1000_lpnsseed1000,d12_nl100_m50_w50_n600_p12_ds415,lmin1of100_lseed415_lN1000_lpnsseed1000,1169,2169,200,100,-181.49265005050378,26.267491351491667,0.540915149682189,0.5125182079837912,1.055406698251969,results/bootstrap_runs/nl100_m50_w50/boot_method3_out/boot3_d12_nl100_m50_w50_n600_p12_ds415_lmin1of100_lseed415_lN1000_lpnsseed1000_nsseed1169_bootseed2169.npz,results/bootstrap_runs/nl100_m50_w50/ns_runs_out/ns_out_d12_nl100_m50_w50_n600_p12_ds415_lmin1of100_lseed415_lN1000_lpnsseed1000_nsseed1169.npz,0.5291959219454955,results/nl100_m50_w50/combined_nl100_m50_w50.npz,1.0221453477827454,0.9684848025653872
nl100_m50_w50,d12_nl100_m50_w50_n600_p12_ds415_lmin1of100_lseed415_lN1000_lpnsseed1000,d12_nl100_m50_w50_n600_p12_ds415,lmin1of100_lseed415_lN1000_lpnsseed1000,1170,2170,200,100,-181.33001197777187,26.042588795166854,0.5507423246455376,0.5103193979770596,1.0792110329897653,results/bootstrap_runs/nl100_m50_w50/boot_method3_out/boot3_d12_nl100_m50_w50_n600_p12_ds415_lmin1of100_lseed415_lN1000_lpnsseed1000_nsseed1170_bootseed2170.npz,results/bootstrap_runs/nl100_m50_w50/ns_runs_out/ns_out_d12_nl100_m50_w50_n600_p12_ds415_lmin1of100_lseed415_lN1000_lpnsseed1000_nsseed1170.npz,0.5291959219454955,results/nl100_m50_w50/combined_nl100_m50_w50.npz,1.0407153604298964,0.9643298007682303
nl100_m50_w50,d12_nl100_m50_w50_n600_p12_ds415_lmin1of100_lseed415_lN1000_lpnsseed1000,d12_nl100_m50_w50_n600_p12_ds415,lmin1of100_lseed415_lN1000_lpnsseed1000,1171,2171,200,100,-182.06278232039054,26.852438533124676,0.5112074932682484,0.5181933860357991,0.9865187535082355,results/bootstrap_runs/nl100_m50_w50/boot_method3_out/boot3_d12_nl100_m50_w50_n600_p12_ds415_lmin1of100_lseed415_lN1000_lpnsseed1000_nsseed1171_bootseed2171.npz,results/bootstrap_runs/nl100_m50_w50/ns_runs_out/ns_out_d12_nl100_m50_w50_n600_p12_ds415_lmin1of100_lseed415_lN1000_lpnsseed1000_nsseed1171.npz,0.5291959219454955,results/nl100_m50_w50/combined_nl100_m50_w50.npz,0.966007998302187,0.979208955599568
nl100_m50_w50,d12_nl100_m50_w50_n600_p12_ds415_lmin1of100_lseed415_lN1000_lpnsseed1000,d12_nl100_m50_w50_n600_p12_ds415,lmin1of100_lseed415_lN1000_lpnsseed1000,1172,2172,200,100,-181.59557186217796,26.081681933687218,0.5192853500015598,0.5107022805283644,1.0168064052197212,results/bootstrap_runs/nl100_m50_w50/boot_method3_out/boot3_d12_nl100_m50_w50_n600_p12_ds415_lmin1of100_lseed415_lN1000_lpnsseed1000_nsseed1172_bootseed2172.npz,results/bootstrap_runs/nl100_m50_w50/ns_runs_out/ns_out_d12_nl100_m50_w50_n600_p12_ds415_lmin1of100_lseed415_lN1000_lpnsseed1000_nsseed1172.npz,0.5291959219454955,results/nl100_m50_w50/combined_nl100_m50_w50.npz,0.98127239547217,0.9650533183454203
nl100_m50_w50,d12_nl100_m50_w50_n600_p12_ds415_lmin1of100_lseed415_lN1000_lpnsseed1000,d12_nl100_m50_w50_n600_p12_ds415,lmin1of100_lseed415_lN1000_lpnsseed1000,1173,2173,200,100,-181.7262262640223,25.972630111437073,0.5275607760592356,0.5096334968527586,1.0351768070921297,results/bootstrap_runs/nl100_m50_w50/boot_method3_out/boot3_d12_nl100_m50_w50_n600_p12_ds415_lmin1of100_lseed415_lN1000_lpnsseed1000_nsseed1173_bootseed2173.npz,results/bootstrap_runs/nl100_m50_w50/ns_runs_out/ns_out_d12_nl100_m50_w50_n600_p12_ds415_lmin1of100_lseed415_lN1000_lpnsseed1000_nsseed1173.npz,0.5291959219454955,results/nl100_m50_w50/combined_nl100_m50_w50.npz,0.9969101313550404,0.9630336813238866
nl100_m50_w50,d12_nl100_m50_w50_n600_p12_ds415_lmin1of100_lseed415_lN1000_lpnsseed1000,d12_nl100_m50_w50_n600_p12_ds415,lmin1of100_lseed415_lN1000_lpnsseed1000,1174,2174,200,100,-181.69643265998624,26.24279487236428,0.5128942852094674,0.5122772186264414,1.0012045559720195,results/bootstrap_runs/nl100_m50_w50/boot_method3_out/boot3_d12_nl100_m50_w50_n600_p12_ds415_lmin1of100_lseed415_lN1000_lpnsseed1000_nsseed1174_bootseed2174.npz,results/bootstrap_runs/nl100_m50_w50/ns_runs_out/ns_out_d12_nl100_m50_w50_n600_p12_ds415_lmin1of100_lseed415_lN1000_lpnsseed1000_nsseed1174.npz,0.5291959219454955,results/nl100_m50_w50/combined_nl100_m50_w50.npz,0.9691954603956547,0.9680294147829872
nl100_m50_w50,d12_nl100_m50_w50_n600_p12_ds415_lmin1of100_lseed415_lN1000_lpnsseed1000,d12_nl100_m50_w50_n600_p12_ds415,lmin1of100_lseed415_lN1000_lpnsseed1000,1175,2175,200,100,-181.57301051424,26.186087183189024,0.5284992547206204,0.5117234329517169,1.0327829852780779,results/bootstrap_runs/nl100_m50_w50/boot_method3_out/boot3_d12_nl100_m50_w50_n600_p12_ds415_lmin1of100_lseed415_lN1000_lpnsseed1000_nsseed1175_bootseed2175.npz,results/bootstrap_runs/nl100_m50_w50/ns_runs_out/ns_out_d12_nl100_m50_w50_n600_p12_ds415_lmin1of100_lseed415_lN1000_lpnsseed1000_nsseed1175.npz,0.5291959219454955,results/nl100_m50_w50/combined_nl100_m50_w50.npz,0.9986835362934887,0.9669829485277511
nl100_m50_w50,d12_nl100_m50_w50_n600_p12_ds415_lmin1of100_lseed415_lN1000_lpnsseed1000,d12_nl100_m50_w50_n600_p12_ds415,lmin1of100_lseed415_lN1000_lpnsseed1000,1176,2176,200,100,-181.5409160241956,26.320528238133104,0.534197720321579,0.5130353617260033,1.0412493176384163,results/bootstrap_runs/nl100_m50_w50/boot_method3_out/boot3_d12_nl100_m50_w50_n600_p12_ds415_lmin1of100_lseed415_lN1000_lpnsseed1000_nsseed1176_bootseed2176.npz,results/bootstrap_runs/nl100_m50_w50/ns_runs_out/ns_out_d12_nl100_m50_w50_n600_p12_ds415_lmin1of100_lseed415_lN1000_lpnsseed1000_nsseed1176.npz,0.5291959219454955,results/nl100_m50_w50/combined_nl100_m50_w50.npz,1.0094516948613195,0.9694620469483576
nl100_m50_w50,d12_nl100_m50_w50_n600_p12_ds415_lmin1of100_lseed415_lN1000_lpnsseed1000,d12_nl100_m50_w50_n600_p12_ds415,lmin1of100_lseed415_lN1000_lpnsseed1000,1177,2177,200,100,-181.70449489609257,26.348002479451033,0.5755345667728047,0.5133030535604773,1.1212373719202806,results/bootstrap_runs/nl100_m50_w50/boot_method3_out/boot3_d12_nl100_m50_w50_n600_p12_ds415_lmin1of100_lseed415_lN1000_lpnsseed1000_nsseed1177_bootseed2177.npz,results/bootstrap_runs/nl100_m50_w50/ns_runs_out/ns_out_d12_nl100_m50_w50_n600_p12_ds415_lmin1of100_lseed415_lN1000_lpnsseed1000_nsseed1177.npz,0.5291959219454955,results/nl100_m50_w50/combined_nl100_m50_w50.npz,1.0875642515478074,0.969967893315219
nl100_m50_w50,d12_nl100_m50_w50_n600_p12_ds415_lmin1of100_lseed415_lN1000_lpnsseed1000,d12_nl100_m50_w50_n600_p12_ds415,lmin1of100_lseed415_lN1000_lpnsseed1000,1178,2178,200,100,-181.9482788620607,26.692275110817217,0.5197577872188094,0.5166456726889059,1.0060236922409633,results/bootstrap_runs/nl100_m50_w50/boot_method3_out/boot3_d12_nl100_m50_w50_n600_p12_ds415_lmin1of100_lseed415_lN1000_lpnsseed1000_nsseed1178_bootseed2178.npz,results/bootstrap_runs/nl100_m50_w50/ns_runs_out/ns_out_d12_nl100_m50_w50_n600_p12_ds415_lmin1of100_lseed415_lN1000_lpnsseed1000_nsseed1178.npz,0.5291959219454955,results/nl100_m50_w50/combined_nl100_m50_w50.npz,0.9821651408574948,0.9762843046665008
nl100_m50_w50,d12_nl100_m50_w50_n600_p12_ds415_lmin1of100_lseed415_lN1000_lpnsseed1000,d12_nl100_m50_w50_n600_p12_ds415,lmin1of100_lseed415_lN1000_lpnsseed1000,1179,2179,200,100,-181.4955069821164,26.080932186467102,0.5586248748183509,0.5106949401204902,1.0938523782643164,results/bootstrap_runs/nl100_m50_w50/boot_method3_out/boot3_d12_nl100_m50_w50_n600_p12_ds415_lmin1of100_lseed415_lN1000_lpnsseed1000_nsseed1179_bootseed2179.npz,results/bootstrap_runs/nl100_m50_w50/ns_runs_out/ns_out_d12_nl100_m50_w50_n600_p12_ds415_lmin1of100_lseed415_lN1000_lpnsseed1000_nsseed1179.npz,0.5291959219454955,results/nl100_m50_w50/combined_nl100_m50_w50.npz,1.0556106947397952,0.9650394474753515
nl100_m50_w50,d12_nl100_m50_w50_n600_p12_ds415_lmin1of100_lseed415_lN1000_lpnsseed1000,d12_nl100_m50_w50_n600_p12_ds415,lmin1of100_lseed415_lN1000_lpnsseed1000,1180,2180,200,100,-181.12381774392318,25.60101801197281,0.5219968590707033,0.505974485641053,1.031666366357091,results/bootstrap_runs/nl100_m50_w50/boot_method3_out/boot3_d12_nl100_m50_w50_n600_p12_ds415_lmin1of100_lseed415_lN1000_lpnsseed1000_nsseed1180_bootseed2180.npz,results/bootstrap_runs/nl100_m50_w50/ns_runs_out/ns_out_d12_nl100_m50_w50_n600_p12_ds415_lmin1of100_lseed415_lN1000_lpnsseed1000_nsseed1180.npz,0.5291959219454955,results/nl100_m50_w50/combined_nl100_m50_w50.npz,0.9863962238251457,0.9561193967272593
nl100_m50_w50,d12_nl100_m50_w50_n600_p12_ds415_lmin1of100_lseed415_lN1000_lpnsseed1000,d12_nl100_m50_w50_n600_p12_ds415,lmin1of100_lseed415_lN1000_lpnsseed1000,1181,2181,200,100,-181.97358942422906,26.246420132683273,0.5709515648036931,0.5123126011790387,1.1144593427717813,results/bootstrap_runs/nl100_m50_w50/boot_method3_out/boot3_d12_nl100_m50_w50_n600_p12_ds415_lmin1of100_lseed415_lN1000_lpnsseed1000_nsseed1181_bootseed2181.npz,results/bootstrap_runs/nl100_m50_w50/ns_runs_out/ns_out_d12_nl100_m50_w50_n600_p12_ds415_lmin1of100_lseed415_lN1000_lpnsseed1000_nsseed1181.npz,0.5291959219454955,results/nl100_m50_w50/combined_nl100_m50_w50.npz,1.0789039392153486,0.9680962757528662
nl100_m50_w50,d12_nl100_m50_w50_n600_p12_ds415_lmin1of100_lseed415_lN1000_lpnsseed1000,d12_nl100_m50_w50_n600_p12_ds415,lmin1of100_lseed415_lN1000_lpnsseed1000,1182,2182,200,100,-181.6842454070955,26.16401958932289,0.5113665466361225,0.5115077671875853,0.9997239131827083,results/bootstrap_runs/nl100_m50_w50/boot_method3_out/boot3_d12_nl100_m50_w50_n600_p12_ds415_lmin1of100_lseed415_lN1000_lpnsseed1000_nsseed1182_bootseed2182.npz,results/bootstrap_runs/nl100_m50_w50/ns_runs_out/ns_out_d12_nl100_m50_w50_n600_p12_ds415_lmin1of100_lseed415_lN1000_lpnsseed1000_nsseed1182.npz,0.5291959219454955,results/nl100_m50_w50/combined_nl100_m50_w50.npz,0.9663085549793611,0.9665754137090043
nl100_m50_w50,d12_nl100_m50_w50_n600_p12_ds415_lmin1of100_lseed415_lN1000_lpnsseed1000,d12_nl100_m50_w50_n600_p12_ds415,lmin1of100_lseed415_lN1000_lpnsseed1000,1183,2183,200,100,-181.8300658780449,26.215438032871447,0.5257910498821851,0.5120101369394111,1.0269153127028903,results/bootstrap_runs/nl100_m50_w50/boot_method3_out/boot3_d12_nl100_m50_w50_n600_p12_ds415_lmin1of100_lseed415_lN1000_lpnsseed1000_nsseed1183_bootseed2183.npz,results/bootstrap_runs/nl100_m50_w50/ns_runs_out/ns_out_d12_nl100_m50_w50_n600_p12_ds415_lmin1of100_lseed415_lN1000_lpnsseed1000_nsseed1183.npz,0.5291959219454955,results/nl100_m50_w50/combined_nl100_m50_w50.npz,0.9935659518108284,0.9675247213869226
nl100_m50_w50,d12_nl100_m50_w50_n600_p12_ds415_lmin1of100_lseed415_lN1000_lpnsseed1000,d12_nl100_m50_w50_n600_p12_ds415,lmin1of100_lseed415_lN1000_lpnsseed1000,1184,2184,200,100,-182.34665333615808,26.921280897875217,0.5417355721567415,0.5188572144422319,1.0440937450182777,results/bootstrap_runs/nl100_m50_w50/boot_method3_out/boot3_d12_nl100_m50_w50_n600_p12_ds415_lmin1of100_lseed415_lN1000_lpnsseed1000_nsseed1184_bootseed2184.npz,results/bootstrap_runs/nl100_m50_w50/ns_runs_out/ns_out_d12_nl100_m50_w50_n600_p12_ds415_lmin1of100_lseed415_lN1000_lpnsseed1000_nsseed1184.npz,0.5291959219454955,results/nl100_m50_w50/combined_nl100_m50_w50.npz,1.023695666748803,0.980463365127125
nl100_m50_w50,d12_nl100_m50_w50_n600_p12_ds415_lmin1of100_lseed415_lN1000_lpnsseed1000,d12_nl100_m50_w50_n600_p12_ds415,lmin1of100_lseed415_lN1000_lpnsseed1000,1185,2185,200,100,-181.0195117712678,25.388803057290243,0.46965358413667035,0.5038730302098957,0.9320871647784548,results/bootstrap_runs/nl100_m50_w50/boot_method3_out/boot3_d12_nl100_m50_w50_n600_p12_ds415_lmin1of100_lseed415_lN1000_lpnsseed1000_nsseed1185_bootseed2185.npz,results/bootstrap_runs/nl100_m50_w50/ns_runs_out/ns_out_d12_nl100_m50_w50_n600_p12_ds415_lmin1of100_lseed415_lN1000_lpnsseed1000_nsseed1185.npz,0.5291959219454955,results/nl100_m50_w50/combined_nl100_m50_w50.npz,0.8874852671012123,0.9521483619100756
nl100_m50_w50,d12_nl100_m50_w50_n600_p12_ds415_lmin1of100_lseed415_lN1000_lpnsseed1000,d12_nl100_m50_w50_n600_p12_ds415,lmin1of100_lseed415_lN1000_lpnsseed1000,1186,2186,200,100,-181.42355195423445,26.16760093549757,0.505635382578307,0.5115427737296029,0.9884518138957847,results/bootstrap_runs/nl100_m50_w50/boot_method3_out/boot3_d12_nl100_m50_w50_n600_p12_ds415_lmin1of100_lseed415_lN1000_lpnsseed1000_nsseed1186_bootseed2186.npz,results/bootstrap_runs/nl100_m50_w50/ns_runs_out/ns_out_d12_nl100_m50_w50_n600_p12_ds415_lmin1of100_lseed415_lN1000_lpnsseed1000_nsseed1186.npz,0.5291959219454955,results/nl100_m50_w50/combined_nl100_m50_w50.npz,0.9554786074681522,0.9666415641469913
nl100_m50_w50,d12_nl100_m50_w50_n600_p12_ds415_lmin1of100_lseed415_lN1000_lpnsseed1000,d12_nl100_m50_w50_n600_p12_ds415,lmin1of100_lseed415_lN1000_lpnsseed1000,1187,2187,200,100,-181.9981862295518,26.580542561600463,0.4875788608749935,0.5155632120467912,0.9457208146006005,results/bootstrap_runs/nl100_m50_w50/boot_method3_out/boot3_d12_nl100_m50_w50_n600_p12_ds415_lmin1of100_lseed415_lN1000_lpnsseed1000_nsseed1187_bootseed2187.npz,results/bootstrap_runs/nl100_m50_w50/ns_runs_out/ns_out_d12_nl100_m50_w50_n600_p12_ds415_lmin1of100_lseed415_lN1000_lpnsseed1000_nsseed1187.npz,0.5291959219454955,results/nl100_m50_w50/combined_nl100_m50_w50.npz,0.9213579331497791,0.9742388228378897
nl100_m50_w50,d12_nl100_m50_w50_n600_p12_ds415_lmin1of100_lseed415_lN1000_lpnsseed1000,d12_nl100_m50_w50_n600_p12_ds415,lmin1of100_lseed415_lN1000_lpnsseed1000,1188,2188,200,100,-181.37714471283584,25.902103910123294,0.46219325571863923,0.5089410959052462,0.9081468551808393,results/bootstrap_runs/nl100_m50_w50/boot_method3_out/boot3_d12_nl100_m50_w50_n600_p12_ds415_lmin1of100_lseed415_lN1000_lpnsseed1000_nsseed1188_bootseed2188.npz,results/bootstrap_runs/nl100_m50_w50/ns_runs_out/ns_out_d12_nl100_m50_w50_n600_p12_ds415_lmin1of100_lseed415_lN1000_lpnsseed1000_nsseed1188.npz,0.5291959219454955,results/nl100_m50_w50/combined_nl100_m50_w50.npz,0.873387788060549,0.9617252794281067
nl100_m50_w50,d12_nl100_m50_w50_n600_p12_ds415_lmin1of100_lseed415_lN1000_lpnsseed1000,d12_nl100_m50_w50_n600_p12_ds415,lmin1of100_lseed415_lN1000_lpnsseed1000,1189,2189,200,100,-181.2012492438715,25.126852107661996,0.4804110672590046,0.5012669160004677,0.9583937258260156,results/bootstrap_runs/nl100_m50_w50/boot_method3_out/boot3_d12_nl100_m50_w50_n600_p12_ds415_lmin1of100_lseed415_lN1000_lpnsseed1000_nsseed1189_bootseed2189.npz,results/bootstrap_runs/nl100_m50_w50/ns_runs_out/ns_out_d12_nl100_m50_w50_n600_p12_ds415_lmin1of100_lseed415_lN1000_lpnsseed1000_nsseed1189.npz,0.5291959219454955,results/nl100_m50_w50/combined_nl100_m50_w50.npz,0.9078132452208968,0.9472236939348442
nl100_m50_w50,d12_nl100_m50_w50_n600_p12_ds415_lmin1of100_lseed415_lN1000_lpnsseed1000,d12_nl100_m50_w50_n600_p12_ds415,lmin1of100_lseed415_lN1000_lpnsseed1000,1190,2190,200,100,-182.7046179768103,26.940702915313878,0.5053119824658532,0.5190443421839206,0.9735429931471993,results/bootstrap_runs/nl100_m50_w50/boot_method3_out/boot3_d12_nl100_m50_w50_n600_p12_ds415_lmin1of100_lseed415_lN1000_lpnsseed1000_nsseed1190_bootseed2190.npz,results/bootstrap_runs/nl100_m50_w50/ns_runs_out/ns_out_d12_nl100_m50_w50_n600_p12_ds415_lmin1of100_lseed415_lN1000_lpnsseed1000_nsseed1190.npz,0.5291959219454955,results/nl100_m50_w50/combined_nl100_m50_w50.npz,0.9548674914352379,0.9808169728061124
nl100_m50_w50,d12_nl100_m50_w50_n600_p12_ds415_lmin1of100_lseed415_lN1000_lpnsseed1000,d12_nl100_m50_w50_n600_p12_ds415,lmin1of100_lseed415_lN1000_lpnsseed1000,1191,2191,200,100,-181.83875702849147,26.280517661411196,0.5099765138369456,0.512645273667974,0.9947941394018258,results/bootstrap_runs/nl100_m50_w50/boot_method3_out/boot3_d12_nl100_m50_w50_n600_p12_ds415_lmin1of100_lseed415_lN1000_lpnsseed1000_nsseed1191_bootseed2191.npz,results/bootstrap_runs/nl100_m50_w50/ns_runs_out/ns_out_d12_nl100_m50_w50_n600_p12_ds415_lmin1of100_lseed415_lN1000_lpnsseed1000_nsseed1191.npz,0.5291959219454955,results/nl100_m50_w50/combined_nl100_m50_w50.npz,0.963681866561078,0.9687249134183121
nl100_m50_w50,d12_nl100_m50_w50_n600_p12_ds415_lmin1of100_lseed415_lN1000_lpnsseed1000,d12_nl100_m50_w50_n600_p12_ds415,lmin1of100_lseed415_lN1000_lpnsseed1000,1192,2192,200,100,-181.4851531338044,25.886398309117787,0.5078543795678342,0.5087867756645978,0.998167412870459,results/bootstrap_runs/nl100_m50_w50/boot_method3_out/boot3_d12_nl100_m50_w50_n600_p12_ds415_lmin1of100_lseed415_lN1000_lpnsseed1000_nsseed1192_bootseed2192.npz,results/bootstrap_runs/nl100_m50_w50/ns_runs_out/ns_out_d12_nl100_m50_w50_n600_p12_ds415_lmin1of100_lseed415_lN1000_lpnsseed1000_nsseed1192.npz,0.5291959219454955,results/nl100_m50_w50/combined_nl100_m50_w50.npz,0.9596717557852622,0.9614336667488537
nl100_m50_w50,d12_nl100_m50_w50_n600_p12_ds415_lmin1of100_lseed415_lN1000_lpnsseed1000,d12_nl100_m50_w50_n600_p12_ds415,lmin1of100_lseed415_lN1000_lpnsseed1000,1193,2193,200,100,-181.51846687217733,25.704424262854587,0.5020577081063613,0.5069953082904671,0.9902610534981973,results/bootstrap_runs/nl100_m50_w50/boot_method3_out/boot3_d12_nl100_m50_w50_n600_p12_ds415_lmin1of100_lseed415_lN1000_lpnsseed1000_nsseed1193_bootseed2193.npz,results/bootstrap_runs/nl100_m50_w50/ns_runs_out/ns_out_d12_nl100_m50_w50_n600_p12_ds415_lmin1of100_lseed415_lN1000_lpnsseed1000_nsseed1193.npz,0.5291959219454955,results/nl100_m50_w50/combined_nl100_m50_w50.npz,0.9487180215989471,0.958048403749198
nl100_m50_w50,d12_nl100_m50_w50_n600_p12_ds415_lmin1of100_lseed415_lN1000_lpnsseed1000,d12_nl100_m50_w50_n600_p12_ds415,lmin1of100_lseed415_lN1000_lpnsseed1000,1194,2194,200,100,-181.84668181101873,26.25969820141609,0.5000983647184071,0.5124421743125374,0.975911799978817,results/bootstrap_runs/nl100_m50_w50/boot_method3_out/boot3_d12_nl100_m50_w50_n600_p12_ds415_lmin1of100_lseed415_lN1000_lpnsseed1000_nsseed1194_bootseed2194.npz,results/bootstrap_runs/nl100_m50_w50/ns_runs_out/ns_out_d12_nl100_m50_w50_n600_p12_ds415_lmin1of100_lseed415_lN1000_lpnsseed1000_nsseed1194.npz,0.5291959219454955,results/nl100_m50_w50/combined_nl100_m50_w50.npz,0.9450155301270721,0.968341124830732
nl100_m50_w50,d12_nl100_m50_w50_n600_p12_ds415_lmin1of100_lseed415_lN1000_lpnsseed1000,d12_nl100_m50_w50_n600_p12_ds415,lmin1of100_lseed415_lN1000_lpnsseed1000,1195,2195,200,100,-181.5685970905673,26.237338654537638,0.5494934246328746,0.5122239613151423,1.0727600934990282,results/bootstrap_runs/nl100_m50_w50/boot_method3_out/boot3_d12_nl100_m50_w50_n600_p12_ds415_lmin1of100_lseed415_lN1000_lpnsseed1000_nsseed1195_bootseed2195.npz,results/bootstrap_runs/nl100_m50_w50/ns_runs_out/ns_out_d12_nl100_m50_w50_n600_p12_ds415_lmin1of100_lseed415_lN1000_lpnsseed1000_nsseed1195.npz,0.5291959219454955,results/nl100_m50_w50/combined_nl100_m50_w50.npz,1.038355364895404,0.9679287766089376
nl100_m50_w50,d12_nl100_m50_w50_n600_p12_ds415_lmin1of100_lseed415_lN1000_lpnsseed1000,d12_nl100_m50_w50_n600_p12_ds415,lmin1of100_lseed415_lN1000_lpnsseed1000,1196,2196,200,100,-182.0583982120133,27.02363903137038,0.5371174602072623,0.5198426591899743,1.0332308261199759,results/bootstrap_runs/nl100_m50_w50/boot_method3_out/boot3_d12_nl100_m50_w50_n600_p12_ds415_lmin1of100_lseed415_lN1000_lpnsseed1000_nsseed1196_bootseed2196.npz,results/bootstrap_runs/nl100_m50_w50/ns_runs_out/ns_out_d12_nl100_m50_w50_n600_p12_ds415_lmin1of100_lseed415_lN1000_lpnsseed1000_nsseed1196.npz,0.5291959219454955,results/nl100_m50_w50/combined_nl100_m50_w50.npz,1.014969008515116,0.9823255199678494
nl100_m50_w50,d12_nl100_m50_w50_n600_p12_ds415_lmin1of100_lseed415_lN1000_lpnsseed1000,d12_nl100_m50_w50_n600_p12_ds415,lmin1of100_lseed415_lN1000_lpnsseed1000,1197,2197,200,100,-181.84693693472585,26.19240308769856,0.5096517138117895,0.5117851413210289,0.9958314000603211,results/bootstrap_runs/nl100_m50_w50/boot_method3_out/boot3_d12_nl100_m50_w50_n600_p12_ds415_lmin1of100_lseed415_lN1000_lpnsseed1000_nsseed1197_bootseed2197.npz,results/bootstrap_runs/nl100_m50_w50/ns_runs_out/ns_out_d12_nl100_m50_w50_n600_p12_ds415_lmin1of100_lseed415_lN1000_lpnsseed1000_nsseed1197.npz,0.5291959219454955,results/nl100_m50_w50/combined_nl100_m50_w50.npz,0.9630681051700944,0.9670995563222429
nl100_m50_w50,d12_nl100_m50_w50_n600_p12_ds415_lmin1of100_lseed415_lN1000_lpnsseed1000,d12_nl100_m50_w50_n600_p12_ds415,lmin1of100_lseed415_lN1000_lpnsseed1000,1198,2198,200,100,-180.71732196840887,25.17260026810814,0.4833720835900876,0.5017230338354832,0.9634241423896576,results/bootstrap_runs/nl100_m50_w50/boot_method3_out/boot3_d12_nl100_m50_w50_n600_p12_ds415_lmin1of100_lseed415_lN1000_lpnsseed1000_nsseed1198_bootseed2198.npz,results/bootstrap_runs/nl100_m50_w50/ns_runs_out/ns_out_d12_nl100_m50_w50_n600_p12_ds415_lmin1of100_lseed415_lN1000_lpnsseed1000_nsseed1198.npz,0.5291959219454955,results/nl100_m50_w50/combined_nl100_m50_w50.npz,0.9134085572939704,0.9480856012476192
nl100_m50_w50,d12_nl100_m50_w50_n600_p12_ds415_lmin1of100_lseed415_lN1000_lpnsseed1000,d12_nl100_m50_w50_n600_p12_ds415,lmin1of100_lseed415_lN1000_lpnsseed1000,1199,2199,200,100,-181.76446669296104,26.54091416370592,0.49776004258811674,0.5151787472684206,0.966189007654797,results/bootstrap_runs/nl100_m50_w50/boot_method3_out/boot3_d12_nl100_m50_w50_n600_p12_ds415_lmin1of100_lseed415_lN1000_lpnsseed1000_nsseed1199_bootseed2199.npz,results/bootstrap_runs/nl100_m50_w50/ns_runs_out/ns_out_d12_nl100_m50_w50_n600_p12_ds415_lmin1of100_lseed415_lN1000_lpnsseed1000_nsseed1199.npz,0.5291959219454955,results/nl100_m50_w50/combined_nl100_m50_w50.npz,0.940596897946964,0.9735123153905964
nl100_m50_w50,d12_nl100_m50_w50_n600_p12_ds415_lmin1of100_lseed415_lN1000_lpnsseed1000,d12_nl100_m50_w50_n600_p12_ds415,lmin1of100_lseed415_lN1000_lpnsseed1000,1200,2200,200,100,-181.61731394635643,25.867292793209977,0.5374319812761089,0.5085989853824915,1.056691021260952,results/bootstrap_runs/nl100_m50_w50/boot_method3_out/boot3_d12_nl100_m50_w50_n600_p12_ds415_lmin1of100_lseed415_lN1000_lpnsseed1000_nsseed1200_bootseed2200.npz,results/bootstrap_runs/nl100_m50_w50/ns_runs_out/ns_out_d12_nl100_m50_w50_n600_p12_ds415_lmin1of100_lseed415_lN1000_lpnsseed1000_nsseed1200.npz,0.5291959219454955,results/nl100_m50_w50/combined_nl100_m50_w50.npz,1.0155633461806264,0.9610788070941987
nl100_m50_w50,d12_nl100_m50_w50_n600_p12_ds415_lmin1of100_lseed415_lN1000_lpnsseed1000,d12_nl100_m50_w50_n600_p12_ds415,lmin1of100_lseed415_lN1000_lpnsseed1000,1201,2201,200,100,-182.5114292856076,26.7037105559432,0.5301953484676014,0.5167563309330927,1.026006488416392,results/bootstrap_runs/nl100_m50_w50/boot_method3_out/boot3_d12_nl100_m50_w50_n600_p12_ds415_lmin1of100_lseed415_lN1000_lpnsseed1000_nsseed1201_bootseed2201.npz,results/bootstrap_runs/nl100_m50_w50/ns_runs_out/ns_out_d12_nl100_m50_w50_n600_p12_ds415_lmin1of100_lseed415_lN1000_lpnsseed1000_nsseed1201.npz,0.5291959219454955,results/nl100_m50_w50/combined_nl100_m50_w50.npz,1.0018885756308018,0.9764934110477065
nl100_m50_w50,d12_nl100_m50_w50_n600_p12_ds415_lmin1of100_lseed415_lN1000_lpnsseed1000,d12_nl100_m50_w50_n600_p12_ds415,lmin1of100_lseed415_lN1000_lpnsseed1000,1202,2202,200,100,-180.8016427675545,25.236726442110772,0.4803467608113536,0.5023616868563006,0.9561771396566627,results/bootstrap_runs/nl100_m50_w50/boot_method3_out/boot3_d12_nl100_m50_w50_n600_p12_ds415_lmin1of100_lseed415_lN1000_lpnsseed1000_nsseed1202_bootseed2202.npz,results/bootstrap_runs/nl100_m50_w50/ns_runs_out/ns_out_d12_nl100_m50_w50_n600_p12_ds415_lmin1of100_lseed415_lN1000_lpnsseed1000_nsseed1202.npz,0.5291959219454955,results/nl100_m50_w50/combined_nl100_m50_w50.npz,0.9076917279434872,0.9492924378733993
nl100_m50_w50,d12_nl100_m50_w50_n600_p12_ds415_lmin1of100_lseed415_lN1000_lpnsseed1000,d12_nl100_m50_w50_n600_p12_ds415,lmin1of100_lseed415_lN1000_lpnsseed1000,1203,2203,200,100,-181.66294749802185,26.165297829357925,0.5313645081434998,0.5115202618602505,1.038794643659044,results/bootstrap_runs/nl100_m50_w50/boot_method3_out/boot3_d12_nl100_m50_w50_n600_p12_ds415_lmin1of100_lseed415_lN1000_lpnsseed1000_nsseed1203_bootseed2203.npz,results/bootstrap_runs/nl100_m50_w50/ns_runs_out/ns_out_d12_nl100_m50_w50_n600_p12_ds415_lmin1of100_lseed415_lN1000_lpnsseed1000_nsseed1203.npz,0.5291959219454955,results/nl100_m50_w50/combined_nl100_m50_w50.npz,1.0040978890956527,0.9665990243835145
nl100_m50_w50,d12_nl100_m50_w50_n600_p12_ds415_lmin1of100_lseed415_lN1000_lpnsseed1000,d12_nl100_m50_w50_n600_p12_ds415,lmin1of100_lseed415_lN1000_lpnsseed1000,1204,2204,200,100,-181.30726601735964,25.7692493710422,0.4934996532450094,0.5076342125097776,0.9721560152636561,results/bootstrap_runs/nl100_m50_w50/boot_method3_out/boot3_d12_nl100_m50_w50_n600_p12_ds415_lmin1of100_lseed415_lN1000_lpnsseed1000_nsseed1204_bootseed2204.npz,results/bootstrap_runs/nl100_m50_w50/ns_runs_out/ns_out_d12_nl100_m50_w50_n600_p12_ds415_lmin1of100_lseed415_lN1000_lpnsseed1000_nsseed1204.npz,0.5291959219454955,results/nl100_m50_w50/combined_nl100_m50_w50.npz,0.9325462135663195,0.9592557150545491
nl100_m50_w50,d12_nl100_m50_w50_n600_p12_ds415_lmin1of100_lseed415_lN1000_lpnsseed1000,d12_nl100_m50_w50_n600_p12_ds415,lmin1of100_lseed415_lN1000_lpnsseed1000,1205,2205,200,100,-181.7581921769725,26.193634356142766,0.4976043516378981,0.5117971703335489,0.9722686651698348,results/bootstrap_runs/nl100_m50_w50/boot_method3_out/boot3_d12_nl100_m50_w50_n600_p12_ds415_lmin1of100_lseed415_lN1000_lpnsseed1000_nsseed1205_bootseed2205.npz,results/bootstrap_runs/nl100_m50_w50/ns_runs_out/ns_out_d12_nl100_m50_w50_n600_p12_ds415_lmin1of100_lseed415_lN1000_lpnsseed1000_nsseed1205.npz,0.5291959219454955,results/nl100_m50_w50/combined_nl100_m50_w50.npz,0.940302695093612,0.967122287057725
nl100_m50_w50,d12_nl100_m50_w50_n600_p12_ds415_lmin1of100_lseed415_lN1000_lpnsseed1000,d12_nl100_m50_w50_n600_p12_ds415,lmin1of100_lseed415_lN1000_lpnsseed1000,1206,2206,200,100,-181.66514835155164,26.517869743080734,0.5161797065646064,0.5149550440871585,1.002378192992786,results/bootstrap_runs/nl100_m50_w50/boot_method3_out/boot3_d12_nl100_m50_w50_n600_p12_ds415_lmin1of100_lseed415_lN1000_lpnsseed1000_nsseed1206_bootseed2206.npz,results/bootstrap_runs/nl100_m50_w50/ns_runs_out/ns_out_d12_nl100_m50_w50_n600_p12_ds415_lmin1of100_lseed415_lN1000_lpnsseed1000_nsseed1206.npz,0.5291959219454955,results/nl100_m50_w50/combined_nl100_m50_w50.npz,0.9754037874422062,0.9730895925917515
nl100_m50_w50,d12_nl100_m50_w50_n600_p12_ds415_lmin1of100_lseed415_lN1000_lpnsseed1000,d12_nl100_m50_w50_n600_p12_ds415,lmin1of100_lseed415_lN1000_lpnsseed1000,1207,2207,200,100,-182.51015950315056,26.684093892101583,0.5380436021559423,0.5165664903195094,1.041576664841633,results/bootstrap_runs/nl100_m50_w50/boot_method3_out/boot3_d12_nl100_m50_w50_n600_p12_ds415_lmin1of100_lseed415_lN1000_lpnsseed1000_nsseed1207_bootseed2207.npz,results/bootstrap_runs/nl100_m50_w50/ns_runs_out/ns_out_d12_nl100_m50_w50_n600_p12_ds415_lmin1of100_lseed415_lN1000_lpnsseed1000_nsseed1207.npz,0.5291959219454955,results/nl100_m50_w50/combined_nl100_m50_w50.npz,1.0167191012695636,0.9761346769650904
nl100_m50_w50,d12_nl100_m50_w50_n600_p12_ds415_lmin1of100_lseed415_lN1000_lpnsseed1000,d12_nl100_m50_w50_n600_p12_ds415,lmin1of100_lseed415_lN1000_lpnsseed1000,1208,2208,200,100,-181.87172639190803,26.34627131203158,0.506665722127763,0.5132861902684659,0.987101799607661,results/bootstrap_runs/nl100_m50_w50/boot_method3_out/boot3_d12_nl100_m50_w50_n600_p12_ds415_lmin1of100_lseed415_lN1000_lpnsseed1000_nsseed1208_bootseed2208.npz,results/bootstrap_runs/nl100_m50_w50/ns_runs_out/ns_out_d12_nl100_m50_w50_n600_p12_ds415_lmin1of100_lseed415_lN1000_lpnsseed1000_nsseed1208.npz,0.5291959219454955,results/nl100_m50_w50/combined_nl100_m50_w50.npz,0.9574255981888443,0.9699360274384953
nl100_m50_w50,d12_nl100_m50_w50_n600_p12_ds415_lmin1of100_lseed415_lN1000_lpnsseed1000,d12_nl100_m50_w50_n600_p12_ds415,lmin1of100_lseed415_lN1000_lpnsseed1000,1209,2209,200,100,-181.42265705914542,26.09411420508619,0.4801410334563624,0.5108239834334933,0.9399343982032792,results/bootstrap_runs/nl100_m50_w50/boot_method3_out/boot3_d12_nl100_m50_w50_n600_p12_ds415_lmin1of100_lseed415_lN1000_lpnsseed1000_nsseed1209_bootseed2209.npz,results/bootstrap_runs/nl100_m50_w50/ns_runs_out/ns_out_d12_nl100_m50_w50_n600_p12_ds415_lmin1of100_lseed415_lN1000_lpnsseed1000_nsseed1209.npz,0.5291959219454955,results/nl100_m50_w50/combined_nl100_m50_w50.npz,0.9073029733320856,0.965283295372986
nl100_m50_w50,d12_nl100_m50_w50_n600_p12_ds415_lmin1of100_lseed415_lN1000_lpnsseed1000,d12_nl100_m50_w50_n600_p12_ds415,lmin1of100_lseed415_lN1000_lpnsseed1000,1210,2210,200,100,-180.8870030131561,25.527241080736054,0.5247205264415159,0.5052449018123394,1.038546899848601,results/bootstrap_runs/nl100_m50_w50/boot_method3_out/boot3_d12_nl100_m50_w50_n600_p12_ds415_lmin1of100_lseed415_lN1000_lpnsseed1000_nsseed1210_bootseed2210.npz,results/bootstrap_runs/nl100_m50_w50/ns_runs_out/ns_out_d12_nl100_m50_w50_n600_p12_ds415_lmin1of100_lseed415_lN1000_lpnsseed1000_nsseed1210.npz,0.5291959219454955,results/nl100_m50_w50/combined_nl100_m50_w50.npz,0.9915430272260478,0.9547407318538956
nl100_m50_w50,d12_nl100_m50_w50_n600_p12_ds415_lmin1of100_lseed415_lN1000_lpnsseed1000,d12_nl100_m50_w50_n600_p12_ds415,lmin1of100_lseed415_lN1000_lpnsseed1000,1211,2211,200,100,-181.75077758939887,26.070205305771204,0.5222149203837712,0.5105899069289482,1.022767808954047,results/bootstrap_runs/nl100_m50_w50/boot_method3_out/boot3_d12_nl100_m50_w50_n600_p12_ds415_lmin1of100_lseed415_lN1000_lpnsseed1000_nsseed1211_bootseed2211.npz,results/bootstrap_runs/nl100_m50_w50/ns_runs_out/ns_out_d12_nl100_m50_w50_n600_p12_ds415_lmin1of100_lseed415_lN1000_lpnsseed1000_nsseed1211.npz,0.5291959219454955,results/nl100_m50_w50/combined_nl100_m50_w50.npz,0.9868082854152392,0.9648409705272378
nl100_m50_w50,d12_nl100_m50_w50_n600_p12_ds415_lmin1of100_lseed415_lN1000_lpnsseed1000,d12_nl100_m50_w50_n600_p12_ds415,lmin1of100_lseed415_lN1000_lpnsseed1000,1212,2212,200,100,-181.32602896903768,25.712426202930406,0.5302435299871487,0.5070742174764007,1.045692152572964,results/bootstrap_runs/nl100_m50_w50/boot_method3_out/boot3_d12_nl100_m50_w50_n600_p12_ds415_lmin1of100_lseed415_lN1000_lpnsseed1000_nsseed1212_bootseed2212.npz,results/bootstrap_runs/nl100_m50_w50/ns_runs_out/ns_out_d12_nl100_m50_w50_n600_p12_ds415_lmin1of100_lseed415_lN1000_lpnsseed1000_nsseed1212.npz,0.5291959219454955,results/nl100_m50_w50/combined_nl100_m50_w50.npz,1.0019796222877189,0.9581975152269347
nl100_m50_w50,d12_nl100_m50_w50_n600_p12_ds415_lmin1of100_lseed415_lN1000_lpnsseed1000,d12_nl100_m50_w50_n600_p12_ds415,lmin1of100_lseed415_lN1000_lpnsseed1000,1213,2213,200,100,-181.02271088423095,25.847194865022168,0.5219939381490557,0.5084013657045205,1.0267359085979229,results/bootstrap_runs/nl100_m50_w50/boot_method3_out/boot3_d12_nl100_m50_w50_n600_p12_ds415_lmin1of100_lseed415_lN1000_lpnsseed1000_nsseed1213_bootseed2213.npz,results/bootstrap_runs/nl100_m50_w50/ns_runs_out/ns_out_d12_nl100_m50_w50_n600_p12_ds415_lmin1of100_lseed415_lN1000_lpnsseed1000_nsseed1213.npz,0.5291959219454955,results/nl100_m50_w50/combined_nl100_m50_w50.npz,0.9863907042783645,0.9607053732301499
nl100_m50_w50,d12_nl100_m50_w50_n600_p12_ds415_lmin1of100_lseed415_lN1000_lpnsseed1000,d12_nl100_m50_w50_n600_p12_ds415,lmin1of100_lseed415_lN1000_lpnsseed1000,1214,2214,200,100,-182.2120146147352,26.229683246188472,0.49669245562043973,0.5121492287037878,0.9698197864664017,results/bootstrap_runs/nl100_m50_w50/boot_method3_out/boot3_d12_nl100_m50_w50_n600_p12_ds415_lmin1of100_lseed415_lN1000_lpnsseed1000_nsseed1214_bootseed2214.npz,results/bootstrap_runs/nl100_m50_w50/ns_runs_out/ns_out_d12_nl100_m50_w50_n600_p12_ds415_lmin1of100_lseed415_lN1000_lpnsseed1000_nsseed1214.npz,0.5291959219454955,results/nl100_m50_w50/combined_nl100_m50_w50.npz,0.9385795222957076,0.9677875574342324
nl100_m50_w50,d12_nl100_m50_w50_n600_p12_ds415_lmin1of100_lseed415_lN1000_lpnsseed1000,d12_nl100_m50_w50_n600_p12_ds415,lmin1of100_lseed415_lN1000_lpnsseed1000,1215,2215,200,100,-181.627974868966,26.541244675523107,0.5314005485637354,0.5151819549976795,1.0314812920148357,results/bootstrap_runs/nl100_m50_w50/boot_method3_out/boot3_d12_nl100_m50_w50_n600_p12_ds415_lmin1of100_lseed415_lN1000_lpnsseed1000_nsseed1215_bootseed2215.npz,results/bootstrap_runs/nl100_m50_w50/ns_runs_out/ns_out_d12_nl100_m50_w50_n600_p12_ds415_lmin1of100_lseed415_lN1000_lpnsseed1000_nsseed1215.npz,0.5291959219454955,results/nl100_m50_w50/combined_nl100_m50_w50.npz,1.0041659932112383,0.97351837690605
nl100_m50_w50,d12_nl100_m50_w50_n600_p12_ds415_lmin1of100_lseed415_lN1000_lpnsseed1000,d12_nl100_m50_w50_n600_p12_ds415,lmin1of100_lseed415_lN1000_lpnsseed1000,1216,2216,200,100,-182.2555040687579,26.42246018059698,0.5548811750078456,0.514027822015472,1.079476929540876,results/bootstrap_runs/nl100_m50_w50/boot_method3_out/boot3_d12_nl100_m50_w50_n600_p12_ds415_lmin1of100_lseed415_lN1000_lpnsseed1000_nsseed1216_bootseed2216.npz,results/bootstrap_runs/nl100_m50_w50/ns_runs_out/ns_out_d12_nl100_m50_w50_n600_p12_ds415_lmin1of100_lseed415_lN1000_lpnsseed1000_nsseed1216.npz,0.5291959219454955,results/nl100_m50_w50/combined_nl100_m50_w50.npz,1.0485363775441103,0.9713374587728103
nl100_m50_w50,d12_nl100_m50_w50_n600_p12_ds415_lmin1of100_lseed415_lN1000_lpnsseed1000,d12_nl100_m50_w50_n600_p12_ds415,lmin1of100_lseed415_lN1000_lpnsseed1000,1217,2217,200,100,-182.16362474288962,26.52589757795785,0.5244718536811264,0.5150329851374361,1.018326726279816,results/bootstrap_runs/nl100_m50_w50/boot_method3_out/boot3_d12_nl100_m50_w50_n600_p12_ds415_lmin1of100_lseed415_lN1000_lpnsseed1000_nsseed1217_bootseed2217.npz,results/bootstrap_runs/nl100_m50_w50/ns_runs_out/ns_out_d12_nl100_m50_w50_n600_p12_ds415_lmin1of100_lseed415_lN1000_lpnsseed1000_nsseed1217.npz,0.5291959219454955,results/nl100_m50_w50/combined_nl100_m50_w50.npz,0.9910731204295719,0.973236874622934
nl100_m50_w50,d12_nl100_m50_w50_n600_p12_ds415_lmin1of100_lseed415_lN1000_lpnsseed1000,d12_nl100_m50_w50_n600_p12_ds415,lmin1of100_lseed415_lN1000_lpnsseed1000,1218,2218,200,100,-181.71204867238959,26.05923527687126,0.5371862397027299,0.5104824705792674,1.0523108444706446,results/bootstrap_runs/nl100_m50_w50/boot_method3_out/boot3_d12_nl100_m50_w50_n600_p12_ds415_lmin1of100_lseed415_lN1000_lpnsseed1000_nsseed1218_bootseed2218.npz,results/bootstrap_runs/nl100_m50_w50/ns_runs_out/ns_out_d12_nl100_m50_w50_n600_p12_ds415_lmin1of100_lseed415_lN1000_lpnsseed1000_nsseed1218.npz,0.5291959219454955,results/nl100_m50_w50/combined_nl100_m50_w50.npz,1.0150989783289703,0.9646379524289769
nl100_m50_w50,d12_nl100_m50_w50_n600_p12_ds415_lmin1of100_lseed415_lN1000_lpnsseed1000,d12_nl100_m50_w50_n600_p12_ds415,lmin1of100_lseed415_lN1000_lpnsseed1000,1219,2219,200,100,-180.53254953024177,25.171794264205904,0.4862484757599168,0.5017150014122151,0.9691726864678881,results/bootstrap_runs/nl100_m50_w50/boot_method3_out/boot3_d12_nl100_m50_w50_n600_p12_ds415_lmin1of100_lseed415_lN1000_lpnsseed1000_nsseed1219_bootseed2219.npz,results/bootstrap_runs/nl100_m50_w50/ns_runs_out/ns_out_d12_nl100_m50_w50_n600_p12_ds415_lmin1of100_lseed415_lN1000_lpnsseed1000_nsseed1219.npz,0.5291959219454955,results/nl100_m50_w50/combined_nl100_m50_w50.npz,0.9188439585329948,0.9480704227042197
nl100_m50_w50,d12_nl100_m50_w50_n600_p12_ds415_lmin1of100_lseed415_lN1000_lpnsseed1000,d12_nl100_m50_w50_n600_p12_ds415,lmin1of100_lseed415_lN1000_lpnsseed1000,1220,2220,200,100,-181.80774867600036,26.04352860488405,0.5715092779708415,0.5103286059480112,1.1198848571484212,results/bootstrap_runs/nl100_m50_w50/boot_method3_out/boot3_d12_nl100_m50_w50_n600_p12_ds415_lmin1of100_lseed415_lN1000_lpnsseed1000_nsseed1220_bootseed2220.npz,results/bootstrap_runs/nl100_m50_w50/ns_runs_out/ns_out_d12_nl100_m50_w50_n600_p12_ds415_lmin1of100_lseed415_lN1000_lpnsseed1000_nsseed1220.npz,0.5291959219454955,results/nl100_m50_w50/combined_nl100_m50_w50.npz,1.0799578270932029,0.9643472006962527
nl100_m50_w50,d12_nl100_m50_w50_n600_p12_ds415_lmin1of100_lseed415_lN1000_lpnsseed1000,d12_nl100_m50_w50_n600_p12_ds415,lmin1of100_lseed415_lN1000_lpnsseed1000,1221,2221,200,100,-181.9515690772979,26.613927603707637,0.49992257461159195,0.5158868829860636,0.9690546340661604,results/bootstrap_runs/nl100_m50_w50/boot_method3_out/boot3_d12_nl100_m50_w50_n600_p12_ds415_lmin1of100_lseed415_lN1000_lpnsseed1000_nsseed1221_bootseed2221.npz,results/bootstrap_runs/nl100_m50_w50/ns_runs_out/ns_out_d12_nl100_m50_w50_n600_p12_ds415_lmin1of100_lseed415_lN1000_lpnsseed1000_nsseed1221.npz,0.5291959219454955,results/nl100_m50_w50/combined_nl100_m50_w50.npz,0.9446833467153616,0.9748504506412227
nl100_m50_w50,d12_nl100_m50_w50_n600_p12_ds415_lmin1of100_lseed415_lN1000_lpnsseed1000,d12_nl100_m50_w50_n600_p12_ds415,lmin1of100_lseed415_lN1000_lpnsseed1000,1222,2222,200,100,-182.12536897846724,26.563698196055395,0.5254887670201479,0.5153998272802912,1.0195749769515736,results/bootstrap_runs/nl100_m50_w50/boot_method3_out/boot3_d12_nl100_m50_w50_n600_p12_ds415_lmin1of100_lseed415_lN1000_lpnsseed1000_nsseed1222_bootseed2222.npz,results/bootstrap_runs/nl100_m50_w50/ns_runs_out/ns_out_d12_nl100_m50_w50_n600_p12_ds415_lmin1of100_lseed415_lN1000_lpnsseed1000_nsseed1222.npz,0.5291959219454955,results/nl100_m50_w50/combined_nl100_m50_w50.npz,0.9929947401867367,0.9739300812929824
nl100_m50_w50,d12_nl100_m50_w50_n600_p12_ds415_lmin1of100_lseed415_lN1000_lpnsseed1000,d12_nl100_m50_w50_n600_p12_ds415,lmin1of100_lseed415_lN1000_lpnsseed1000,1223,2223,200,100,-181.5898416340396,26.116244384232594,0.5287180209390194,0.5110405500959058,1.034591131446998,results/bootstrap_runs/nl100_m50_w50/boot_method3_out/boot3_d12_nl100_m50_w50_n600_p12_ds415_lmin1of100_lseed415_lN1000_lpnsseed1000_nsseed1223_bootseed2223.npz,results/bootstrap_runs/nl100_m50_w50/ns_runs_out/ns_out_d12_nl100_m50_w50_n600_p12_ds415_lmin1of100_lseed415_lN1000_lpnsseed1000_nsseed1223.npz,0.5291959219454955,results/nl100_m50_w50/combined_nl100_m50_w50.npz,0.9990969299145028,0.9656925325825553
nl100_m50_w50,d12_nl100_m50_w50_n600_p12_ds415_lmin1of100_lseed415_lN1000_lpnsseed1000,d12_nl100_m50_w50_n600_p12_ds415,lmin1of100_lseed415_lN1000_lpnsseed1000,1224,2224,200,100,-181.25831274031881,25.731223196950676,0.4990490123833574,0.5072595311766027,0.9838139684153381,results/bootstrap_runs/nl100_m50_w50/boot_method3_out/boot3_d12_nl100_m50_w50_n600_p12_ds415_lmin1of100_lseed415_lN1000_lpnsseed1000_nsseed1224_bootseed2224.npz,results/bootstrap_runs/nl100_m50_w50/ns_runs_out/ns_out_d12_nl100_m50_w50_n600_p12_ds415_lmin1of100_lseed415_lN1000_lpnsseed1000_nsseed1224.npz,0.5291959219454955,results/nl100_m50_w50/combined_nl100_m50_w50.npz,0.9430326117190997,0.9585476949855406
nl100_m50_w50,d12_nl100_m50_w50_n600_p12_ds415_lmin1of100_lseed415_lN1000_lpnsseed1000,d12_nl100_m50_w50_n600_p12_ds415,lmin1of100_lseed415_lN1000_lpnsseed1000,1225,2225,200,100,-181.4427384681349,25.87909562401121,0.4822329112802105,0.5087150049291962,0.9479431638689889,results/bootstrap_runs/nl100_m50_w50/boot_method3_out/boot3_d12_nl100_m50_w50_n600_p12_ds415_lmin1of100_lseed415_lN1000_lpnsseed1000_nsseed1225_bootseed2225.npz,results/bootstrap_runs/nl100_m50_w50/ns_runs_out/ns_out_d12_nl100_m50_w50_n600_p12_ds415_lmin1of100_lseed415_lN1000_lpnsseed1000_nsseed1225.npz,0.5291959219454955,results/nl100_m50_w50/combined_nl100_m50_w50.npz,0.9112559097344632,0.9612980445106137
nl100_m50_w50,d12_nl100_m50_w50_n600_p12_ds415_lmin1of100_lseed415_lN1000_lpnsseed1000,d12_nl100_m50_w50_n600_p12_ds415,lmin1of100_lseed415_lN1000_lpnsseed1000,1226,2226,200,100,-181.60197004856022,26.26432579232011,0.5601429496554702,0.512487324646377,1.0929888852216514,results/bootstrap_runs/nl100_m50_w50/boot_method3_out/boot3_d12_nl100_m50_w50_n600_p12_ds415_lmin1of100_lseed415_lN1000_lpnsseed1000_nsseed1226_bootseed2226.npz,results/bootstrap_runs/nl100_m50_w50/ns_runs_out/ns_out_d12_nl100_m50_w50_n600_p12_ds415_lmin1of100_lseed415_lN1000_lpnsseed1000_nsseed1226.npz,0.5291959219454955,results/nl100_m50_w50/combined_nl100_m50_w50.npz,1.0584793389869738,0.9684264435793605
nl100_m50_w50,d12_nl100_m50_w50_n600_p12_ds415_lmin1of100_lseed415_lN1000_lpnsseed1000,d12_nl100_m50_w50_n600_p12_ds415,lmin1of100_lseed415_lN1000_lpnsseed1000,1227,2227,200,100,-180.95115942064706,25.66375836341854,0.492918625075268,0.5065941014601191,0.9730050619511059,results/bootstrap_runs/nl100_m50_w50/boot_method3_out/boot3_d12_nl100_m50_w50_n600_p12_ds415_lmin1of100_lseed415_lN1000_lpnsseed1000_nsseed1227_bootseed2227.npz,results/bootstrap_runs/nl100_m50_w50/ns_runs_out/ns_out_d12_nl100_m50_w50_n600_p12_ds415_lmin1of100_lseed415_lN1000_lpnsseed1000_nsseed1227.npz,0.5291959219454955,results/nl100_m50_w50/combined_nl100_m50_w50.npz,0.9314482682767842,0.9572902595275399
nl100_m50_w50,d12_nl100_m50_w50_n600_p12_ds415_lmin1of100_lseed415_lN1000_lpnsseed1000,d12_nl100_m50_w50_n600_p12_ds415,lmin1of100_lseed415_lN1000_lpnsseed1000,1228,2228,200,100,-182.64531147418535,27.097742033236937,0.5424297273411205,0.5205549157700553,1.0420221016234297,results/bootstrap_runs/nl100_m50_w50/boot_method3_out/boot3_d12_nl100_m50_w50_n600_p12_ds415_lmin1of100_lseed415_lN1000_lpnsseed1000_nsseed1228_bootseed2228.npz,results/bootstrap_runs/nl100_m50_w50/ns_runs_out/ns_out_d12_nl100_m50_w50_n600_p12_ds415_lmin1of100_lseed415_lN1000_lpnsseed1000_nsseed1228.npz,0.5291959219454955,results/nl100_m50_w50/combined_nl100_m50_w50.npz,1.0250073835546072,0.9836714422445414
nl100_m50_w50,d12_nl100_m50_w50_n600_p12_ds415_lmin1of100_lseed415_lN1000_lpnsseed1000,d12_nl100_m50_w50_n600_p12_ds415,lmin1of100_lseed415_lN1000_lpnsseed1000,1229,2229,200,100,-182.08480965657944,26.795011805539044,0.5174437945880179,0.517638984288655,0.9996229231055592,results/bootstrap_runs/nl100_m50_w50/boot_method3_out/boot3_d12_nl100_m50_w50_n600_p12_ds415_lmin1of100_lseed415_lN1000_lpnsseed1000_nsseed1229_bootseed2229.npz,results/bootstrap_runs/nl100_m50_w50/ns_runs_out/ns_out_d12_nl100_m50_w50_n600_p12_ds415_lmin1of100_lseed415_lN1000_lpnsseed1000_nsseed1229.npz,0.5291959219454955,results/nl100_m50_w50/combined_nl100_m50_w50.npz,0.9777924831425894,0.9781613251773493
nl100_m50_w50,d12_nl100_m50_w50_n600_p12_ds415_lmin1of100_lseed415_lN1000_lpnsseed1000,d12_nl100_m50_w50_n600_p12_ds415,lmin1of100_lseed415_lN1000_lpnsseed1000,1230,2230,200,100,-181.41501951618864,25.892052477414726,0.4825017862375155,0.5088423378357458,0.9482343554385345,results/bootstrap_runs/nl100_m50_w50/boot_method3_out/boot3_d12_nl100_m50_w50_n600_p12_ds415_lmin1of100_lseed415_lN1000_lpnsseed1000_nsseed1230_bootseed2230.npz,results/bootstrap_runs/nl100_m50_w50/ns_runs_out/ns_out_d12_nl100_m50_w50_n600_p12_ds415_lmin1of100_lseed415_lN1000_lpnsseed1000_nsseed1230.npz,0.5291959219454955,results/nl100_m50_w50/combined_nl100_m50_w50.npz,0.9117639918003956,0.9615386603227718
nl100_m50_w50,d12_nl100_m50_w50_n600_p12_ds415_lmin1of100_lseed415_lN1000_lpnsseed1000,d12_nl100_m50_w50_n600_p12_ds415,lmin1of100_lseed415_lN1000_lpnsseed1000,1231,2231,200,100,-182.5452032162888,26.66089654468716,0.5395191035155471,0.5163419075059389,1.0448873036890611,results/bootstrap_runs/nl100_m50_w50/boot_method3_out/boot3_d12_nl100_m50_w50_n600_p12_ds415_lmin1of100_lseed415_lN1000_lpnsseed1000_nsseed1231_bootseed2231.npz,results/bootstrap_runs/nl100_m50_w50/ns_runs_out/ns_out_d12_nl100_m50_w50_n600_p12_ds415_lmin1of100_lseed415_lN1000_lpnsseed1000_nsseed1231.npz,0.5291959219454955,results/nl100_m50_w50/combined_nl100_m50_w50.npz,1.0195072961486555,0.9757102919608657
nl100_m50_w50,d12_nl100_m50_w50_n600_p12_ds415_lmin1of100_lseed415_lN1000_lpnsseed1000,d12_nl100_m50_w50_n600_p12_ds415,lmin1of100_lseed415_lN1000_lpnsseed1000,1232,2232,200,100,-182.0238128583682,26.19190630395283,0.4971967537707932,0.5117802878575222,0.9715043067645681,results/bootstrap_runs/nl100_m50_w50/boot_method3_out/boot3_d12_nl100_m50_w50_n600_p12_ds415_lmin1of100_lseed415_lN1000_lpnsseed1000_nsseed1232_bootseed2232.npz,results/bootstrap_runs/nl100_m50_w50/ns_runs_out/ns_out_d12_nl100_m50_w50_n600_p12_ds415_lmin1of100_lseed415_lN1000_lpnsseed1000_nsseed1232.npz,0.5291959219454955,results/nl100_m50_w50/combined_nl100_m50_w50.npz,0.9395324739898543,0.9670903849297481
nl100_m50_w50,d12_nl100_m50_w50_n600_p12_ds415_lmin1of100_lseed415_lN1000_lpnsseed1000,d12_nl100_m50_w50_n600_p12_ds415,lmin1of100_lseed415_lN1000_lpnsseed1000,1233,2233,200,100,-182.18918448808478,26.44485593017574,0.5283208511149592,0.5142456215679015,1.0273706356587795,results/bootstrap_runs/nl100_m50_w50/boot_method3_out/boot3_d12_nl100_m50_w50_n600_p12_ds415_lmin1of100_lseed415_lN1000_lpnsseed1000_nsseed1233_bootseed2233.npz,results/bootstrap_runs/nl100_m50_w50/ns_runs_out/ns_out_d12_nl100_m50_w50_n600_p12_ds415_lmin1of100_lseed415_lN1000_lpnsseed1000_nsseed1233.npz,0.5291959219454955,results/nl100_m50_w50/combined_nl100_m50_w50.npz,0.9983464142593556,0.9717490257244769
nl100_m50_w50,d12_nl100_m50_w50_n600_p12_ds415_lmin1of100_lseed415_lN1000_lpnsseed1000,d12_nl100_m50_w50_n600_p12_ds415,lmin1of100_lseed415_lN1000_lpnsseed1000,1234,2234,200,100,-181.4197881286296,25.756861242508975,0.5374617189341145,0.5075121795830025,1.0590124543921686,results/bootstrap_runs/nl100_m50_w50/boot_method3_out/boot3_d12_nl100_m50_w50_n600_p12_ds415_lmin1of100_lseed415_lN1000_lpnsseed1000_nsseed1234_bootseed2234.npz,results/bootstrap_runs/nl100_m50_w50/ns_runs_out/ns_out_d12_nl100_m50_w50_n600_p12_ds415_lmin1of100_lseed415_lN1000_lpnsseed1000_nsseed1234.npz,0.5291959219454955,results/nl100_m50_w50/combined_nl100_m50_w50.npz,1.0156195402228938,0.9590251143985077
nl100_m50_w50,d12_nl100_m50_w50_n600_p12_ds415_lmin1of100_lseed415_lN1000_lpnsseed1000,d12_nl100_m50_w50_n600_p12_ds415,lmin1of100_lseed415_lN1000_lpnsseed1000,1235,2235,200,100,-180.4892011807238,25.50100385178757,0.49300478024146355,0.5049851864340931,0.9762757274580111,results/bootstrap_runs/nl100_m50_w50/boot_method3_out/boot3_d12_nl100_m50_w50_n600_p12_ds415_lmin1of100_lseed415_lN1000_lpnsseed1000_nsseed1235_bootseed2235.npz,results/bootstrap_runs/nl100_m50_w50/ns_runs_out/ns_out_d12_nl100_m50_w50_n600_p12_ds415_lmin1of100_lseed415_lN1000_lpnsseed1000_nsseed1235.npz,0.5291959219454955,results/nl100_m50_w50/combined_nl100_m50_w50.npz,0.9316110721885732,0.9542499582717948
nl100_m50_w50,d12_nl100_m50_w50_n600_p12_ds415_lmin1of100_lseed415_lN1000_lpnsseed1000,d12_nl100_m50_w50_n600_p12_ds415,lmin1of100_lseed415_lN1000_lpnsseed1000,1236,2236,200,100,-182.10169476231084,26.60044283249955,0.49247240335233733,0.5157561713881818,0.9548550859349388,results/bootstrap_runs/nl100_m50_w50/boot_method3_out/boot3_d12_nl100_m50_w50_n600_p12_ds415_lmin1of100_lseed415_lN1000_lpnsseed1000_nsseed1236_bootseed2236.npz,results/bootstrap_runs/nl100_m50_w50/ns_runs_out/ns_out_d12_nl100_m50_w50_n600_p12_ds415_lmin1of100_lseed415_lN1000_lpnsseed1000_nsseed1236.npz,0.5291959219454955,results/nl100_m50_w50/combined_nl100_m50_w50.npz,0.9306050612443297,0.9746034502535378
nl100_m50_w50,d12_nl100_m50_w50_n600_p12_ds415_lmin1of100_lseed415_lN1000_lpnsseed1000,d12_nl100_m50_w50_n600_p12_ds415,lmin1of100_lseed415_lN1000_lpnsseed1000,1237,2237,200,100,-182.50210997650774,26.546848060125917,0.5464950235945654,0.5152363347059863,1.0606686422967753,results/bootstrap_runs/nl100_m50_w50/boot_method3_out/boot3_d12_nl100_m50_w50_n600_p12_ds415_lmin1of100_lseed415_lN1000_lpnsseed1000_nsseed1237_bootseed2237.npz,results/bootstrap_runs/nl100_m50_w50/ns_runs_out/ns_out_d12_nl100_m50_w50_n600_p12_ds415_lmin1of100_lseed415_lN1000_lpnsseed1000_nsseed1237.npz,0.5291959219454955,results/nl100_m50_w50/combined_nl100_m50_w50.npz,1.0326894084623193,0.9736211360280532
nl100_m50_w50,d12_nl100_m50_w50_n600_p12_ds415_lmin1of100_lseed415_lN1000_lpnsseed1000,d12_nl100_m50_w50_n600_p12_ds415,lmin1of100_lseed415_lN1000_lpnsseed1000,1238,2238,200,100,-182.1743215702816,26.505041538527202,0.4878508872371656,0.5148304724715428,0.9475952052627022,results/bootstrap_runs/nl100_m50_w50/boot_method3_out/boot3_d12_nl100_m50_w50_n600_p12_ds415_lmin1of100_lseed415_lN1000_lpnsseed1000_nsseed1238_bootseed2238.npz,results/bootstrap_runs/nl100_m50_w50/ns_runs_out/ns_out_d12_nl100_m50_w50_n600_p12_ds415_lmin1of100_lseed415_lN1000_lpnsseed1000_nsseed1238.npz,0.5291959219454955,results/nl100_m50_w50/combined_nl100_m50_w50.npz,0.9218719702972537,0.9728541946787106
nl100_m50_w50,d12_nl100_m50_w50_n600_p12_ds415_lmin1of100_lseed415_lN1000_lpnsseed1000,d12_nl100_m50_w50_n600_p12_ds415,lmin1of100_lseed415_lN1000_lpnsseed1000,1239,2239,200,100,-181.60759396267437,25.954082051902315,0.48242643432964766,0.5094514898584782,0.946952642073266,results/bootstrap_runs/nl100_m50_w50/boot_method3_out/boot3_d12_nl100_m50_w50_n600_p12_ds415_lmin1of100_lseed415_lN1000_lpnsseed1000_nsseed1239_bootseed2239.npz,results/bootstrap_runs/nl100_m50_w50/ns_runs_out/ns_out_d12_nl100_m50_w50_n600_p12_ds415_lmin1of100_lseed415_lN1000_lpnsseed1000_nsseed1239.npz,0.5291959219454955,results/nl100_m50_w50/combined_nl100_m50_w50.npz,0.9116216023662691,0.9626897501129065
nl100_m50_w50,d12_nl100_m50_w50_n600_p12_ds415_lmin1of100_lseed415_lN1000_lpnsseed1000,d12_nl100_m50_w50_n600_p12_ds415,lmin1of100_lseed415_lN1000_lpnsseed1000,1240,2240,200,100,-181.38103298282886,25.948169894425583,0.4952115635587657,0.5093934618193051,0.9721592456057669,results/bootstrap_runs/nl100_m50_w50/boot_method3_out/boot3_d12_nl100_m50_w50_n600_p12_ds415_lmin1of100_lseed415_lN1000_lpnsseed1000_nsseed1240_bootseed2240.npz,results/bootstrap_runs/nl100_m50_w50/ns_runs_out/ns_out_d12_nl100_m50_w50_n600_p12_ds415_lmin1of100_lseed415_lN1000_lpnsseed1000_nsseed1240.npz,0.5291959219454955,results/nl100_m50_w50/combined_nl100_m50_w50.npz,0.9357811408262704,0.9625800968885208
nl100_m50_w50,d12_nl100_m50_w50_n600_p12_ds415_lmin1of100_lseed415_lN1000_lpnsseed1000,d12_nl100_m50_w50_n600_p12_ds415,lmin1of100_lseed415_lN1000_lpnsseed1000,1241,2241,200,100,-181.77578033257012,26.267758999394616,0.4950600471153877,0.5125208190834263,0.9659315849856308,results/bootstrap_runs/nl100_m50_w50/boot_method3_out/boot3_d12_nl100_m50_w50_n600_p12_ds415_lmin1of100_lseed415_lN1000_lpnsseed1000_nsseed1241_bootseed2241.npz,results/bootstrap_runs/nl100_m50_w50/ns_runs_out/ns_out_d12_nl100_m50_w50_n600_p12_ds415_lmin1of100_lseed415_lN1000_lpnsseed1000_nsseed1241.npz,0.5291959219454955,results/nl100_m50_w50/combined_nl100_m50_w50.npz,0.9354948263686288,0.9684897366541183
nl100_m50_w50,d12_nl100_m50_w50_n600_p12_ds415_lmin1of100_lseed415_lN1000_lpnsseed1000,d12_nl100_m50_w50_n600_p12_ds415,lmin1of100_lseed415_lN1000_lpnsseed1000,1242,2242,200,100,-181.91948215565324,26.282259106853605,0.5368865720180382,0.512662258283693,1.0472519935745692,results/bootstrap_runs/nl100_m50_w50/boot_method3_out/boot3_d12_nl100_m50_w50_n600_p12_ds415_lmin1of100_lseed415_lN1000_lpnsseed1000_nsseed1242_bootseed2242.npz,results/bootstrap_runs/nl100_m50_w50/ns_runs_out/ns_out_d12_nl100_m50_w50_n600_p12_ds415_lmin1of100_lseed415_lN1000_lpnsseed1000_nsseed1242.npz,0.5291959219454955,results/nl100_m50_w50/combined_nl100_m50_w50.npz,1.0145327084990932,0.9687570085555094
nl100_m50_w50,d12_nl100_m50_w50_n600_p12_ds415_lmin1of100_lseed415_lN1000_lpnsseed1000,d12_nl100_m50_w50_n600_p12_ds415,lmin1of100_lseed415_lN1000_lpnsseed1000,1243,2243,200,100,-182.0530920842285,26.437987759618387,0.5062322584350087,0.5141788381450406,0.9845451054759466,results/bootstrap_runs/nl100_m50_w50/boot_method3_out/boot3_d12_nl100_m50_w50_n600_p12_ds415_lmin1of100_lseed415_lN1000_lpnsseed1000_nsseed1243_bootseed2243.npz,results/bootstrap_runs/nl100_m50_w50/ns_runs_out/ns_out_d12_nl100_m50_w50_n600_p12_ds415_lmin1of100_lseed415_lN1000_lpnsseed1000_nsseed1243.npz,0.5291959219454955,results/nl100_m50_w50/combined_nl100_m50_w50.npz,0.9566064994868727,0.9716228278078047
nl100_m50_w50,d12_nl100_m50_w50_n600_p12_ds415_lmin1of100_lseed415_lN1000_lpnsseed1000,d12_nl100_m50_w50_n600_p12_ds415,lmin1of100_lseed415_lN1000_lpnsseed1000,1244,2244,200,100,-181.691052164578,26.1336003225643,0.5080402436802427,0.5112103316890642,0.9937988577062844,results/bootstrap_runs/nl100_m50_w50/boot_method3_out/boot3_d12_nl100_m50_w50_n600_p12_ds415_lmin1of100_lseed415_lN1000_lpnsseed1000_nsseed1244_bootseed2244.npz,results/bootstrap_runs/nl100_m50_w50/ns_runs_out/ns_out_d12_nl100_m50_w50_n600_p12_ds415_lmin1of100_lseed415_lN1000_lpnsseed1000_nsseed1244.npz,0.5291959219454955,results/nl100_m50_w50/combined_nl100_m50_w50.npz,0.9600229756354175,0.9660133619505032
nl100_m50_w50,d12_nl100_m50_w50_n600_p12_ds415_lmin1of100_lseed415_lN1000_lpnsseed1000,d12_nl100_m50_w50_n600_p12_ds415,lmin1of100_lseed415_lN1000_lpnsseed1000,1245,2245,200,100,-181.54184480576092,25.83788353970783,0.4938394549445061,0.5083097829051476,0.9715324621966961,results/bootstrap_runs/nl100_m50_w50/boot_method3_out/boot3_d12_nl100_m50_w50_n600_p12_ds415_lmin1of100_lseed415_lN1000_lpnsseed1000_nsseed1245_bootseed2245.npz,results/bootstrap_runs/nl100_m50_w50/ns_runs_out/ns_out_d12_nl100_m50_w50_n600_p12_ds415_lmin1of100_lseed415_lN1000_lpnsseed1000_nsseed1245.npz,0.5291959219454955,results/nl100_m50_w50/combined_nl100_m50_w50.npz,0.9331883230108661,0.9605323129408033
nl100_m50_w50,d12_nl100_m50_w50_n600_p12_ds415_lmin1of100_lseed415_lN1000_lpnsseed1000,d12_nl100_m50_w50_n600_p12_ds415,lmin1of100_lseed415_lN1000_lpnsseed1000,1246,2246,200,100,-182.10007244462486,26.464479597642743,0.49686052841209793,0.5144363867150412,0.9658347295082006,results/bootstrap_runs/nl100_m50_w50/boot_method3_out/boot3_d12_nl100_m50_w50_n600_p12_ds415_lmin1of100_lseed415_lN1000_lpnsseed1000_nsseed1246_bootseed2246.npz,results/bootstrap_runs/nl100_m50_w50/ns_runs_out/ns_out_d12_nl100_m50_w50_n600_p12_ds415_lmin1of100_lseed415_lN1000_lpnsseed1000_nsseed1246.npz,0.5291959219454955,results/nl100_m50_w50/combined_nl100_m50_w50.npz,0.9388971226109941,0.972109506860534
nl100_m50_w50,d12_nl100_m50_w50_n600_p12_ds415_lmin1of100_lseed415_lN1000_lpnsseed1000,d12_nl100_m50_w50_n600_p12_ds415,lmin1of100_lseed415_lN1000_lpnsseed1000,1247,2247,200,100,-181.84521844131115,26.062288161171146,0.5232170567795918,0.5105123716539213,1.0248861454317177,results/bootstrap_runs/nl100_m50_w50/boot_method3_out/boot3_d12_nl100_m50_w50_n600_p12_ds415_lmin1of100_lseed415_lN1000_lpnsseed1000_nsseed1247_bootseed2247.npz,results/bootstrap_runs/nl100_m50_w50/ns_runs_out/ns_out_d12_nl100_m50_w50_n600_p12_ds415_lmin1of100_lseed415_lN1000_lpnsseed1000_nsseed1247.npz,0.5291959219454955,results/nl100_m50_w50/combined_nl100_m50_w50.npz,0.9887019817841314,0.964694455273035
nl100_m50_w50,d12_nl100_m50_w50_n600_p12_ds415_lmin1of100_lseed415_lN1000_lpnsseed1000,d12_nl100_m50_w50_n600_p12_ds415,lmin1of100_lseed415_lN1000_lpnsseed1000,1248,2248,200,100,-182.16612848323783,26.42421643482453,0.5441799623807009,0.5140449049920107,1.0586233947580095,results/bootstrap_runs/nl100_m50_w50/boot_method3_out/boot3_d12_nl100_m50_w50_n600_p12_ds415_lmin1of100_lseed415_lN1000_lpnsseed1000_nsseed1248_bootseed2248.npz,results/bootstrap_runs/nl100_m50_w50/ns_runs_out/ns_out_d12_nl100_m50_w50_n600_p12_ds415_lmin1of100_lseed415_lN1000_lpnsseed1000_nsseed1248.npz,0.5291959219454955,results/nl100_m50_w50/combined_nl100_m50_w50.npz,1.0283147314894627,0.9713697397784459
nl100_m50_w50,d12_nl100_m50_w50_n600_p12_ds415_lmin1of100_lseed415_lN1000_lpnsseed1000,d12_nl100_m50_w50_n600_p12_ds415,lmin1of100_lseed415_lN1000_lpnsseed1000,1249,2249,200,100,-181.59948735070859,26.19678540219019,0.5196771536252829,0.5118279535370278,1.0153356221246075,results/bootstrap_runs/nl100_m50_w50/boot_method3_out/boot3_d12_nl100_m50_w50_n600_p12_ds415_lmin1of100_lseed415_lN1000_lpnsseed1000_nsseed1249_bootseed2249.npz,results/bootstrap_runs/nl100_m50_w50/ns_runs_out/ns_out_d12_nl100_m50_w50_n600_p12_ds415_lmin1of100_lseed415_lN1000_lpnsseed1000_nsseed1249.npz,0.5291959219454955,results/nl100_m50_w50/combined_nl100_m50_w50.npz,0.9820127708368982,0.9671804568247288
nl100_m50_w50,d12_nl100_m50_w50_n600_p12_ds415_lmin1of100_lseed415_lN1000_lpnsseed1000,d12_nl100_m50_w50_n600_p12_ds415,lmin1of100_lseed415_lN1000_lpnsseed1000,1250,2250,200,100,-181.03897182415847,25.831204806842358,0.5400255636740375,0.5082440831612539,1.0625319242579359,results/bootstrap_runs/nl100_m50_w50/boot_method3_out/boot3_d12_nl100_m50_w50_n600_p12_ds415_lmin1of100_lseed415_lN1000_lpnsseed1000_nsseed1250_bootseed2250.npz,results/bootstrap_runs/nl100_m50_w50/ns_runs_out/ns_out_d12_nl100_m50_w50_n600_p12_ds415_lmin1of100_lseed415_lN1000_lpnsseed1000_nsseed1250.npz,0.5291959219454955,results/nl100_m50_w50/combined_nl100_m50_w50.npz,1.0204643333016037,0.9604081628081792
nl100_m50_w50,d12_nl100_m50_w50_n600_p12_ds415_lmin1of100_lseed415_lN1000_lpnsseed1000,d12_nl100_m50_w50_n600_p12_ds415,lmin1of100_lseed415_lN1000_lpnsseed1000,1251,2251,200,100,-181.52881962024802,25.9978532495144,0.5233891663573887,0.5098809003043201,1.0264929830574283,results/bootstrap_runs/nl100_m50_w50/boot_method3_out/boot3_d12_nl100_m50_w50_n600_p12_ds415_lmin1of100_lseed415_lN1000_lpnsseed1000_nsseed1251_bootseed2251.npz,results/bootstrap_runs/nl100_m50_w50/ns_runs_out/ns_out_d12_nl100_m50_w50_n600_p12_ds415_lmin1of100_lseed415_lN1000_lpnsseed1000_nsseed1251.npz,0.5291959219454955,results/nl100_m50_w50/combined_nl100_m50_w50.npz,0.9890272102499218,0.96350118955912
nl100_m50_w50,d12_nl100_m50_w50_n600_p12_ds415_lmin1of100_lseed415_lN1000_lpnsseed1000,d12_nl100_m50_w50_n600_p12_ds415,lmin1of100_lseed415_lN1000_lpnsseed1000,1252,2252,200,100,-181.27049933150124,25.864073055973684,0.5259571318700291,0.5085673313925472,1.034193703378205,results/bootstrap_runs/nl100_m50_w50/boot_method3_out/boot3_d12_nl100_m50_w50_n600_p12_ds415_lmin1of100_lseed415_lN1000_lpnsseed1000_nsseed1252_bootseed2252.npz,results/bootstrap_runs/nl100_m50_w50/ns_runs_out/ns_out_d12_nl100_m50_w50_n600_p12_ds415_lmin1of100_lseed415_lN1000_lpnsseed1000_nsseed1252.npz,0.5291959219454955,results/nl100_m50_w50/combined_nl100_m50_w50.npz,0.9938797901851558,0.9610189918374448
nl100_m50_w50,d12_nl100_m50_w50_n600_p12_ds415_lmin1of100_lseed415_lN1000_lpnsseed1000,d12_nl100_m50_w50_n600_p12_ds415,lmin1of100_lseed415_lN1000_lpnsseed1000,1253,2253,200,100,-181.23149920657718,26.073984504741883,0.4971243144922773,0.5106269137515362,0.9735568202622608,results/bootstrap_runs/nl100_m50_w50/boot_method3_out/boot3_d12_nl100_m50_w50_n600_p12_ds415_lmin1of100_lseed415_lN1000_lpnsseed1000_nsseed1253_bootseed2253.npz,results/bootstrap_runs/nl100_m50_w50/ns_runs_out/ns_out_d12_nl100_m50_w50_n600_p12_ds415_lmin1of100_lseed415_lN1000_lpnsseed1000_nsseed1253.npz,0.5291959219454955,results/nl100_m50_w50/combined_nl100_m50_w50.npz,0.9393955884328954,0.9649109008140245
nl100_m50_w50,d12_nl100_m50_w50_n600_p12_ds415_lmin1of100_lseed415_lN1000_lpnsseed1000,d12_nl100_m50_w50_n600_p12_ds415,lmin1of100_lseed415_lN1000_lpnsseed1000,1254,2254,200,100,-182.03060045086585,26.515518910555848,0.5037849512094158,0.5149322179719953,0.9783519726023713,results/bootstrap_runs/nl100_m50_w50/boot_method3_out/boot3_d12_nl100_m50_w50_n600_p12_ds415_lmin1of100_lseed415_lN1000_lpnsseed1000_nsseed1254_bootseed2254.npz,results/bootstrap_runs/nl100_m50_w50/ns_runs_out/ns_out_d12_nl100_m50_w50_n600_p12_ds415_lmin1of100_lseed415_lN1000_lpnsseed1000_nsseed1254.npz,0.5291959219454955,results/nl100_m50_w50/combined_nl100_m50_w50.npz,0.9519819226069227,0.9730464590107532
nl100_m50_w50,d12_nl100_m50_w50_n600_p12_ds415_lmin1of100_lseed415_lN1000_lpnsseed1000,d12_nl100_m50_w50_n600_p12_ds415,lmin1of100_lseed415_lN1000_lpnsseed1000,1255,2255,200,100,-182.35860318469884,26.614823548789353,0.49181410918537377,0.5158955664549691,0.9533210617895523,results/bootstrap_runs/nl100_m50_w50/boot_method3_out/boot3_d12_nl100_m50_w50_n600_p12_ds415_lmin1of100_lseed415_lN1000_lpnsseed1000_nsseed1255_bootseed2255.npz,results/bootstrap_runs/nl100_m50_w50/ns_runs_out/ns_out_d12_nl100_m50_w50_n600_p12_ds415_lmin1of100_lseed415_lN1000_lpnsseed1000_nsseed1255.npz,0.5291959219454955,results/nl100_m50_w50/combined_nl100_m50_w50.npz,0.9293611095439019,0.9748668594390714
nl100_m50_w50,d12_nl100_m50_w50_n600_p12_ds415_lmin1of100_lseed415_lN1000_lpnsseed1000,d12_nl100_m50_w50_n600_p12_ds415,lmin1of100_lseed415_lN1000_lpnsseed1000,1256,2256,200,100,-181.62347396486408,26.189618180811504,0.5627534545112929,0.5117579328238254,1.0996477404973082,results/bootstrap_runs/nl100_m50_w50/boot_method3_out/boot3_d12_nl100_m50_w50_n600_p12_ds415_lmin1of100_lseed415_lN1000_lpnsseed1000_nsseed1256_bootseed2256.npz,results/bootstrap_runs/nl100_m50_w50/ns_runs_out/ns_out_d12_nl100_m50_w50_n600_p12_ds415_lmin1of100_lseed415_lN1000_lpnsseed1000_nsseed1256.npz,0.5291959219454955,results/nl100_m50_w50/combined_nl100_m50_w50.npz,1.0634123037880356,0.9670481415322281
nl100_m50_w50,d12_nl100_m50_w50_n600_p12_ds415_lmin1of100_lseed415_lN1000_lpnsseed1000,d12_nl100_m50_w50_n600_p12_ds415,lmin1of100_lseed415_lN1000_lpnsseed1000,1257,2257,200,100,-182.7381180555506,27.08208758404163,0.4447799273379283,0.5204045309568474,0.8546811199359255,results/bootstrap_runs/nl100_m50_w50/boot_method3_out/boot3_d12_nl100_m50_w50_n600_p12_ds415_lmin1of100_lseed415_lN1000_lpnsseed1000_nsseed1257_bootseed2257.npz,results/bootstrap_runs/nl100_m50_w50/ns_runs_out/ns_out_d12_nl100_m50_w50_n600_p12_ds415_lmin1of100_lseed415_lN1000_lpnsseed1000_nsseed1257.npz,0.5291959219454955,results/nl100_m50_w50/combined_nl100_m50_w50.npz,0.8404825299914885,0.9833872661823846
nl100_m50_w50,d12_nl100_m50_w50_n600_p12_ds415_lmin1of100_lseed415_lN1000_lpnsseed1000,d12_nl100_m50_w50_n600_p12_ds415,lmin1of100_lseed415_lN1000_lpnsseed1000,1258,2258,200,100,-181.92849101104895,26.50817251031385,0.5147023868924735,0.5148608793675613,0.9996921644633741,results/bootstrap_runs/nl100_m50_w50/boot_method3_out/boot3_d12_nl100_m50_w50_n600_p12_ds415_lmin1of100_lseed415_lN1000_lpnsseed1000_nsseed1258_bootseed2258.npz,results/bootstrap_runs/nl100_m50_w50/ns_runs_out/ns_out_d12_nl100_m50_w50_n600_p12_ds415_lmin1of100_lseed415_lN1000_lpnsseed1000_nsseed1258.npz,0.5291959219454955,results/nl100_m50_w50/combined_nl100_m50_w50.npz,0.9726121565719195,0.9729116533528189
nl100_m50_w50,d12_nl100_m50_w50_n600_p12_ds415_lmin1of100_lseed415_lN1000_lpnsseed1000,d12_nl100_m50_w50_n600_p12_ds415,lmin1of100_lseed415_lN1000_lpnsseed1000,1259,2259,200,100,-182.0203340635351,26.354209276595896,0.5020352775373859,0.5133635093829313,0.9779333130647285,results/bootstrap_runs/nl100_m50_w50/boot_method3_out/boot3_d12_nl100_m50_w50_n600_p12_ds415_lmin1of100_lseed415_lN1000_lpnsseed1000_nsseed1259_bootseed2259.npz,results/bootstrap_runs/nl100_m50_w50/ns_runs_out/ns_out_d12_nl100_m50_w50_n600_p12_ds415_lmin1of100_lseed415_lN1000_lpnsseed1000_nsseed1259.npz,0.5291959219454955,results/nl100_m50_w50/combined_nl100_m50_w50.npz,0.9486756354654845,0.9700821342228808
nl100_m50_w50,d12_nl100_m50_w50_n600_p12_ds415_lmin1of100_lseed415_lN1000_lpnsseed1000,d12_nl100_m50_w50_n600_p12_ds415,lmin1of100_lseed415_lN1000_lpnsseed1000,1260,2260,200,100,-181.08591455231547,25.322701607991235,0.4881438452603054,0.5032166691196868,0.9700470497415172,results/bootstrap_runs/nl100_m50_w50/boot_method3_out/boot3_d12_nl100_m50_w50_n600_p12_ds415_lmin1of100_lseed415_lN1000_lpnsseed1000_nsseed1260_bootseed2260.npz,results/bootstrap_runs/nl100_m50_w50/ns_runs_out/ns_out_d12_nl100_m50_w50_n600_p12_ds415_lmin1of100_lseed415_lN1000_lpnsseed1000_nsseed1260.npz,0.5291959219454955,results/nl100_m50_w50/combined_nl100_m50_w50.npz,0.9224255611527213,0.9509080630661314
nl100_m50_w50,d12_nl100_m50_w50_n600_p12_ds415_lmin1of100_lseed415_lN1000_lpnsseed1000,d12_nl100_m50_w50_n600_p12_ds415,lmin1of100_lseed415_lN1000_lpnsseed1000,1261,2261,200,100,-181.58189230304924,26.168563303708492,0.5383546667033724,0.5115521801703956,1.0523944332014166,results/bootstrap_runs/nl100_m50_w50/boot_method3_out/boot3_d12_nl100_m50_w50_n600_p12_ds415_lmin1of100_lseed415_lN1000_lpnsseed1000_nsseed1261_bootseed2261.npz,results/bootstrap_runs/nl100_m50_w50/ns_runs_out/ns_out_d12_nl100_m50_w50_n600_p12_ds415_lmin1of100_lseed415_lN1000_lpnsseed1000_nsseed1261.npz,0.5291959219454955,results/nl100_m50_w50/combined_nl100_m50_w50.npz,1.0173069072872036,0.9666593391153965
nl100_m50_w50,d12_nl100_m50_w50_n600_p12_ds415_lmin1of100_lseed415_lN1000_lpnsseed1000,d12_nl100_m50_w50_n600_p12_ds415,lmin1of100_lseed415_lN1000_lpnsseed1000,1262,2262,200,100,-182.08663255019027,26.046541467105072,0.5006521685224559,0.5103581239395046,0.9809820693317713,results/bootstrap_runs/nl100_m50_w50/boot_method3_out/boot3_d12_nl100_m50_w50_n600_p12_ds415_lmin1of100_lseed415_lN1000_lpnsseed1000_nsseed1262_bootseed2262.npz,results/bootstrap_runs/nl100_m50_w50/ns_runs_out/ns_out_d12_nl100_m50_w50_n600_p12_ds415_lmin1of100_lseed415_lN1000_lpnsseed1000_nsseed1262.npz,0.5291959219454955,results/nl100_m50_w50/combined_nl100_m50_w50.npz,0.9460620306405546,0.9644029796436507
nl100_m50_w50,d12_nl100_m50_w50_n600_p12_ds415_lmin1of100_lseed415_lN1000_lpnsseed1000,d12_nl100_m50_w50_n600_p12_ds415,lmin1of100_lseed415_lN1000_lpnsseed1000,1263,2263,200,100,-181.87258979880954,26.059930356628076,0.4784370599105577,0.5104892786007172,0.937212748565422,results/bootstrap_runs/nl100_m50_w50/boot_method3_out/boot3_d12_nl100_m50_w50_n600_p12_ds415_lmin1of100_lseed415_lN1000_lpnsseed1000_nsseed1263_bootseed2263.npz,results/bootstrap_runs/nl100_m50_w50/ns_runs_out/ns_out_d12_nl100_m50_w50_n600_p12_ds415_lmin1of100_lseed415_lN1000_lpnsseed1000_nsseed1263.npz,0.5291959219454955,results/nl100_m50_w50/combined_nl100_m50_w50.npz,0.9040830438595752,0.964650817270083
nl100_m50_w50,d12_nl100_m50_w50_n600_p12_ds415_lmin1of100_lseed415_lN1000_lpnsseed1000,d12_nl100_m50_w50_n600_p12_ds415,lmin1of100_lseed415_lN1000_lpnsseed1000,1264,2264,200,100,-181.65709082198777,26.072949325901075,0.5206204518367278,0.5106167772987985,1.0195913549704525,results/bootstrap_runs/nl100_m50_w50/boot_method3_out/boot3_d12_nl100_m50_w50_n600_p12_ds415_lmin1of100_lseed415_lN1000_lpnsseed1000_nsseed1264_bootseed2264.npz,results/bootstrap_runs/nl100_m50_w50/ns_runs_out/ns_out_d12_nl100_m50_w50_n600_p12_ds415_lmin1of100_lseed415_lN1000_lpnsseed1000_nsseed1264.npz,0.5291959219454955,results/nl100_m50_w50/combined_nl100_m50_w50.npz,0.9837952830829809,0.964891746371752
nl100_m50_w50,d12_nl100_m50_w50_n600_p12_ds415_lmin1of100_lseed415_lN1000_lpnsseed1000,d12_nl100_m50_w50_n600_p12_ds415,lmin1of100_lseed415_lN1000_lpnsseed1000,1265,2265,200,100,-181.65581982308944,26.023230956413514,0.5782592458781953,0.5101296987670245,1.1335533831412656,results/bootstrap_runs/nl100_m50_w50/boot_method3_out/boot3_d12_nl100_m50_w50_n600_p12_ds415_lmin1of100_lseed415_lN1000_lpnsseed1000_nsseed1265_bootseed2265.npz,results/bootstrap_runs/nl100_m50_w50/ns_runs_out/ns_out_d12_nl100_m50_w50_n600_p12_ds415_lmin1of100_lseed415_lN1000_lpnsseed1000_nsseed1265.npz,0.5291959219454955,results/nl100_m50_w50/combined_nl100_m50_w50.npz,1.0927129667823727,0.9639713338901453
nl100_m50_w50,d12_nl100_m50_w50_n600_p12_ds415_lmin1of100_lseed415_lN1000_lpnsseed1000,d12_nl100_m50_w50_n600_p12_ds415,lmin1of100_lseed415_lN1000_lpnsseed1000,1266,2266,200,100,-181.78627014274534,26.03378675459364,0.5111292993236707,0.5102331501832632,1.0017563522481547,results/bootstrap_runs/nl100_m50_w50/boot_method3_out/boot3_d12_nl100_m50_w50_n600_p12_ds415_lmin1of100_lseed415_lN1000_lpnsseed1000_nsseed1266_bootseed2266.npz,results/bootstrap_runs/nl100_m50_w50/ns_runs_out/ns_out_d12_nl100_m50_w50_n600_p12_ds415_lmin1of100_lseed415_lN1000_lpnsseed1000_nsseed1266.npz,0.5291959219454955,results/nl100_m50_w50/combined_nl100_m50_w50.npz,0.9658602383869361,0.9641668218218331
nl100_m50_w50,d12_nl100_m50_w50_n600_p12_ds415_lmin1of100_lseed415_lN1000_lpnsseed1000,d12_nl100_m50_w50_n600_p12_ds415,lmin1of100_lseed415_lN1000_lpnsseed1000,1267,2267,200,100,-182.08245207685718,26.60242777577738,0.5362632304402086,0.5157754140687337,1.0397223594080516,results/bootstrap_runs/nl100_m50_w50/boot_method3_out/boot3_d12_nl100_m50_w50_n600_p12_ds415_lmin1of100_lseed415_lN1000_lpnsseed1000_nsseed1267_bootseed2267.npz,results/bootstrap_runs/nl100_m50_w50/ns_runs_out/ns_out_d12_nl100_m50_w50_n600_p12_ds415_lmin1of100_lseed415_lN1000_lpnsseed1000_nsseed1267.npz,0.5291959219454955,results/nl100_m50_w50/combined_nl100_m50_w50.npz,1.0133548052840835,0.974639812363966
nl100_m50_w50,d12_nl100_m50_w50_n600_p12_ds415_lmin1of100_lseed415_lN1000_lpnsseed1000,d12_nl100_m50_w50_n600_p12_ds415,lmin1of100_lseed415_lN1000_lpnsseed1000,1268,2268,200,100,-181.13511411151285,25.5741124735097,0.48884469137099257,0.505708537336574,0.9666530328825402,results/bootstrap_runs/nl100_m50_w50/boot_method3_out/boot3_d12_nl100_m50_w50_n600_p12_ds415_lmin1of100_lseed415_lN1000_lpnsseed1000_nsseed1268_bootseed2268.npz,results/bootstrap_runs/nl100_m50_w50/ns_runs_out/ns_out_d12_nl100_m50_w50_n600_p12_ds415_lmin1of100_lseed415_lN1000_lpnsseed1000_nsseed1268.npz,0.5291959219454955,results/nl100_m50_w50/combined_nl100_m50_w50.npz,0.9237499215297074,0.9556168450380829
nl100_m50_w50,d12_nl100_m50_w50_n600_p12_ds415_lmin1of100_lseed415_lN1000_lpnsseed1000,d12_nl100_m50_w50_n600_p12_ds415,lmin1of100_lseed415_lN1000_lpnsseed1000,1269,2269,200,100,-181.7278467400211,26.305176597117924,0.5115350212520373,0.5128857240859598,0.997366464359425,results/bootstrap_runs/nl100_m50_w50/boot_method3_out/boot3_d12_nl100_m50_w50_n600_p12_ds415_lmin1of100_lseed415_lN1000_lpnsseed1000_nsseed1269_bootseed2269.npz,results/bootstrap_runs/nl100_m50_w50/ns_runs_out/ns_out_d12_nl100_m50_w50_n600_p12_ds415_lmin1of100_lseed415_lN1000_lpnsseed1000_nsseed1269.npz,0.5291959219454955,results/nl100_m50_w50/combined_nl100_m50_w50.npz,0.9666269146055945,0.9691792827889261
nl100_m50_w50,d12_nl100_m50_w50_n600_p12_ds415_lmin1of100_lseed415_lN1000_lpnsseed1000,d12_nl100_m50_w50_n600_p12_ds415,lmin1of100_lseed415_lN1000_lpnsseed1000,1270,2270,200,100,-181.68273468370867,26.049941575368628,0.48753950101337457,0.5103914338561005,0.9552266528650855,results/bootstrap_runs/nl100_m50_w50/boot_method3_out/boot3_d12_nl100_m50_w50_n600_p12_ds415_lmin1of100_lseed415_lN1000_lpnsseed1000_nsseed1270_bootseed2270.npz,results/bootstrap_runs/nl100_m50_w50/ns_runs_out/ns_out_d12_nl100_m50_w50_n600_p12_ds415_lmin1of100_lseed415_lN1000_lpnsseed1000_nsseed1270.npz,0.5291959219454955,results/nl100_m50_w50/combined_nl100_m50_w50.npz,0.9212835564208839,0.9644659240376162
nl100_m50_w50,d12_nl100_m50_w50_n600_p12_ds415_lmin1of100_lseed415_lN1000_lpnsseed1000,d12_nl100_m50_w50_n600_p12_ds415,lmin1of100_lseed415_lN1000_lpnsseed1000,1271,2271,200,100,-181.58209201779835,26.411709099352006,0.5021229058693683,0.5139232345336413,0.9770387328858925,results/bootstrap_runs/nl100_m50_w50/boot_method3_out/boot3_d12_nl100_m50_w50_n600_p12_ds415_lmin1of100_lseed415_lN1000_lpnsseed1000_nsseed1271_bootseed2271.npz,results/bootstrap_runs/nl100_m50_w50/ns_runs_out/ns_out_d12_nl100_m50_w50_n600_p12_ds415_lmin1of100_lseed415_lN1000_lpnsseed1000_nsseed1271.npz,0.5291959219454955,results/nl100_m50_w50/combined_nl100_m50_w50.npz,0.9488412231587159,0.9711398240642013
nl100_m50_w50,d12_nl100_m50_w50_n600_p12_ds415_lmin1of100_lseed415_lN1000_lpnsseed1000,d12_nl100_m50_w50_n600_p12_ds415,lmin1of100_lseed415_lN1000_lpnsseed1000,1272,2272,200,100,-181.42066460205007,26.145570300768373,0.48681912135567446,0.5113273931716192,0.9520693157784352,results/bootstrap_runs/nl100_m50_w50/boot_method3_out/boot3_d12_nl100_m50_w50_n600_p12_ds415_lmin1of100_lseed415_lN1000_lpnsseed1000_nsseed1272_bootseed2272.npz,results/bootstrap_runs/nl100_m50_w50/ns_runs_out/ns_out_d12_nl100_m50_w50_n600_p12_ds415_lmin1of100_lseed415_lN1000_lpnsseed1000_nsseed1272.npz,0.5291959219454955,results/nl100_m50_w50/combined_nl100_m50_w50.npz,0.9199222842949542,0.9662345682706969
nl100_m50_w50,d12_nl100_m50_w50_n600_p12_ds415_lmin1of100_lseed415_lN1000_lpnsseed1000,d12_nl100_m50_w50_n600_p12_ds415,lmin1of100_lseed415_lN1000_lpnsseed1000,1273,2273,200,100,-182.1266574789289,26.92069376595675,0.5169103946076432,0.518851556477927,0.9962587336473252,results/bootstrap_runs/nl100_m50_w50/boot_method3_out/boot3_d12_nl100_m50_w50_n600_p12_ds415_lmin1of100_lseed415_lN1000_lpnsseed1000_nsseed1273_bootseed2273.npz,results/bootstrap_runs/nl100_m50_w50/ns_runs_out/ns_out_d12_nl100_m50_w50_n600_p12_ds415_lmin1of100_lseed415_lN1000_lpnsseed1000_nsseed1273.npz,0.5291959219454955,results/nl100_m50_w50/combined_nl100_m50_w50.npz,0.9767845389044445,0.9804526735022083
nl100_m50_w50,d12_nl100_m50_w50_n600_p12_ds415_lmin1of100_lseed415_lN1000_lpnsseed1000,d12_nl100_m50_w50_n600_p12_ds415,lmin1of100_lseed415_lN1000_lpnsseed1000,1274,2274,200,100,-181.80266067005084,25.710550269929197,0.5182574239726012,0.5070557195213283,1.022091663736379,results/bootstrap_runs/nl100_m50_w50/boot_method3_out/boot3_d12_nl100_m50_w50_n600_p12_ds415_lmin1of100_lseed415_lN1000_lpnsseed1000_nsseed1274_bootseed2274.npz,results/bootstrap_runs/nl100_m50_w50/ns_runs_out/ns_out_d12_nl100_m50_w50_n600_p12_ds415_lmin1of100_lseed415_lN1000_lpnsseed1000_nsseed1274.npz,0.5291959219454955,results/nl100_m50_w50/combined_nl100_m50_w50.npz,0.9793299654829524,0.9581625603939414
nl100_m50_w50,d12_nl100_m50_w50_n600_p12_ds415_lmin1of100_lseed415_lN1000_lpnsseed1000,d12_nl100_m50_w50_n600_p12_ds415,lmin1of100_lseed415_lN1000_lpnsseed1000,1275,2275,200,100,-181.0234294242357,25.216555845352946,0.5225634879856071,0.5021608890122063,1.0406296058092745,results/bootstrap_runs/nl100_m50_w50/boot_method3_out/boot3_d12_nl100_m50_w50_n600_p12_ds415_lmin1of100_lseed415_lN1000_lpnsseed1000_nsseed1275_bootseed2275.npz,results/bootstrap_runs/nl100_m50_w50/ns_runs_out/ns_out_d12_nl100_m50_w50_n600_p12_ds415_lmin1of100_lseed415_lN1000_lpnsseed1000_nsseed1275.npz,0.5291959219454955,results/nl100_m50_w50/combined_nl100_m50_w50.npz,0.9874669594287399,0.9489129983581513
nl100_m50_w50,d12_nl100_m50_w50_n600_p12_ds415_lmin1of100_lseed415_lN1000_lpnsseed1000,d12_nl100_m50_w50_n600_p12_ds415,lmin1of100_lseed415_lN1000_lpnsseed1000,1276,2276,200,100,-181.05979946642069,25.820315418721716,0.5234649336074384,0.5081369443242807,1.0301650754867684,results/bootstrap_runs/nl100_m50_w50/boot_method3_out/boot3_d12_nl100_m50_w50_n600_p12_ds415_lmin1of100_lseed415_lN1000_lpnsseed1000_nsseed1276_bootseed2276.npz,results/bootstrap_runs/nl100_m50_w50/ns_runs_out/ns_out_d12_nl100_m50_w50_n600_p12_ds415_lmin1of100_lseed415_lN1000_lpnsseed1000_nsseed1276.npz,0.5291959219454955,results/nl100_m50_w50/combined_nl100_m50_w50.npz,0.9891703845392683,0.9602057069075757
nl100_m50_w50,d12_nl100_m50_w50_n600_p12_ds415_lmin1of100_lseed415_lN1000_lpnsseed1000,d12_nl100_m50_w50_n600_p12_ds415,lmin1of100_lseed415_lN1000_lpnsseed1000,1277,2277,200,100,-181.43703593760102,26.039532971225494,0.5516327659393131,0.510289456791197,1.0810193285357905,results/bootstrap_runs/nl100_m50_w50/boot_method3_out/boot3_d12_nl100_m50_w50_n600_p12_ds415_lmin1of100_lseed415_lN1000_lpnsseed1000_nsseed1277_bootseed2277.npz,results/bootstrap_runs/nl100_m50_w50/ns_runs_out/ns_out_d12_nl100_m50_w50_n600_p12_ds415_lmin1of100_lseed415_lN1000_lpnsseed1000_nsseed1277.npz,0.5291959219454955,results/nl100_m50_w50/combined_nl100_m50_w50.npz,1.042397991109479,0.9642732221276532
nl100_m50_w50,d12_nl100_m50_w50_n600_p12_ds415_lmin1of100_lseed415_lN1000_lpnsseed1000,d12_nl100_m50_w50_n600_p12_ds415,lmin1of100_lseed415_lN1000_lpnsseed1000,1278,2278,200,100,-181.85622013595537,26.48103654560377,0.540356161094027,0.51459728473442,1.0500563783054178,results/bootstrap_runs/nl100_m50_w50/boot_method3_out/boot3_d12_nl100_m50_w50_n600_p12_ds415_lmin1of100_lseed415_lN1000_lpnsseed1000_nsseed1278_bootseed2278.npz,results/bootstrap_runs/nl100_m50_w50/ns_runs_out/ns_out_d12_nl100_m50_w50_n600_p12_ds415_lmin1of100_lseed415_lN1000_lpnsseed1000_nsseed1278.npz,0.5291959219454955,results/nl100_m50_w50/combined_nl100_m50_w50.npz,1.0210890497937,0.9724135493005952
nl100_m50_w50,d12_nl100_m50_w50_n600_p12_ds415_lmin1of100_lseed415_lN1000_lpnsseed1000,d12_nl100_m50_w50_n600_p12_ds415,lmin1of100_lseed415_lN1000_lpnsseed1000,1279,2279,200,100,-181.76217566119072,26.381245272344454,0.5154653818103329,0.5136267640256342,1.0035796767487117,results/bootstrap_runs/nl100_m50_w50/boot_method3_out/boot3_d12_nl100_m50_w50_n600_p12_ds415_lmin1of100_lseed415_lN1000_lpnsseed1000_nsseed1279_bootseed2279.npz,results/bootstrap_runs/nl100_m50_w50/ns_runs_out/ns_out_d12_nl100_m50_w50_n600_p12_ds415_lmin1of100_lseed415_lN1000_lpnsseed1000_nsseed1279.npz,0.5291959219454955,results/nl100_m50_w50/combined_nl100_m50_w50.npz,0.9740539570208994,0.9705795958090078
nl100_m50_w50,d12_nl100_m50_w50_n600_p12_ds415_lmin1of100_lseed415_lN1000_lpnsseed1000,d12_nl100_m50_w50_n600_p12_ds415,lmin1of100_lseed415_lN1000_lpnsseed1000,1280,2280,200,100,-181.6391360500218,25.69907809434661,0.5134465483510768,0.5069425815055055,1.0128297899660668,results/bootstrap_runs/nl100_m50_w50/boot_method3_out/boot3_d12_nl100_m50_w50_n600_p12_ds415_lmin1of100_lseed415_lN1000_lpnsseed1000_nsseed1280_bootseed2280.npz,results/bootstrap_runs/nl100_m50_w50/ns_runs_out/ns_out_d12_nl100_m50_w50_n600_p12_ds415_lmin1of100_lseed415_lN1000_lpnsseed1000_nsseed1280.npz,0.5291959219454955,results/nl100_m50_w50/combined_nl100_m50_w50.npz,0.9702390495820171,0.9579487680891805
nl100_m50_w50,d12_nl100_m50_w50_n600_p12_ds415_lmin1of100_lseed415_lN1000_lpnsseed1000,d12_nl100_m50_w50_n600_p12_ds415,lmin1of100_lseed415_lN1000_lpnsseed1000,1281,2281,200,100,-181.1530553779593,25.434012991798618,0.5171934250524448,0.5043214549451432,1.0255233442501503,results/bootstrap_runs/nl100_m50_w50/boot_method3_out/boot3_d12_nl100_m50_w50_n600_p12_ds415_lmin1of100_lseed415_lN1000_lpnsseed1000_nsseed1281_bootseed2281.npz,results/bootstrap_runs/nl100_m50_w50/ns_runs_out/ns_out_d12_nl100_m50_w50_n600_p12_ds415_lmin1of100_lseed415_lN1000_lpnsseed1000_nsseed1281.npz,0.5291959219454955,results/nl100_m50_w50/combined_nl100_m50_w50.npz,0.9773193700190931,0.9529957318852617
nl100_m50_w50,d12_nl100_m50_w50_n600_p12_ds415_lmin1of100_lseed415_lN1000_lpnsseed1000,d12_nl100_m50_w50_n600_p12_ds415,lmin1of100_lseed415_lN1000_lpnsseed1000,1282,2282,200,100,-181.40355947347612,25.570583096231434,0.48103263344399316,0.505673640762809,0.951270927862396,results/bootstrap_runs/nl100_m50_w50/boot_method3_out/boot3_d12_nl100_m50_w50_n600_p12_ds415_lmin1of100_lseed415_lN1000_lpnsseed1000_nsseed1282_bootseed2282.npz,results/bootstrap_runs/nl100_m50_w50/ns_runs_out/ns_out_d12_nl100_m50_w50_n600_p12_ds415_lmin1of100_lseed415_lN1000_lpnsseed1000_nsseed1282.npz,0.5291959219454955,results/nl100_m50_w50/combined_nl100_m50_w50.npz,0.9089877935482978,0.9555509024026282
nl100_m50_w50,d12_nl100_m50_w50_n600_p12_ds415_lmin1of100_lseed415_lN1000_lpnsseed1000,d12_nl100_m50_w50_n600_p12_ds415,lmin1of100_lseed415_lN1000_lpnsseed1000,1283,2283,200,100,-181.56799709103944,26.1485175002175,0.5515097024321731,0.5113562114633742,1.0785235224852157,results/bootstrap_runs/nl100_m50_w50/boot_method3_out/boot3_d12_nl100_m50_w50_n600_p12_ds415_lmin1of100_lseed415_lN1000_lpnsseed1000_nsseed1283_bootseed2283.npz,results/bootstrap_runs/nl100_m50_w50/ns_runs_out/ns_out_d12_nl100_m50_w50_n600_p12_ds415_lmin1of100_lseed415_lN1000_lpnsseed1000_nsseed1283.npz,0.5291959219454955,results/nl100_m50_w50/combined_nl100_m50_w50.npz,1.0421654430076577,0.9662890250239708
nl100_m50_w50,d12_nl100_m50_w50_n600_p12_ds415_lmin1of100_lseed415_lN1000_lpnsseed1000,d12_nl100_m50_w50_n600_p12_ds415,lmin1of100_lseed415_lN1000_lpnsseed1000,1284,2284,200,100,-181.81422301797383,26.12408605934486,0.552222173626201,0.5111172669685976,1.0804216748563276,results/bootstrap_runs/nl100_m50_w50/boot_method3_out/boot3_d12_nl100_m50_w50_n600_p12_ds415_lmin1of100_lseed415_lN1000_lpnsseed1000_nsseed1284_bootseed2284.npz,results/bootstrap_runs/nl100_m50_w50/ns_runs_out/ns_out_d12_nl100_m50_w50_n600_p12_ds415_lmin1of100_lseed415_lN1000_lpnsseed1000_nsseed1284.npz,0.5291959219454955,results/nl100_m50_w50/combined_nl100_m50_w50.npz,1.0435117708315922,0.9658375013351673
nl100_m50_w50,d12_nl100_m50_w50_n600_p12_ds415_lmin1of100_lseed415_lN1000_lpnsseed1000,d12_nl100_m50_w50_n600_p12_ds415,lmin1of100_lseed415_lN1000_lpnsseed1000,1285,2285,200,100,-181.50586370004555,26.386154333226326,0.5255932101464634,0.5136745500141732,1.0232027460421416,results/bootstrap_runs/nl100_m50_w50/boot_method3_out/boot3_d12_nl100_m50_w50_n600_p12_ds415_lmin1of100_lseed415_lN1000_lpnsseed1000_nsseed1285_bootseed2285.npz,results/bootstrap_runs/nl100_m50_w50/ns_runs_out/ns_out_d12_nl100_m50_w50_n600_p12_ds415_lmin1of100_lseed415_lN1000_lpnsseed1000_nsseed1285.npz,0.5291959219454955,results/nl100_m50_w50/combined_nl100_m50_w50.npz,0.9931921021126027,0.9706698950470731
nl100_m50_w50,d12_nl100_m50_w50_n600_p12_ds415_lmin1of100_lseed415_lN1000_lpnsseed1000,d12_nl100_m50_w50_n600_p12_ds415,lmin1of100_lseed415_lN1000_lpnsseed1000,1286,2286,200,100,-181.24141472088442,25.421186765999487,0.491098756811696,0.5041942757112529,0.9740268393942327,results/bootstrap_runs/nl100_m50_w50/boot_method3_out/boot3_d12_nl100_m50_w50_n600_p12_ds415_lmin1of100_lseed415_lN1000_lpnsseed1000_nsseed1286_bootseed2286.npz,results/bootstrap_runs/nl100_m50_w50/ns_runs_out/ns_out_d12_nl100_m50_w50_n600_p12_ds415_lmin1of100_lseed415_lN1000_lpnsseed1000_nsseed1286.npz,0.5291959219454955,results/nl100_m50_w50/combined_nl100_m50_w50.npz,0.9280093372720222,0.9527554064620747
nl100_m50_w50,d12_nl100_m50_w50_n600_p12_ds415_lmin1of100_lseed415_lN1000_lpnsseed1000,d12_nl100_m50_w50_n600_p12_ds415,lmin1of100_lseed415_lN1000_lpnsseed1000,1287,2287,200,100,-181.58161564149216,26.13486903467061,0.528058642195558,0.5112227404436408,1.0329326151205773,results/bootstrap_runs/nl100_m50_w50/boot_method3_out/boot3_d12_nl100_m50_w50_n600_p12_ds415_lmin1of100_lseed415_lN1000_lpnsseed1000_nsseed1287_bootseed2287.npz,results/bootstrap_runs/nl100_m50_w50/ns_runs_out/ns_out_d12_nl100_m50_w50_n600_p12_ds415_lmin1of100_lseed415_lN1000_lpnsseed1000_nsseed1287.npz,0.5291959219454955,results/nl100_m50_w50/combined_nl100_m50_w50.npz,0.9978509287339999,0.9660368102690976
nl100_m50_w50,d12_nl100_m50_w50_n600_p12_ds415_lmin1of100_lseed415_lN1000_lpnsseed1000,d12_nl100_m50_w50_n600_p12_ds415,lmin1of100_lseed415_lN1000_lpnsseed1000,1288,2288,200,100,-181.73533890997874,26.315129686351852,0.49246122630608796,0.5129827451908285,0.959995693661964,results/bootstrap_runs/nl100_m50_w50/boot_method3_out/boot3_d12_nl100_m50_w50_n600_p12_ds415_lmin1of100_lseed415_lN1000_lpnsseed1000_nsseed1288_bootseed2288.npz,results/bootstrap_runs/nl100_m50_w50/ns_runs_out/ns_out_d12_nl100_m50_w50_n600_p12_ds415_lmin1of100_lseed415_lN1000_lpnsseed1000_nsseed1288.npz,0.5291959219454955,results/nl100_m50_w50/combined_nl100_m50_w50.npz,0.9305839404348415,0.9693626196228761
nl100_m50_w50,d12_nl100_m50_w50_n600_p12_ds415_lmin1of100_lseed415_lN1000_lpnsseed1000,d12_nl100_m50_w50_n600_p12_ds415,lmin1of100_lseed415_lN1000_lpnsseed1000,1289,2289,200,100,-181.84582781939307,26.382545814049617,0.5054669880099151,0.5136394242467143,0.9840891570019482,results/bootstrap_runs/nl100_m50_w50/boot_method3_out/boot3_d12_nl100_m50_w50_n600_p12_ds415_lmin1of100_lseed415_lN1000_lpnsseed1000_nsseed1289_bootseed2289.npz,results/bootstrap_runs/nl100_m50_w50/ns_runs_out/ns_out_d12_nl100_m50_w50_n600_p12_ds415_lmin1of100_lseed415_lN1000_lpnsseed1000_nsseed1289.npz,0.5291959219454955,results/nl100_m50_w50/combined_nl100_m50_w50.npz,0.9551603991044656,0.9706035193136212
nl100_m50_w50,d12_nl100_m50_w50_n600_p12_ds415_lmin1of100_lseed415_lN1000_lpnsseed1000,d12_nl100_m50_w50_n600_p12_ds415,lmin1of100_lseed415_lN1000_lpnsseed1000,1290,2290,200,100,-182.1337382291944,26.552681638992606,0.5208424311419825,0.5152929423055647,1.0107695805255703,results/bootstrap_runs/nl100_m50_w50/boot_method3_out/boot3_d12_nl100_m50_w50_n600_p12_ds415_lmin1of100_lseed415_lN1000_lpnsseed1000_nsseed1290_bootseed2290.npz,results/bootstrap_runs/nl100_m50_w50/ns_runs_out/ns_out_d12_nl100_m50_w50_n600_p12_ds415_lmin1of100_lseed415_lN1000_lpnsseed1000_nsseed1290.npz,0.5291959219454955,results/nl100_m50_w50/combined_nl100_m50_w50.npz,0.9842147483434814,0.9737281051055364
nl100_m50_w50,d12_nl100_m50_w50_n600_p12_ds415_lmin1of100_lseed415_lN1000_lpnsseed1000,d12_nl100_m50_w50_n600_p12_ds415,lmin1of100_lseed415_lN1000_lpnsseed1000,1291,2291,200,100,-180.61505998856973,25.130121772683047,0.4945611626899807,0.5012995289513351,0.9865582034847502,results/bootstrap_runs/nl100_m50_w50/boot_method3_out/boot3_d12_nl100_m50_w50_n600_p12_ds415_lmin1of100_lseed415_lN1000_lpnsseed1000_nsseed1291_bootseed2291.npz,results/bootstrap_runs/nl100_m50_w50/ns_runs_out/ns_out_d12_nl100_m50_w50_n600_p12_ds415_lmin1of100_lseed415_lN1000_lpnsseed1000_nsseed1291.npz,0.5291959219454955,results/nl100_m50_w50/combined_nl100_m50_w50.npz,0.9345521047702215,0.9472853213010332
nl100_m50_w50,d12_nl100_m50_w50_n600_p12_ds415_lmin1of100_lseed415_lN1000_lpnsseed1000,d12_nl100_m50_w50_n600_p12_ds415,lmin1of100_lseed415_lN1000_lpnsseed1000,1292,2292,200,100,-181.71645239490303,26.162114956199012,0.5138715085433386,0.5114891490168585,1.0046576931906752,results/bootstrap_runs/nl100_m50_w50/boot_method3_out/boot3_d12_nl100_m50_w50_n600_p12_ds415_lmin1of100_lseed415_lN1000_lpnsseed1000_nsseed1292_bootseed2292.npz,results/bootstrap_runs/nl100_m50_w50/ns_runs_out/ns_out_d12_nl100_m50_w50_n600_p12_ds415_lmin1of100_lseed415_lN1000_lpnsseed1000_nsseed1292.npz,0.5291959219454955,results/nl100_m50_w50/combined_nl100_m50_w50.npz,0.9710420795651271,0.9665402317093806
nl100_m50_w50,d12_nl100_m50_w50_n600_p12_ds415_lmin1of100_lseed415_lN1000_lpnsseed1000,d12_nl100_m50_w50_n600_p12_ds415,lmin1of100_lseed415_lN1000_lpnsseed1000,1293,2293,200,100,-181.00215658868905,25.736575785024613,0.5339150364232171,0.507312288290207,1.0524386038876947,results/bootstrap_runs/nl100_m50_w50/boot_method3_out/boot3_d12_nl100_m50_w50_n600_p12_ds415_lmin1of100_lseed415_lN1000_lpnsseed1000_nsseed1293_bootseed2293.npz,results/bootstrap_runs/nl100_m50_w50/ns_runs_out/ns_out_d12_nl100_m50_w50_n600_p12_ds415_lmin1of100_lseed415_lN1000_lpnsseed1000_nsseed1293.npz,0.5291959219454955,results/nl100_m50_w50/combined_nl100_m50_w50.npz,1.0089175186013768,0.9586473879563601
nl100_m50_w50,d12_nl100_m50_w50_n600_p12_ds415_lmin1of100_lseed415_lN1000_lpnsseed1000,d12_nl100_m50_w50_n600_p12_ds415,lmin1of100_lseed415_lN1000_lpnsseed1000,1294,2294,200,100,-181.95709075389445,26.752604929146223,0.5505935277228747,0.5172292038269516,1.06450587795326,results/bootstrap_runs/nl100_m50_w50/boot_method3_out/boot3_d12_nl100_m50_w50_n600_p12_ds415_lmin1of100_lseed415_lN1000_lpnsseed1000_nsseed1294_bootseed2294.npz,results/bootstrap_runs/nl100_m50_w50/ns_runs_out/ns_out_d12_nl100_m50_w50_n600_p12_ds415_lmin1of100_lseed415_lN1000_lpnsseed1000_nsseed1294.npz,0.5291959219454955,results/nl100_m50_w50/combined_nl100_m50_w50.npz,1.040434184939889,0.9773869797133917
nl100_m50_w50,d12_nl100_m50_w50_n600_p12_ds415_lmin1of100_lseed415_lN1000_lpnsseed1000,d12_nl100_m50_w50_n600_p12_ds415,lmin1of100_lseed415_lN1000_lpnsseed1000,1295,2295,200,100,-182.15648041299744,26.67858117712954,0.5127413372547035,0.5165131283629637,0.992697589081202,results/bootstrap_runs/nl100_m50_w50/boot_method3_out/boot3_d12_nl100_m50_w50_n600_p12_ds415_lmin1of100_lseed415_lN1000_lpnsseed1000_nsseed1295_bootseed2295.npz,results/bootstrap_runs/nl100_m50_w50/ns_runs_out/ns_out_d12_nl100_m50_w50_n600_p12_ds415_lmin1of100_lseed415_lN1000_lpnsseed1000_nsseed1295.npz,0.5291959219454955,results/nl100_m50_w50/combined_nl100_m50_w50.npz,0.9689064408691972,0.9760338410471764
nl100_m50_w50,d12_nl100_m50_w50_n600_p12_ds415_lmin1of100_lseed415_lN1000_lpnsseed1000,d12_nl100_m50_w50_n600_p12_ds415,lmin1of100_lseed415_lN1000_lpnsseed1000,1296,2296,200,100,-182.2328311731992,26.18800900655841,0.5572969489634914,0.5117422105568233,1.0890189190317137,results/bootstrap_runs/nl100_m50_w50/boot_method3_out/boot3_d12_nl100_m50_w50_n600_p12_ds415_lmin1of100_lseed415_lN1000_lpnsseed1000_nsseed1296_bootseed2296.npz,results/bootstrap_runs/nl100_m50_w50/ns_runs_out/ns_out_d12_nl100_m50_w50_n600_p12_ds415_lmin1of100_lseed415_lN1000_lpnsseed1000_nsseed1296.npz,0.5291959219454955,results/nl100_m50_w50/combined_nl100_m50_w50.npz,1.0531013672869727,0.9670184318040346
nl100_m50_w50,d12_nl100_m50_w50_n600_p12_ds415_lmin1of100_lseed415_lN1000_lpnsseed1000,d12_nl100_m50_w50_n600_p12_ds415,lmin1of100_lseed415_lN1000_lpnsseed1000,1297,2297,200,100,-181.1917276966422,25.913186964762733,0.5417204390029953,0.5090499677316829,1.0641793013304595,results/bootstrap_runs/nl100_m50_w50/boot_method3_out/boot3_d12_nl100_m50_w50_n600_p12_ds415_lmin1of100_lseed415_lN1000_lpnsseed1000_nsseed1297_bootseed2297.npz,results/bootstrap_runs/nl100_m50_w50/ns_runs_out/ns_out_d12_nl100_m50_w50_n600_p12_ds415_lmin1of100_lseed415_lN1000_lpnsseed1000_nsseed1297.npz,0.5291959219454955,results/nl100_m50_w50/combined_nl100_m50_w50.npz,1.0236670702439574,0.9619310100883818
nl100_m50_w50,d12_nl100_m50_w50_n600_p12_ds415_lmin1of100_lseed415_lN1000_lpnsseed1000,d12_nl100_m50_w50_n600_p12_ds415,lmin1of100_lseed415_lN1000_lpnsseed1000,1298,2298,200,100,-180.2233471245281,25.225200804825004,0.45643929710942854,0.5022469592225025,0.9087945456474521,results/bootstrap_runs/nl100_m50_w50/boot_method3_out/boot3_d12_nl100_m50_w50_n600_p12_ds415_lmin1of100_lseed415_lN1000_lpnsseed1000_nsseed1298_bootseed2298.npz,results/bootstrap_runs/nl100_m50_w50/ns_runs_out/ns_out_d12_nl100_m50_w50_n600_p12_ds415_lmin1of100_lseed415_lN1000_lpnsseed1000_nsseed1298.npz,0.5291959219454955,results/nl100_m50_w50/combined_nl100_m50_w50.npz,0.8625147666131099,0.9490756417322344
nl100_m50_w50,d12_nl100_m50_w50_n600_p12_ds415_lmin1of100_lseed415_lN1000_lpnsseed1000,d12_nl100_m50_w50_n600_p12_ds415,lmin1of100_lseed415_lN1000_lpnsseed1000,1299,2299,200,100,-182.06427869190594,26.288587137262663,0.5295517599306748,0.5127239719114239,1.032820365227936,results/bootstrap_runs/nl100_m50_w50/boot_method3_out/boot3_d12_nl100_m50_w50_n600_p12_ds415_lmin1of100_lseed415_lN1000_lpnsseed1000_nsseed1299_bootseed2299.npz,results/bootstrap_runs/nl100_m50_w50/ns_runs_out/ns_out_d12_nl100_m50_w50_n600_p12_ds415_lmin1of100_lseed415_lN1000_lpnsseed1000_nsseed1299.npz,0.5291959219454955,results/nl100_m50_w50/combined_nl100_m50_w50.npz,1.0006724125610629,0.9688736262866212
nl300_m20_w20,d12_nl300_m20_w20_n600_p12_ds415_lmin1of100_lseed415_lN1000_lpnsseed1000,d12_nl300_m20_w20_n600_p12_ds415,lmin1of100_lseed415_lN1000_lpnsseed1000,1000,2000,200,300,-181.72254663639518,26.220797583000248,0.3034789203880366,0.29563940638893327,1.0265171483560278,results/bootstrap_runs/nl300_m20_w20/boot_method3_out/boot3_d12_nl300_m20_w20_n600_p12_ds415_lmin1of100_lseed415_lN1000_lpnsseed1000_nsseed1000_bootseed2000.npz,results/bootstrap_runs/nl300_m20_w20/ns_runs_out/ns_out_d12_nl300_m20_w20_n600_p12_ds415_lmin1of100_lseed415_lN1000_lpnsseed1000_nsseed1000.npz,0.3363579955282173,results/nl300_m20_w20/combined_nl300_m20_w20.npz,0.9022497589553435,0.8789427048542744
nl300_m20_w20,d12_nl300_m20_w20_n600_p12_ds415_lmin1of100_lseed415_lN1000_lpnsseed1000,d12_nl300_m20_w20_n600_p12_ds415,lmin1of100_lseed415_lN1000_lpnsseed1000,1001,2001,200,300,-181.63462950849473,26.239598231940366,0.2960857681485222,0.29574537602437884,1.0011509634697224,results/bootstrap_runs/nl300_m20_w20/boot_method3_out/boot3_d12_nl300_m20_w20_n600_p12_ds415_lmin1of100_lseed415_lN1000_lpnsseed1000_nsseed1001_bootseed2001.npz,results/bootstrap_runs/nl300_m20_w20/ns_runs_out/ns_out_d12_nl300_m20_w20_n600_p12_ds415_lmin1of100_lseed415_lN1000_lpnsseed1000_nsseed1001.npz,0.3363579955282173,results/nl300_m20_w20/combined_nl300_m20_w20.npz,0.8802697485562919,0.879257754999817
nl300_m20_w20,d12_nl300_m20_w20_n600_p12_ds415_lmin1of100_lseed415_lN1000_lpnsseed1000,d12_nl300_m20_w20_n600_p12_ds415,lmin1of100_lseed415_lN1000_lpnsseed1000,1002,2002,200,300,-181.9750607549911,26.40252109514907,0.2906990791631868,0.2966621034957059,0.9798996088066052,results/bootstrap_runs/nl300_m20_w20/boot_method3_out/boot3_d12_nl300_m20_w20_n600_p12_ds415_lmin1of100_lseed415_lN1000_lpnsseed1000_nsseed1002_bootseed2002.npz,results/bootstrap_runs/nl300_m20_w20/ns_runs_out/ns_out_d12_nl300_m20_w20_n600_p12_ds415_lmin1of100_lseed415_lN1000_lpnsseed1000_nsseed1002.npz,0.3363579955282173,results/nl300_m20_w20/combined_nl300_m20_w20.npz,0.8642549992209115,0.8819832067016188
nl300_m20_w20,d12_nl300_m20_w20_n600_p12_ds415_lmin1of100_lseed415_lN1000_lpnsseed1000,d12_nl300_m20_w20_n600_p12_ds415,lmin1of100_lseed415_lN1000_lpnsseed1000,1003,2003,200,300,-182.06437007243852,26.40413660783361,0.32094495343204055,0.2966711794104353,1.0818204655735137,results/bootstrap_runs/nl300_m20_w20/boot_method3_out/boot3_d12_nl300_m20_w20_n600_p12_ds415_lmin1of100_lseed415_lN1000_lpnsseed1000_nsseed1003_bootseed2003.npz,results/bootstrap_runs/nl300_m20_w20/ns_runs_out/ns_out_d12_nl300_m20_w20_n600_p12_ds415_lmin1of100_lseed415_lN1000_lpnsseed1000_nsseed1003.npz,0.3363579955282173,results/nl300_m20_w20/combined_nl300_m20_w20.npz,0.9541766739572457,0.882010189603319
nl300_m20_w20,d12_nl300_m20_w20_n600_p12_ds415_lmin1of100_lseed415_lN1000_lpnsseed1000,d12_nl300_m20_w20_n600_p12_ds415,lmin1of100_lseed415_lN1000_lpnsseed1000,1004,2004,200,300,-181.42598937346,25.883133364877764,0.28106341547597163,0.29372965668495105,0.9568778946193881,results/bootstrap_runs/nl300_m20_w20/boot_method3_out/boot3_d12_nl300_m20_w20_n600_p12_ds415_lmin1of100_lseed415_lN1000_lpnsseed1000_nsseed1004_bootseed2004.npz,results/bootstrap_runs/nl300_m20_w20/ns_runs_out/ns_out_d12_nl300_m20_w20_n600_p12_ds415_lmin1of100_lseed415_lN1000_lpnsseed1000_nsseed1004.npz,0.3363579955282173,results/nl300_m20_w20/combined_nl300_m20_w20.npz,0.8356079510896984,0.8732649753833779
nl300_m20_w20,d12_nl300_m20_w20_n600_p12_ds415_lmin1of100_lseed415_lN1000_lpnsseed1000,d12_nl300_m20_w20_n600_p12_ds415,lmin1of100_lseed415_lN1000_lpnsseed1000,1005,2005,200,300,-181.67569131596804,26.01976804994156,0.3030050599439008,0.29450392215804505,1.028865957789498,results/bootstrap_runs/nl300_m20_w20/boot_method3_out/boot3_d12_nl300_m20_w20_n600_p12_ds415_lmin1of100_lseed415_lN1000_lpnsseed1000_nsseed1005_bootseed2005.npz,results/bootstrap_runs/nl300_m20_w20/ns_runs_out/ns_out_d12_nl300_m20_w20_n600_p12_ds415_lmin1of100_lseed415_lN1000_lpnsseed1000_nsseed1005.npz,0.3363579955282173,results/nl300_m20_w20/combined_nl300_m20_w20.npz,0.9008409610363536,0.8755668843119232
nl300_m20_w20,d12_nl300_m20_w20_n600_p12_ds415_lmin1of100_lseed415_lN1000_lpnsseed1000,d12_nl300_m20_w20_n600_p12_ds415,lmin1of100_lseed415_lN1000_lpnsseed1000,1006,2006,200,300,-181.62065225929774,25.96080555224682,0.3039603821287756,0.29417005032377,1.0332811983892654,results/bootstrap_runs/nl300_m20_w20/boot_method3_out/boot3_d12_nl300_m20_w20_n600_p12_ds415_lmin1of100_lseed415_lN1000_lpnsseed1000_nsseed1006_bootseed2006.npz,results/bootstrap_runs/nl300_m20_w20/ns_runs_out/ns_out_d12_nl300_m20_w20_n600_p12_ds415_lmin1of100_lseed415_lN1000_lpnsseed1000_nsseed1006.npz,0.3363579955282173,results/nl300_m20_w20/combined_nl300_m20_w20.npz,0.9036811557026778,0.8745742757260898
nl300_m20_w20,d12_nl300_m20_w20_n600_p12_ds415_lmin1of100_lseed415_lN1000_lpnsseed1000,d12_nl300_m20_w20_n600_p12_ds415,lmin1of100_lseed415_lN1000_lpnsseed1000,1007,2007,200,300,-182.3673062601668,26.643852803954765,0.3139718015913891,0.2980148363418325,1.0535441974816766,results/bootstrap_runs/nl300_m20_w20/boot_method3_out/boot3_d12_nl300_m20_w20_n600_p12_ds415_lmin1of100_lseed415_lN1000_lpnsseed1000_nsseed1007_bootseed2007.npz,results/bootstrap_runs/nl300_m20_w20/ns_runs_out/ns_out_d12_nl300_m20_w20_n600_p12_ds415_lmin1of100_lseed415_lN1000_lpnsseed1000_nsseed1007.npz,0.3363579955282173,results/nl300_m20_w20/combined_nl300_m20_w20.npz,0.9334453343329243,0.8860049123370157
nl300_m20_w20,d12_nl300_m20_w20_n600_p12_ds415_lmin1of100_lseed415_lN1000_lpnsseed1000,d12_nl300_m20_w20_n600_p12_ds415,lmin1of100_lseed415_lN1000_lpnsseed1000,1008,2008,200,300,-182.16192291391366,26.411054124313424,0.2945516864750268,0.2967100387264387,0.9927257188173472,results/bootstrap_runs/nl300_m20_w20/boot_method3_out/boot3_d12_nl300_m20_w20_n600_p12_ds415_lmin1of100_lseed415_lN1000_lpnsseed1000_nsseed1008_bootseed2008.npz,results/bootstrap_runs/nl300_m20_w20/ns_runs_out/ns_out_d12_nl300_m20_w20_n600_p12_ds415_lmin1of100_lseed415_lN1000_lpnsseed1000_nsseed1008.npz,0.3363579955282173,results/nl300_m20_w20/combined_nl300_m20_w20.npz,0.8757088887168035,0.8821257192369832
nl300_m20_w20,d12_nl300_m20_w20_n600_p12_ds415_lmin1of100_lseed415_lN1000_lpnsseed1000,d12_nl300_m20_w20_n600_p12_ds415,lmin1of100_lseed415_lN1000_lpnsseed1000,1009,2009,200,300,-181.51780026800904,25.879565612039144,0.2806229902543848,0.29370941201602163,0.9554443227685091,results/bootstrap_runs/nl300_m20_w20/boot_method3_out/boot3_d12_nl300_m20_w20_n600_p12_ds415_lmin1of100_lseed415_lN1000_lpnsseed1000_nsseed1009_bootseed2009.npz,results/bootstrap_runs/nl300_m20_w20/ns_runs_out/ns_out_d12_nl300_m20_w20_n600_p12_ds415_lmin1of100_lseed415_lN1000_lpnsseed1000_nsseed1009.npz,0.3363579955282173,results/nl300_m20_w20/combined_nl300_m20_w20.npz,0.8342985568506966,0.8732047875204505
nl300_m20_w20,d12_nl300_m20_w20_n600_p12_ds415_lmin1of100_lseed415_lN1000_lpnsseed1000,d12_nl300_m20_w20_n600_p12_ds415,lmin1of100_lseed415_lN1000_lpnsseed1000,1010,2010,200,300,-181.3528639876832,25.93268219453217,0.2756916474950035,0.29401066984341556,0.937692661432429,results/bootstrap_runs/nl300_m20_w20/boot_method3_out/boot3_d12_nl300_m20_w20_n600_p12_ds415_lmin1of100_lseed415_lN1000_lpnsseed1000_nsseed1010_bootseed2010.npz,results/bootstrap_runs/nl300_m20_w20/ns_runs_out/ns_out_d12_nl300_m20_w20_n600_p12_ds415_lmin1of100_lseed415_lN1000_lpnsseed1000_nsseed1010.npz,0.3363579955282173,results/nl300_m20_w20/combined_nl300_m20_w20.npz,0.8196375622409593,0.8741004339192252
nl300_m20_w20,d12_nl300_m20_w20_n600_p12_ds415_lmin1of100_lseed415_lN1000_lpnsseed1000,d12_nl300_m20_w20_n600_p12_ds415,lmin1of100_lseed415_lN1000_lpnsseed1000,1011,2011,200,300,-181.78694487248123,26.368859785031898,0.3201928948500214,0.29647293178878853,1.0800071794686852,results/bootstrap_runs/nl300_m20_w20/boot_method3_out/boot3_d12_nl300_m20_w20_n600_p12_ds415_lmin1of100_lseed415_lN1000_lpnsseed1000_nsseed1011_bootseed2011.npz,results/bootstrap_runs/nl300_m20_w20/ns_runs_out/ns_out_d12_nl300_m20_w20_n600_p12_ds415_lmin1of100_lseed415_lN1000_lpnsseed1000_nsseed1011.npz,0.3363579955282173,results/nl300_m20_w20/combined_nl300_m20_w20.npz,0.9519407866228653,0.8814207948980276
nl300_m20_w20,d12_nl300_m20_w20_n600_p12_ds415_lmin1of100_lseed415_lN1000_lpnsseed1000,d12_nl300_m20_w20_n600_p12_ds415,lmin1of100_lseed415_lN1000_lpnsseed1000,1012,2012,200,300,-181.23392469787677,25.47553047509043,0.29468887850914827,0.29140767820523894,1.0112598278951264,results/bootstrap_runs/nl300_m20_w20/boot_method3_out/boot3_d12_nl300_m20_w20_n600_p12_ds415_lmin1of100_lseed415_lN1000_lpnsseed1000_nsseed1012_bootseed2012.npz,results/bootstrap_runs/nl300_m20_w20/ns_runs_out/ns_out_d12_nl300_m20_w20_n600_p12_ds415_lmin1of100_lseed415_lN1000_lpnsseed1000_nsseed1012.npz,0.3363579955282173,results/nl300_m20_w20/combined_nl300_m20_w20.npz,0.8761167637664394,0.8663616803507576
nl300_m20_w20,d12_nl300_m20_w20_n600_p12_ds415_lmin1of100_lseed415_lN1000_lpnsseed1000,d12_nl300_m20_w20_n600_p12_ds415,lmin1of100_lseed415_lN1000_lpnsseed1000,1013,2013,200,300,-181.25876183509757,25.71112406800258,0.2755969687713401,0.29275202286806135,0.9414007325085069,results/bootstrap_runs/nl300_m20_w20/boot_method3_out/boot3_d12_nl300_m20_w20_n600_p12_ds415_lmin1of100_lseed415_lN1000_lpnsseed1000_nsseed1013_bootseed2013.npz,results/bootstrap_runs/nl300_m20_w20/ns_runs_out/ns_out_d12_nl300_m20_w20_n600_p12_ds415_lmin1of100_lseed415_lN1000_lpnsseed1000_nsseed1013.npz,0.3363579955282173,results/nl300_m20_w20/combined_nl300_m20_w20.npz,0.8193560802339247,0.8703584477256827
nl300_m20_w20,d12_nl300_m20_w20_n600_p12_ds415_lmin1of100_lseed415_lN1000_lpnsseed1000,d12_nl300_m20_w20_n600_p12_ds415,lmin1of100_lseed415_lN1000_lpnsseed1000,1014,2014,200,300,-181.5723312446786,26.04785262867339,0.28570349281843554,0.2946628165020339,0.9695946580910506,results/bootstrap_runs/nl300_m20_w20/boot_method3_out/boot3_d12_nl300_m20_w20_n600_p12_ds415_lmin1of100_lseed415_lN1000_lpnsseed1000_nsseed1014_bootseed2014.npz,results/bootstrap_runs/nl300_m20_w20/ns_runs_out/ns_out_d12_nl300_m20_w20_n600_p12_ds415_lmin1of100_lseed415_lN1000_lpnsseed1000_nsseed1014.npz,0.3363579955282173,results/nl300_m20_w20/combined_nl300_m20_w20.npz,0.8494030069651419,0.8760392808242741
nl300_m20_w20,d12_nl300_m20_w20_n600_p12_ds415_lmin1of100_lseed415_lN1000_lpnsseed1000,d12_nl300_m20_w20_n600_p12_ds415,lmin1of100_lseed415_lN1000_lpnsseed1000,1015,2015,200,300,-181.65314761759424,26.233323540887664,0.32049721544275445,0.2957100130245151,1.0838226685823602,results/bootstrap_runs/nl300_m20_w20/boot_method3_out/boot3_d12_nl300_m20_w20_n600_p12_ds415_lmin1of100_lseed415_lN1000_lpnsseed1000_nsseed1015_bootseed2015.npz,results/bootstrap_runs/nl300_m20_w20/ns_runs_out/ns_out_d12_nl300_m20_w20_n600_p12_ds415_lmin1of100_lseed415_lN1000_lpnsseed1000_nsseed1015.npz,0.3363579955282173,results/nl300_m20_w20/combined_nl300_m20_w20.npz,0.9528455386929183,0.8791526199938594
nl300_m20_w20,d12_nl300_m20_w20_n600_p12_ds415_lmin1of100_lseed415_lN1000_lpnsseed1000,d12_nl300_m20_w20_n600_p12_ds415,lmin1of100_lseed415_lN1000_lpnsseed1000,1016,2016,200,300,-182.01107118017165,25.98190405555432,0.30345826790757435,0.2942895629339371,1.0311553861517524,results/bootstrap_runs/nl300_m20_w20/boot_method3_out/boot3_d12_nl300_m20_w20_n600_p12_ds415_lmin1of100_lseed415_lN1000_lpnsseed1000_nsseed1016_bootseed2016.npz,results/bootstrap_runs/nl300_m20_w20/ns_runs_out/ns_out_d12_nl300_m20_w20_n600_p12_ds415_lmin1of100_lseed415_lN1000_lpnsseed1000_nsseed1016.npz,0.3363579955282173,results/nl300_m20_w20/combined_nl300_m20_w20.npz,0.9021883586594183,0.8749295894446752
nl300_m20_w20,d12_nl300_m20_w20_n600_p12_ds415_lmin1of100_lseed415_lN1000_lpnsseed1000,d12_nl300_m20_w20_n600_p12_ds415,lmin1of100_lseed415_lN1000_lpnsseed1000,1017,2017,200,300,-181.70560340987996,26.237140046542503,0.31157596714859626,0.2957315226493027,1.0535771241339156,results/bootstrap_runs/nl300_m20_w20/boot_method3_out/boot3_d12_nl300_m20_w20_n600_p12_ds415_lmin1of100_lseed415_lN1000_lpnsseed1000_nsseed1017_bootseed2017.npz,results/bootstrap_runs/nl300_m20_w20/ns_runs_out/ns_out_d12_nl300_m20_w20_n600_p12_ds415_lmin1of100_lseed415_lN1000_lpnsseed1000_nsseed1017.npz,0.3363579955282173,results/nl300_m20_w20/combined_nl300_m20_w20.npz,0.9263224638358802,0.8792165685994331
nl300_m20_w20,d12_nl300_m20_w20_n600_p12_ds415_lmin1of100_lseed415_lN1000_lpnsseed1000,d12_nl300_m20_w20_n600_p12_ds415,lmin1of100_lseed415_lN1000_lpnsseed1000,1018,2018,200,300,-181.5190792815582,25.789263687311017,0.29732422569847483,0.29319654208574275,1.0140782138266997,results/bootstrap_runs/nl300_m20_w20/boot_method3_out/boot3_d12_nl300_m20_w20_n600_p12_ds415_lmin1of100_lseed415_lN1000_lpnsseed1000_nsseed1018_bootseed2018.npz,results/bootstrap_runs/nl300_m20_w20/ns_runs_out/ns_out_d12_nl300_m20_w20_n600_p12_ds415_lmin1of100_lseed415_lN1000_lpnsseed1000_nsseed1018.npz,0.3363579955282173,results/nl300_m20_w20/combined_nl300_m20_w20.npz,0.8839517111271763,0.8716800135085425
nl300_m20_w20,d12_nl300_m20_w20_n600_p12_ds415_lmin1of100_lseed415_lN1000_lpnsseed1000,d12_nl300_m20_w20_n600_p12_ds415,lmin1of100_lseed415_lN1000_lpnsseed1000,1019,2019,200,300,-181.5523560806329,26.137758205428998,0.28802246243321655,0.29517090080962133,0.9757820355705884,results/bootstrap_runs/nl300_m20_w20/boot_method3_out/boot3_d12_nl300_m20_w20_n600_p12_ds415_lmin1of100_lseed415_lN1000_lpnsseed1000_nsseed1019_bootseed2019.npz,results/bootstrap_runs/nl300_m20_w20/ns_runs_out/ns_out_d12_nl300_m20_w20_n600_p12_ds415_lmin1of100_lseed415_lN1000_lpnsseed1000_nsseed1019.npz,0.3363579955282173,results/nl300_m20_w20/combined_nl300_m20_w20.npz,0.8562973565736276,0.8775498270706611
nl300_m20_w20,d12_nl300_m20_w20_n600_p12_ds415_lmin1of100_lseed415_lN1000_lpnsseed1000,d12_nl300_m20_w20_n600_p12_ds415,lmin1of100_lseed415_lN1000_lpnsseed1000,1020,2020,200,300,-181.3164985265387,25.9124652917557,0.2981238840889415,0.29389604336542596,1.0143854972496473,results/bootstrap_runs/nl300_m20_w20/boot_method3_out/boot3_d12_nl300_m20_w20_n600_p12_ds415_lmin1of100_lseed415_lN1000_lpnsseed1000_nsseed1020_bootseed2020.npz,results/bootstrap_runs/nl300_m20_w20/ns_runs_out/ns_out_d12_nl300_m20_w20_n600_p12_ds415_lmin1of100_lseed415_lN1000_lpnsseed1000_nsseed1020.npz,0.3363579955282173,results/nl300_m20_w20/combined_nl300_m20_w20.npz,0.8863291137788092,0.8737596467831573
nl300_m20_w20,d12_nl300_m20_w20_n600_p12_ds415_lmin1of100_lseed415_lN1000_lpnsseed1000,d12_nl300_m20_w20_n600_p12_ds415,lmin1of100_lseed415_lN1000_lpnsseed1000,1021,2021,200,300,-181.73249194913967,26.16729376398505,0.29850553621781345,0.2953376246715221,1.0107264069378723,results/bootstrap_runs/nl300_m20_w20/boot_method3_out/boot3_d12_nl300_m20_w20_n600_p12_ds415_lmin1of100_lseed415_lN1000_lpnsseed1000_nsseed1021_bootseed2021.npz,results/bootstrap_runs/nl300_m20_w20/ns_runs_out/ns_out_d12_nl300_m20_w20_n600_p12_ds415_lmin1of100_lseed415_lN1000_lpnsseed1000_nsseed1021.npz,0.3363579955282173,results/nl300_m20_w20/combined_nl300_m20_w20.npz,0.8874637742713376,0.8780455009185176
nl300_m20_w20,d12_nl300_m20_w20_n600_p12_ds415_lmin1of100_lseed415_lN1000_lpnsseed1000,d12_nl300_m20_w20_n600_p12_ds415,lmin1of100_lseed415_lN1000_lpnsseed1000,1022,2022,200,300,-181.74867194735137,26.18621970058644,0.30254313978223324,0.29544440932594207,1.0240272966155866,results/bootstrap_runs/nl300_m20_w20/boot_method3_out/boot3_d12_nl300_m20_w20_n600_p12_ds415_lmin1of100_lseed415_lN1000_lpnsseed1000_nsseed1022_bootseed2022.npz,results/bootstrap_runs/nl300_m20_w20/ns_runs_out/ns_out_d12_nl300_m20_w20_n600_p12_ds415_lmin1of100_lseed415_lN1000_lpnsseed1000_nsseed1022.npz,0.3363579955282173,results/nl300_m20_w20/combined_nl300_m20_w20.npz,0.8994676618497468,0.8783629741340786
nl300_m20_w20,d12_nl300_m20_w20_n600_p12_ds415_lmin1of100_lseed415_lN1000_lpnsseed1000,d12_nl300_m20_w20_n600_p12_ds415,lmin1of100_lseed415_lN1000_lpnsseed1000,1023,2023,200,300,-182.32495960667836,26.88152048820379,0.2726743690656097,0.29934105681314854,0.9109153684715411,results/bootstrap_runs/nl300_m20_w20/boot_method3_out/boot3_d12_nl300_m20_w20_n600_p12_ds415_lmin1of100_lseed415_lN1000_lpnsseed1000_nsseed1023_bootseed2023.npz,results/bootstrap_runs/nl300_m20_w20/ns_runs_out/ns_out_d12_nl300_m20_w20_n600_p12_ds415_lmin1of100_lseed415_lN1000_lpnsseed1000_nsseed1023.npz,0.3363579955282173,results/nl300_m20_w20/combined_nl300_m20_w20.npz,0.8106671245837379,0.8899477960768041
nl300_m20_w20,d12_nl300_m20_w20_n600_p12_ds415_lmin1of100_lseed415_lN1000_lpnsseed1000,d12_nl300_m20_w20_n600_p12_ds415,lmin1of100_lseed415_lN1000_lpnsseed1000,1024,2024,200,300,-181.8224750633615,25.893500445126826,0.31136252276186627,0.29378847518312007,1.0598187099333702,results/bootstrap_runs/nl300_m20_w20/boot_method3_out/boot3_d12_nl300_m20_w20_n600_p12_ds415_lmin1of100_lseed415_lN1000_lpnsseed1000_nsseed1024_bootseed2024.npz,results/bootstrap_runs/nl300_m20_w20/ns_runs_out/ns_out_d12_nl300_m20_w20_n600_p12_ds415_lmin1of100_lseed415_lN1000_lpnsseed1000_nsseed1024.npz,0.3363579955282173,results/nl300_m20_w20/combined_nl300_m20_w20.npz,0.9256878888010434,0.873439844121303
nl300_m20_w20,d12_nl300_m20_w20_n600_p12_ds415_lmin1of100_lseed415_lN1000_lpnsseed1000,d12_nl300_m20_w20_n600_p12_ds415,lmin1of100_lseed415_lN1000_lpnsseed1000,1025,2025,200,300,-181.1555635795527,25.6047981815181,0.306039501635279,0.2921460718060864,1.0475564492217935,results/bootstrap_runs/nl300_m20_w20/boot_method3_out/boot3_d12_nl300_m20_w20_n600_p12_ds415_lmin1of100_lseed415_lN1000_lpnsseed1000_nsseed1025_bootseed2025.npz,results/bootstrap_runs/nl300_m20_w20/ns_runs_out/ns_out_d12_nl300_m20_w20_n600_p12_ds415_lmin1of100_lseed415_lN1000_lpnsseed1000_nsseed1025.npz,0.3363579955282173,results/nl300_m20_w20/combined_nl300_m20_w20.npz,0.9098624254633041,0.8685569413841333
nl300_m20_w20,d12_nl300_m20_w20_n600_p12_ds415_lmin1of100_lseed415_lN1000_lpnsseed1000,d12_nl300_m20_w20_n600_p12_ds415,lmin1of100_lseed415_lN1000_lpnsseed1000,1026,2026,200,300,-181.41456027723981,25.956300751841333,0.26446625177522187,0.29414452656158296,0.8991030867264921,results/bootstrap_runs/nl300_m20_w20/boot_method3_out/boot3_d12_nl300_m20_w20_n600_p12_ds415_lmin1of100_lseed415_lN1000_lpnsseed1000_nsseed1026_bootseed2026.npz,results/bootstrap_runs/nl300_m20_w20/ns_runs_out/ns_out_d12_nl300_m20_w20_n600_p12_ds415_lmin1of100_lseed415_lN1000_lpnsseed1000_nsseed1026.npz,0.3363579955282173,results/nl300_m20_w20/combined_nl300_m20_w20.npz,0.786264204482202,0.8744983929983818
nl300_m20_w20,d12_nl300_m20_w20_n600_p12_ds415_lmin1of100_lseed415_lN1000_lpnsseed1000,d12_nl300_m20_w20_n600_p12_ds415,lmin1of100_lseed415_lN1000_lpnsseed1000,1027,2027,200,300,-181.9423124677784,26.420969661248233,0.284647069700877,0.2967657306206824,0.9591642171942854,results/bootstrap_runs/nl300_m20_w20/boot_method3_out/boot3_d12_nl300_m20_w20_n600_p12_ds415_lmin1of100_lseed415_lN1000_lpnsseed1000_nsseed1027_bootseed2027.npz,results/bootstrap_runs/nl300_m20_w20/ns_runs_out/ns_out_d12_nl300_m20_w20_n600_p12_ds415_lmin1of100_lseed415_lN1000_lpnsseed1000_nsseed1027.npz,0.3363579955282173,results/nl300_m20_w20/combined_nl300_m20_w20.npz,0.8462622369177418,0.8822912925100557
nl300_m20_w20,d12_nl300_m20_w20_n600_p12_ds415_lmin1of100_lseed415_lN1000_lpnsseed1000,d12_nl300_m20_w20_n600_p12_ds415,lmin1of100_lseed415_lN1000_lpnsseed1000,1028,2028,200,300,-181.568308836069,25.98849239061907,0.2936935119212148,0.2943268726581557,0.9978481042820833,results/bootstrap_runs/nl300_m20_w20/boot_method3_out/boot3_d12_nl300_m20_w20_n600_p12_ds415_lmin1of100_lseed415_lN1000_lpnsseed1000_nsseed1028_bootseed2028.npz,results/bootstrap_runs/nl300_m20_w20/ns_runs_out/ns_out_d12_nl300_m20_w20_n600_p12_ds415_lmin1of100_lseed415_lN1000_lpnsseed1000_nsseed1028.npz,0.3363579955282173,results/nl300_m20_w20/combined_nl300_m20_w20.npz,0.8731575161755791,0.875040512106585
nl300_m20_w20,d12_nl300_m20_w20_n600_p12_ds415_lmin1of100_lseed415_lN1000_lpnsseed1000,d12_nl300_m20_w20_n600_p12_ds415,lmin1of100_lseed415_lN1000_lpnsseed1000,1029,2029,200,300,-181.59813318110122,26.31593879610151,0.3327323060219637,0.29617527916253417,1.1234303786690039,results/bootstrap_runs/nl300_m20_w20/boot_method3_out/boot3_d12_nl300_m20_w20_n600_p12_ds415_lmin1of100_lseed415_lN1000_lpnsseed1000_nsseed1029_bootseed2029.npz,results/bootstrap_runs/nl300_m20_w20/ns_runs_out/ns_out_d12_nl300_m20_w20_n600_p12_ds415_lmin1of100_lseed415_lN1000_lpnsseed1000_nsseed1029.npz,0.3363579955282173,results/nl300_m20_w20/combined_nl300_m20_w20.npz,0.9892207423208126,0.8805358668445502
nl300_m50_w50,d12_nl300_m50_w50_n600_p12_ds415_lmin1of100_lseed415_lN1000_lpnsseed1000,d12_nl300_m50_w50_n600_p12_ds415,lmin1of100_lseed415_lN1000_lpnsseed1000,1000,2000,200,300,-181.58043454189988,26.11878459606944,0.30476613424537113,0.2950637478922673,1.0328823395703843,results/bootstrap_runs/nl300_m50_w50/boot_method3_out/boot3_d12_nl300_m50_w50_n600_p12_ds415_lmin1of100_lseed415_lN1000_lpnsseed1000_nsseed1000_bootseed2000.npz,results/bootstrap_runs/nl300_m50_w50/ns_runs_out/ns_out_d12_nl300_m50_w50_n600_p12_ds415_lmin1of100_lseed415_lN1000_lpnsseed1000_nsseed1000.npz,0.29663598705784444,results/nl300_m50_w50/combined_nl300_m50_w50.npz,1.027407824883841,0.9946997692991628
nl300_m50_w50,d12_nl300_m50_w50_n600_p12_ds415_lmin1of100_lseed415_lN1000_lpnsseed1000,d12_nl300_m50_w50_n600_p12_ds415,lmin1of100_lseed415_lN1000_lpnsseed1000,1001,2001,200,300,-181.58293644739618,25.84977287939017,0.2722726617155276,0.2935403031918568,0.9275477975423745,results/bootstrap_runs/nl300_m50_w50/boot_method3_out/boot3_d12_nl300_m50_w50_n600_p12_ds415_lmin1of100_lseed415_lN1000_lpnsseed1000_nsseed1001_bootseed2001.npz,results/bootstrap_runs/nl300_m50_w50/ns_runs_out/ns_out_d12_nl300_m50_w50_n600_p12_ds415_lmin1of100_lseed415_lN1000_lpnsseed1000_nsseed1001.npz,0.29663598705784444,results/nl300_m50_w50/combined_nl300_m50_w50.npz,0.9178679377914928,0.989564031334526
nl300_m50_w50,d12_nl300_m50_w50_n600_p12_ds415_lmin1of100_lseed415_lN1000_lpnsseed1000,d12_nl300_m50_w50_n600_p12_ds415,lmin1of100_lseed415_lN1000_lpnsseed1000,1002,2002,200,300,-181.7942352795522,26.2486452687489,0.3167010662171338,0.2957963560106226,1.0706726427886097,results/bootstrap_runs/nl300_m50_w50/boot_method3_out/boot3_d12_nl300_m50_w50_n600_p12_ds415_lmin1of100_lseed415_lN1000_lpnsseed1000_nsseed1002_bootseed2002.npz,results/bootstrap_runs/nl300_m50_w50/ns_runs_out/ns_out_d12_nl300_m50_w50_n600_p12_ds415_lmin1of100_lseed415_lN1000_lpnsseed1000_nsseed1002.npz,0.29663598705784444,results/nl300_m50_w50/combined_nl300_m50_w50.npz,1.0676420934570445,0.9971694902713941
nl300_m50_w50,d12_nl300_m50_w50_n600_p12_ds415_lmin1of100_lseed415_lN1000_lpnsseed1000,d12_nl300_m50_w50_n600_p12_ds415,lmin1of100_lseed415_lN1000_lpnsseed1000,1003,2003,200,300,-181.74330196439632,26.268656910015924,0.2925935715080978,0.29590909026262285,0.9887954819110745,results/bootstrap_runs/nl300_m50_w50/boot_method3_out/boot3_d12_nl300_m50_w50_n600_p12_ds415_lmin1of100_lseed415_lN1000_lpnsseed1000_nsseed1003_bootseed2003.npz,results/bootstrap_runs/nl300_m50_w50/ns_runs_out/ns_out_d12_nl300_m50_w50_n600_p12_ds415_lmin1of100_lseed415_lN1000_lpnsseed1000_nsseed1003.npz,0.29663598705784444,results/nl300_m50_w50/combined_nl300_m50_w50.npz,0.9863724708864863,0.9975495326698852
nl300_m50_w50,d12_nl300_m50_w50_n600_p12_ds415_lmin1of100_lseed415_lN1000_lpnsseed1000,d12_nl300_m50_w50_n600_p12_ds415,lmin1of100_lseed415_lN1000_lpnsseed1000,1004,2004,200,300,-182.13633687691262,26.54075096619489,0.304018747776249,0.29743767395425263,1.0221258919036886,results/bootstrap_runs/nl300_m50_w50/boot_method3_out/boot3_d12_nl300_m50_w50_n600_p12_ds415_lmin1of100_lseed415_lN1000_lpnsseed1000_nsseed1004_bootseed2004.npz,results/bootstrap_runs/nl300_m50_w50/ns_runs_out/ns_out_d12_nl300_m50_w50_n600_p12_ds415_lmin1of100_lseed415_lN1000_lpnsseed1000_nsseed1004.npz,0.29663598705784444,results/nl300_m50_w50/combined_nl300_m50_w50.npz,1.024888284094016,1.0027025948684098
nl300_m50_w50,d12_nl300_m50_w50_n600_p12_ds415_lmin1of100_lseed415_lN1000_lpnsseed1000,d12_nl300_m50_w50_n600_p12_ds415,lmin1of100_lseed415_lN1000_lpnsseed1000,1005,2005,200,300,-182.1882055023932,26.640354093763264,0.30402173952866646,0.2979952689432237,1.0202233767227726,results/bootstrap_runs/nl300_m50_w50/boot_method3_out/boot3_d12_nl300_m50_w50_n600_p12_ds415_lmin1of100_lseed415_lN1000_lpnsseed1000_nsseed1005_bootseed2005.npz,results/bootstrap_runs/nl300_m50_w50/ns_runs_out/ns_out_d12_nl300_m50_w50_n600_p12_ds415_lmin1of100_lseed415_lN1000_lpnsseed1000_nsseed1005.npz,0.29663598705784444,results/nl300_m50_w50/combined_nl300_m50_w50.npz,1.0248983696957232,1.0045823229300705
nl300_m50_w50,d12_nl300_m50_w50_n600_p12_ds415_lmin1of100_lseed415_lN1000_lpnsseed1000,d12_nl300_m50_w50_n600_p12_ds415,lmin1of100_lseed415_lN1000_lpnsseed1000,1006,2006,200,300,-181.4415216415544,25.85188614414004,0.2975105529595127,0.29355230166667085,1.0134839729423633,results/bootstrap_runs/nl300_m50_w50/boot_method3_out/boot3_d12_nl300_m50_w50_n600_p12_ds415_lmin1of100_lseed415_lN1000_lpnsseed1000_nsseed1006_bootseed2006.npz,results/bootstrap_runs/nl300_m50_w50/ns_runs_out/ns_out_d12_nl300_m50_w50_n600_p12_ds415_lmin1of100_lseed415_lN1000_lpnsseed1000_nsseed1006.npz,0.29663598705784444,results/nl300_m50_w50/combined_nl300_m50_w50.npz,1.0029482798440692,0.9896044798146076
nl300_m50_w50,d12_nl300_m50_w50_n600_p12_ds415_lmin1of100_lseed415_lN1000_lpnsseed1000,d12_nl300_m50_w50_n600_p12_ds415,lmin1of100_lseed415_lN1000_lpnsseed1000,1007,2007,200,300,-181.7050757767123,26.295927332983293,0.30917626489338196,0.29606264727240467,1.0442933877062566,results/bootstrap_runs/nl300_m50_w50/boot_method3_out/boot3_d12_nl300_m50_w50_n600_p12_ds415_lmin1of100_lseed415_lN1000_lpnsseed1000_nsseed1007_bootseed2007.npz,results/bootstrap_runs/nl300_m50_w50/ns_runs_out/ns_out_d12_nl300_m50_w50_n600_p12_ds415_lmin1of100_lseed415_lN1000_lpnsseed1000_nsseed1007.npz,0.29663598705784444,results/nl300_m50_w50/combined_nl300_m50_w50.npz,1.04227497128692,0.9980671941016787
nl300_m50_w50,d12_nl300_m50_w50_n600_p12_ds415_lmin1of100_lseed415_lN1000_lpnsseed1000,d12_nl300_m50_w50_n600_p12_ds415,lmin1of100_lseed415_lN1000_lpnsseed1000,1008,2008,200,300,-181.33890250500198,25.809981954812773,0.28188106049193573,0.29331429079182153,0.9610205480645998,results/bootstrap_runs/nl300_m50_w50/boot_method3_out/boot3_d12_nl300_m50_w50_n600_p12_ds415_lmin1of100_lseed415_lN1000_lpnsseed1000_nsseed1008_bootseed2008.npz,results/bootstrap_runs/nl300_m50_w50/ns_runs_out/ns_out_d12_nl300_m50_w50_n600_p12_ds415_lmin1of100_lseed415_lN1000_lpnsseed1000_nsseed1008.npz,0.29663598705784444,results/nl300_m50_w50/combined_nl300_m50_w50.npz,0.9502591485535722,0.9888021129905079
nl300_m50_w50,d12_nl300_m50_w50_n600_p12_ds415_lmin1of100_lseed415_lN1000_lpnsseed1000,d12_nl300_m50_w50_n600_p12_ds415,lmin1of100_lseed415_lN1000_lpnsseed1000,1009,2009,200,300,-181.64800022989866,26.02394829709494,0.286878164517119,0.2945275782055898,0.9740281920794146,results/bootstrap_runs/nl300_m50_w50/boot_method3_out/boot3_d12_nl300_m50_w50_n600_p12_ds415_lmin1of100_lseed415_lN1000_lpnsseed1000_nsseed1009_bootseed2009.npz,results/bootstrap_runs/nl300_m50_w50/ns_runs_out/ns_out_d12_nl300_m50_w50_n600_p12_ds415_lmin1of100_lseed415_lN1000_lpnsseed1000_nsseed1009.npz,0.29663598705784444,results/nl300_m50_w50/combined_nl300_m50_w50.npz,0.9671050615351581,0.9928922688269664
nl300_m50_w50,d12_nl300_m50_w50_n600_p12_ds415_lmin1of100_lseed415_lN1000_lpnsseed1000,d12_nl300_m50_w50_n600_p12_ds415,lmin1of100_lseed415_lN1000_lpnsseed1000,1010,2010,200,300,-181.6933942734271,26.138468764360038,0.2994678092536875,0.2951749129152636,1.0145435677308263,results/bootstrap_runs/nl300_m50_w50/boot_method3_out/boot3_d12_nl300_m50_w50_n600_p12_ds415_lmin1of100_lseed415_lN1000_lpnsseed1000_nsseed1010_bootseed2010.npz,results/bootstrap_runs/nl300_m50_w50/ns_runs_out/ns_out_d12_nl300_m50_w50_n600_p12_ds415_lmin1of100_lseed415_lN1000_lpnsseed1000_nsseed1010.npz,0.29663598705784444,results/nl300_m50_w50/combined_nl300_m50_w50.npz,1.0095464553169364,0.9950745216146147
nl300_m50_w50,d12_nl300_m50_w50_n600_p12_ds415_lmin1of100_lseed415_lN1000_lpnsseed1000,d12_nl300_m50_w50_n600_p12_ds415,lmin1of100_lseed415_lN1000_lpnsseed1000,1011,2011,200,300,-181.53890545963444,25.970258605540728,0.28982361696983316,0.29422360320874286,0.985045434183647,results/bootstrap_runs/nl300_m50_w50/boot_method3_out/boot3_d12_nl300_m50_w50_n600_p12_ds415_lmin1of100_lseed415_lN1000_lpnsseed1000_nsseed1011_bootseed2011.npz,results/bootstrap_runs/nl300_m50_w50/ns_runs_out/ns_out_d12_nl300_m50_w50_n600_p12_ds415_lmin1of100_lseed415_lN1000_lpnsseed1000_nsseed1011.npz,0.29663598705784444,results/nl300_m50_w50/combined_nl300_m50_w50.npz,0.9770345798040921,0.9918675280331676
nl300_m50_w50,d12_nl300_m50_w50_n600_p12_ds415_lmin1of100_lseed415_lN1000_lpnsseed1000,d12_nl300_m50_w50_n600_p12_ds415,lmin1of100_lseed415_lN1000_lpnsseed1000,1012,2012,200,300,-181.3218780121887,25.841265437324267,0.29668463208700135,0.2934919955599259,1.0108781042596564,results/bootstrap_runs/nl300_m50_w50/boot_method3_out/boot3_d12_nl300_m50_w50_n600_p12_ds415_lmin1of100_lseed415_lN1000_lpnsseed1000_nsseed1012_bootseed2012.npz,results/bootstrap_runs/nl300_m50_w50/ns_runs_out/ns_out_d12_nl300_m50_w50_n600_p12_ds415_lmin1of100_lseed415_lN1000_lpnsseed1000_nsseed1012.npz,0.29663598705784444,results/nl300_m50_w50/combined_nl300_m50_w50.npz,1.0001639889672167,0.9894011797789543
nl300_m50_w50,d12_nl300_m50_w50_n600_p12_ds415_lmin1of100_lseed415_lN1000_lpnsseed1000,d12_nl300_m50_w50_n600_p12_ds415,lmin1of100_lseed415_lN1000_lpnsseed1000,1013,2013,200,300,-181.68979351166846,25.970942948081984,0.26923183787983823,0.2942274797277439,0.9150465419782179,results/bootstrap_runs/nl300_m50_w50/boot_method3_out/boot3_d12_nl300_m50_w50_n600_p12_ds415_lmin1of100_lseed415_lN1000_lpnsseed1000_nsseed1013_bootseed2013.npz,results/bootstrap_runs/nl300_m50_w50/ns_runs_out/ns_out_d12_nl300_m50_w50_n600_p12_ds415_lmin1of100_lseed415_lN1000_lpnsseed1000_nsseed1013.npz,0.29663598705784444,results/nl300_m50_w50/combined_nl300_m50_w50.npz,0.9076169097019832,0.991880596302596
nl300_m50_w50,d12_nl300_m50_w50_n600_p12_ds415_lmin1of100_lseed415_lN1000_lpnsseed1000,d12_nl300_m50_w50_n600_p12_ds415,lmin1of100_lseed415_lN1000_lpnsseed1000,1014,2014,200,300,-181.60681226776006,26.32779929648999,0.27593377935709396,0.2962420142186114,0.93144714832201,results/bootstrap_runs/nl300_m50_w50/boot_method3_out/boot3_d12_nl300_m50_w50_n600_p12_ds415_lmin1of100_lseed415_lN1000_lpnsseed1000_nsseed1014_bootseed2014.npz,results/bootstrap_runs/nl300_m50_w50/ns_runs_out/ns_out_d12_nl300_m50_w50_n600_p12_ds415_lmin1of100_lseed415_lN1000_lpnsseed1000_nsseed1014.npz,0.29663598705784444,results/nl300_m50_w50/combined_nl300_m50_w50.npz,0.930210060127622,0.9986718643171363
nl300_m50_w50,d12_nl300_m50_w50_n600_p12_ds415_lmin1of100_lseed415_lN1000_lpnsseed1000,d12_nl300_m50_w50_n600_p12_ds415,lmin1of100_lseed415_lN1000_lpnsseed1000,1015,2015,200,300,-182.09709224432936,26.5418696050562,0.31702493546108945,0.29744394208576624,1.0658308696355199,results/bootstrap_runs/nl300_m50_w50/boot_method3_out/boot3_d12_nl300_m50_w50_n600_p12_ds415_lmin1of100_lseed415_lN1000_lpnsseed1000_nsseed1015_bootseed2015.npz,results/bootstrap_runs/nl300_m50_w50/ns_runs_out/ns_out_d12_nl300_m50_w50_n600_p12_ds415_lmin1of100_lseed415_lN1000_lpnsseed1000_nsseed1015.npz,0.29663598705784444,results/nl300_m50_w50/combined_nl300_m50_w50.npz,1.0687339004463714,1.0027237255868224
nl300_m50_w50,d12_nl300_m50_w50_n600_p12_ds415_lmin1of100_lseed415_lN1000_lpnsseed1000,d12_nl300_m50_w50_n600_p12_ds415,lmin1of100_lseed415_lN1000_lpnsseed1000,1016,2016,200,300,-181.43193330569687,25.823349615808723,0.28649274111557577,0.2933902385095587,0.9764903650884138,results/bootstrap_runs/nl300_m50_w50/boot_method3_out/boot3_d12_nl300_m50_w50_n600_p12_ds415_lmin1of100_lseed415_lN1000_lpnsseed1000_nsseed1016_bootseed2016.npz,results/bootstrap_runs/nl300_m50_w50/ns_runs_out/ns_out_d12_nl300_m50_w50_n600_p12_ds415_lmin1of100_lseed415_lN1000_lpnsseed1000_nsseed1016.npz,0.29663598705784444,results/nl300_m50_w50/combined_nl300_m50_w50.npz,0.9658057471621245,0.9890581430106361
nl300_m50_w50,d12_nl300_m50_w50_n600_p12_ds415_lmin1of100_lseed415_lN1000_lpnsseed1000,d12_nl300_m50_w50_n600_p12_ds415,lmin1of100_lseed415_lN1000_lpnsseed1000,1017,2017,200,300,-181.88138162708609,26.174846171251133,0.28537807325855924,0.29538024178591193,0.9661379905884085,results/bootstrap_runs/nl300_m50_w50/boot_method3_out/boot3_d12_nl300_m50_w50_n600_p12_ds415_lmin1of100_lseed415_lN1000_lpnsseed1000_nsseed1017_bootseed2017.npz,results/bootstrap_runs/nl300_m50_w50/ns_runs_out/ns_out_d12_nl300_m50_w50_n600_p12_ds415_lmin1of100_lseed415_lN1000_lpnsseed1000_nsseed1017.npz,0.29663598705784444,results/nl300_m50_w50/combined_nl300_m50_w50.npz,0.9620480511790032,0.9957667129858805
nl300_m50_w50,d12_nl300_m50_w50_n600_p12_ds415_lmin1of100_lseed415_lN1000_lpnsseed1000,d12_nl300_m50_w50_n600_p12_ds415,lmin1of100_lseed415_lN1000_lpnsseed1000,1018,2018,200,300,-181.11529479459276,25.579645021274434,0.2901667642588436,0.2920025400647195,0.993713151243585,results/bootstrap_runs/nl300_m50_w50/boot_method3_out/boot3_d12_nl300_m50_w50_n600_p12_ds415_lmin1of100_lseed415_lN1000_lpnsseed1000_nsseed1018_bootseed2018.npz,results/bootstrap_runs/nl300_m50_w50/ns_runs_out/ns_out_d12_nl300_m50_w50_n600_p12_ds415_lmin1of100_lseed415_lN1000_lpnsseed1000_nsseed1018.npz,0.29663598705784444,results/nl300_m50_w50/combined_nl300_m50_w50.npz,0.9781913756885494,0.9843800240183892
nl300_m50_w50,d12_nl300_m50_w50_n600_p12_ds415_lmin1of100_lseed415_lN1000_lpnsseed1000,d12_nl300_m50_w50_n600_p12_ds415,lmin1of100_lseed415_lN1000_lpnsseed1000,1019,2019,200,300,-182.13682442370816,26.52811300854803,0.2586020931633475,0.29736684980311234,0.8696399525857332,results/bootstrap_runs/nl300_m50_w50/boot_method3_out/boot3_d12_nl300_m50_w50_n600_p12_ds415_lmin1of100_lseed415_lN1000_lpnsseed1000_nsseed1019_bootseed2019.npz,results/bootstrap_runs/nl300_m50_w50/ns_runs_out/ns_out_d12_nl300_m50_w50_n600_p12_ds415_lmin1of100_lseed415_lN1000_lpnsseed1000_nsseed1019.npz,0.29663598705784444,results/nl300_m50_w50/combined_nl300_m50_w50.npz,0.871782603750366,1.0024638370836825
nl300_m50_w50,d12_nl300_m50_w50_n600_p12_ds415_lmin1of100_lseed415_lN1000_lpnsseed1000,d12_nl300_m50_w50_n600_p12_ds415,lmin1of100_lseed415_lN1000_lpnsseed1000,1020,2020,200,300,-181.43072271613508,25.85778551495788,0.2964680165283802,0.29358579390561956,1.0098173095653504,results/bootstrap_runs/nl300_m50_w50/boot_method3_out/boot3_d12_nl300_m50_w50_n600_p12_ds415_lmin1of100_lseed415_lN1000_lpnsseed1000_nsseed1020_bootseed2020.npz,results/bootstrap_runs/nl300_m50_w50/ns_runs_out/ns_out_d12_nl300_m50_w50_n600_p12_ds415_lmin1of100_lseed415_lN1000_lpnsseed1000_nsseed1020.npz,0.29663598705784444,results/nl300_m50_w50/combined_nl300_m50_w50.npz,0.9994337486455023,0.9897173866782721
nl300_m50_w50,d12_nl300_m50_w50_n600_p12_ds415_lmin1of100_lseed415_lN1000_lpnsseed1000,d12_nl300_m50_w50_n600_p12_ds415,lmin1of100_lseed415_lN1000_lpnsseed1000,1021,2021,200,300,-181.79012547650217,26.202266650161842,0.3020119774070761,0.29553491982145325,1.0219163866981809,results/bootstrap_runs/nl300_m50_w50/boot_method3_out/boot3_d12_nl300_m50_w50_n600_p12_ds415_lmin1of100_lseed415_lN1000_lpnsseed1000_nsseed1021_bootseed2021.npz,results/bootstrap_runs/nl300_m50_w50/ns_runs_out/ns_out_d12_nl300_m50_w50_n600_p12_ds415_lmin1of100_lseed415_lN1000_lpnsseed1000_nsseed1021.npz,0.29663598705784444,results/nl300_m50_w50/combined_nl300_m50_w50.npz,1.0181231899829581,0.9962881535470055
nl300_m50_w50,d12_nl300_m50_w50_n600_p12_ds415_lmin1of100_lseed415_lN1000_lpnsseed1000,d12_nl300_m50_w50_n600_p12_ds415,lmin1of100_lseed415_lN1000_lpnsseed1000,1022,2022,200,300,-181.80545884779718,26.246281944165034,0.31225935621267326,0.2957830395417393,1.0557040616543159,results/bootstrap_runs/nl300_m50_w50/boot_method3_out/boot3_d12_nl300_m50_w50_n600_p12_ds415_lmin1of100_lseed415_lN1000_lpnsseed1000_nsseed1022_bootseed2022.npz,results/bootstrap_runs/nl300_m50_w50/ns_runs_out/ns_out_d12_nl300_m50_w50_n600_p12_ds415_lmin1of100_lseed415_lN1000_lpnsseed1000_nsseed1022.npz,0.29663598705784444,results/nl300_m50_w50/combined_nl300_m50_w50.npz,1.0526684887757136,0.9971245986551901
nl300_m50_w50,d12_nl300_m50_w50_n600_p12_ds415_lmin1of100_lseed415_lN1000_lpnsseed1000,d12_nl300_m50_w50_n600_p12_ds415,lmin1of100_lseed415_lN1000_lpnsseed1000,1023,2023,200,300,-181.39906687700434,26.162137270434567,0.3159701780540812,0.29530852380989936,1.0699663320842119,results/bootstrap_runs/nl300_m50_w50/boot_method3_out/boot3_d12_nl300_m50_w50_n600_p12_ds415_lmin1of100_lseed415_lN1000_lpnsseed1000_nsseed1023_bootseed2023.npz,results/bootstrap_runs/nl300_m50_w50/ns_runs_out/ns_out_d12_nl300_m50_w50_n600_p12_ds415_lmin1of100_lseed415_lN1000_lpnsseed1000_nsseed1023.npz,0.29663598705784444,results/nl300_m50_w50/combined_nl300_m50_w50.npz,1.0651781706865746,0.9955249419967166
nl300_m50_w50,d12_nl300_m50_w50_n600_p12_ds415_lmin1of100_lseed415_lN1000_lpnsseed1000,d12_nl300_m50_w50_n600_p12_ds415,lmin1of100_lseed415_lN1000_lpnsseed1000,1024,2024,200,300,-181.6968419427909,26.24153635303612,0.30316308422325045,0.29575629806219467,1.0250435450050779,results/bootstrap_runs/nl300_m50_w50/boot_method3_out/boot3_d12_nl300_m50_w50_n600_p12_ds415_lmin1of100_lseed415_lN1000_lpnsseed1000_nsseed1024_bootseed2024.npz,results/bootstrap_runs/nl300_m50_w50/ns_runs_out/ns_out_d12_nl300_m50_w50_n600_p12_ds415_lmin1of100_lseed415_lN1000_lpnsseed1000_nsseed1024.npz,0.29663598705784444,results/nl300_m50_w50/combined_nl300_m50_w50.npz,1.0220037266217912,0.9970344495137798
nl300_m50_w50,d12_nl300_m50_w50_n600_p12_ds415_lmin1of100_lseed415_lN1000_lpnsseed1000,d12_nl300_m50_w50_n600_p12_ds415,lmin1of100_lseed415_lN1000_lpnsseed1000,1025,2025,200,300,-181.10246401109598,25.525466657401008,0.30632394833794485,0.2916931416026153,1.0501582130280651,results/bootstrap_runs/nl300_m50_w50/boot_method3_out/boot3_d12_nl300_m50_w50_n600_p12_ds415_lmin1of100_lseed415_lN1000_lpnsseed1000_nsseed1025_bootseed2025.npz,results/bootstrap_runs/nl300_m50_w50/ns_runs_out/ns_out_d12_nl300_m50_w50_n600_p12_ds415_lmin1of100_lseed415_lN1000_lpnsseed1000_nsseed1025.npz,0.29663598705784444,results/nl300_m50_w50/combined_nl300_m50_w50.npz,1.0326594267141675,0.9833369999902767
nl300_m50_w50,d12_nl300_m50_w50_n600_p12_ds415_lmin1of100_lseed415_lN1000_lpnsseed1000,d12_nl300_m50_w50_n600_p12_ds415,lmin1of100_lseed415_lN1000_lpnsseed1000,1026,2026,200,300,-181.5949662329213,26.2389218611419,0.30092274885267506,0.29574156432681725,1.0175192977613798,results/bootstrap_runs/nl300_m50_w50/boot_method3_out/boot3_d12_nl300_m50_w50_n600_p12_ds415_lmin1of100_lseed415_lN1000_lpnsseed1000_nsseed1026_bootseed2026.npz,results/bootstrap_runs/nl300_m50_w50/ns_runs_out/ns_out_d12_nl300_m50_w50_n600_p12_ds415_lmin1of100_lseed415_lN1000_lpnsseed1000_nsseed1026.npz,0.29663598705784444,results/nl300_m50_w50/combined_nl300_m50_w50.npz,1.0144512533268415,0.9969847801006937
nl300_m50_w50,d12_nl300_m50_w50_n600_p12_ds415_lmin1of100_lseed415_lN1000_lpnsseed1000,d12_nl300_m50_w50_n600_p12_ds415,lmin1of100_lseed415_lN1000_lpnsseed1000,1027,2027,200,300,-181.997954013438,26.65306859330167,0.28814320695605444,0.298066371765874,0.9667082041122906,results/bootstrap_runs/nl300_m50_w50/boot_method3_out/boot3_d12_nl300_m50_w50_n600_p12_ds415_lmin1of100_lseed415_lN1000_lpnsseed1000_nsseed1027_bootseed2027.npz,results/bootstrap_runs/nl300_m50_w50/ns_runs_out/ns_out_d12_nl300_m50_w50_n600_p12_ds415_lmin1of100_lseed415_lN1000_lpnsseed1000_nsseed1027.npz,0.29663598705784444,results/nl300_m50_w50/combined_nl300_m50_w50.npz,0.9713696905556712,1.0048220201541178
nl300_m50_w50,d12_nl300_m50_w50_n600_p12_ds415_lmin1of100_lseed415_lN1000_lpnsseed1000,d12_nl300_m50_w50_n600_p12_ds415,lmin1of100_lseed415_lN1000_lpnsseed1000,1028,2028,200,300,-181.69762849496936,26.12295227060853,0.2905885795195243,0.29508728804998546,0.9847546515467007,results/bootstrap_runs/nl300_m50_w50/boot_method3_out/boot3_d12_nl300_m50_w50_n600_p12_ds415_lmin1of100_lseed415_lN1000_lpnsseed1000_nsseed1028_bootseed2028.npz,results/bootstrap_runs/nl300_m50_w50/ns_runs_out/ns_out_d12_nl300_m50_w50_n600_p12_ds415_lmin1of100_lseed415_lN1000_lpnsseed1000_nsseed1028.npz,0.29663598705784444,results/nl300_m50_w50/combined_nl300_m50_w50.npz,0.9796133719367608,0.9947791263520667
nl300_m50_w50,d12_nl300_m50_w50_n600_p12_ds415_lmin1of100_lseed415_lN1000_lpnsseed1000,d12_nl300_m50_w50_n600_p12_ds415,lmin1of100_lseed415_lN1000_lpnsseed1000,1029,2029,200,300,-182.05097215844498,26.346868747481455,0.29118812673507816,0.29634928011543776,0.9825842216375583,results/bootstrap_runs/nl300_m50_w50/boot_method3_out/boot3_d12_nl300_m50_w50_n600_p12_ds415_lmin1of100_lseed415_lN1000_lpnsseed1000_nsseed1029_bootseed2029.npz,results/bootstrap_runs/nl300_m50_w50/ns_runs_out/ns_out_d12_nl300_m50_w50_n600_p12_ds415_lmin1of100_lseed415_lN1000_lpnsseed1000_nsseed1029.npz,0.29663598705784444,results/nl300_m50_w50/combined_nl300_m50_w50.npz,0.98163452662369,0.9990334721513382
nl300_m50_w50,d12_nl300_m50_w50_n600_p12_ds415_lmin1of100_lseed415_lN1000_lpnsseed1000,d12_nl300_m50_w50_n600_p12_ds415,lmin1of100_lseed415_lN1000_lpnsseed1000,1030,2030,200,300,-181.73781879640455,26.491955920096235,0.3079209636684592,0.29716412928490227,1.0361982935472134,results/bootstrap_runs/nl300_m50_w50/boot_method3_out/boot3_d12_nl300_m50_w50_n600_p12_ds415_lmin1of100_lseed415_lN1000_lpnsseed1000_nsseed1030_bootseed2030.npz,results/bootstrap_runs/nl300_m50_w50/ns_runs_out/ns_out_d12_nl300_m50_w50_n600_p12_ds415_lmin1of100_lseed415_lN1000_lpnsseed1000_nsseed1030.npz,0.29663598705784444,results/nl300_m50_w50/combined_nl300_m50_w50.npz,1.0380431812152793,1.001780438820981
nl300_m50_w50,d12_nl300_m50_w50_n600_p12_ds415_lmin1of100_lseed415_lN1000_lpnsseed1000,d12_nl300_m50_w50_n600_p12_ds415,lmin1of100_lseed415_lN1000_lpnsseed1000,1031,2031,200,300,-181.97751285161988,26.35658407537196,0.3065114378446436,0.29640391402820554,1.0341005072405225,results/bootstrap_runs/nl300_m50_w50/boot_method3_out/boot3_d12_nl300_m50_w50_n600_p12_ds415_lmin1of100_lseed415_lN1000_lpnsseed1000_nsseed1031_bootseed2031.npz,results/bootstrap_runs/nl300_m50_w50/ns_runs_out/ns_out_d12_nl300_m50_w50_n600_p12_ds415_lmin1of100_lseed415_lN1000_lpnsseed1000_nsseed1031.npz,0.29663598705784444,results/nl300_m50_w50/combined_nl300_m50_w50.npz,1.0332914791787329,0.9992176504545497
nl300_m50_w50,d12_nl300_m50_w50_n600_p12_ds415_lmin1of100_lseed415_lN1000_lpnsseed1000,d12_nl300_m50_w50_n600_p12_ds415,lmin1of100_lseed415_lN1000_lpnsseed1000,1032,2032,200,300,-181.81977981241695,26.264309393814155,0.28865182617236007,0.2958846024709304,0.9755554150565137,results/bootstrap_runs/nl300_m50_w50/boot_method3_out/boot3_d12_nl300_m50_w50_n600_p12_ds415_lmin1of100_lseed415_lN1000_lpnsseed1000_nsseed1032_bootseed2032.npz,results/bootstrap_runs/nl300_m50_w50/ns_runs_out/ns_out_d12_nl300_m50_w50_n600_p12_ds415_lmin1of100_lseed415_lN1000_lpnsseed1000_nsseed1032.npz,0.29663598705784444,results/nl300_m50_w50/combined_nl300_m50_w50.npz,0.9730843146690511,0.9974669810147899
nl300_m50_w50,d12_nl300_m50_w50_n600_p12_ds415_lmin1of100_lseed415_lN1000_lpnsseed1000,d12_nl300_m50_w50_n600_p12_ds415,lmin1of100_lseed415_lN1000_lpnsseed1000,1033,2033,200,300,-182.08219598806565,26.358518204542715,0.29591290001628046,0.29641478935518,0.9983068006154775,results/bootstrap_runs/nl300_m50_w50/boot_method3_out/boot3_d12_nl300_m50_w50_n600_p12_ds415_lmin1of100_lseed415_lN1000_lpnsseed1000_nsseed1033_bootseed2033.npz,results/bootstrap_runs/nl300_m50_w50/ns_runs_out/ns_out_d12_nl300_m50_w50_n600_p12_ds415_lmin1of100_lseed415_lN1000_lpnsseed1000_nsseed1033.npz,0.29663598705784444,results/nl300_m50_w50/combined_nl300_m50_w50.npz,0.9975623758643183,0.9992543126514811
nl300_m50_w50,d12_nl300_m50_w50_n600_p12_ds415_lmin1of100_lseed415_lN1000_lpnsseed1000,d12_nl300_m50_w50_n600_p12_ds415,lmin1of100_lseed415_lN1000_lpnsseed1000,1034,2034,200,300,-181.7249416713804,26.339168700380352,0.28549335596416997,0.29630597192980745,0.963508612751825,results/bootstrap_runs/nl300_m50_w50/boot_method3_out/boot3_d12_nl300_m50_w50_n600_p12_ds415_lmin1of100_lseed415_lN1000_lpnsseed1000_nsseed1034_bootseed2034.npz,results/bootstrap_runs/nl300_m50_w50/ns_runs_out/ns_out_d12_nl300_m50_w50_n600_p12_ds415_lmin1of100_lseed415_lN1000_lpnsseed1000_nsseed1034.npz,0.29663598705784444,results/nl300_m50_w50/combined_nl300_m50_w50.npz,0.9624366847590153,0.9988874744048751
nl300_m50_w50,d12_nl300_m50_w50_n600_p12_ds415_lmin1of100_lseed415_lN1000_lpnsseed1000,d12_nl300_m50_w50_n600_p12_ds415,lmin1of100_lseed415_lN1000_lpnsseed1000,1035,2035,200,300,-181.81240056719906,26.022813473361765,0.3268159450533505,0.2945211564181299,1.1096518465022318,results/bootstrap_runs/nl300_m50_w50/boot_method3_out/boot3_d12_nl300_m50_w50_n600_p12_ds415_lmin1of100_lseed415_lN1000_lpnsseed1000_nsseed1035_bootseed2035.npz,results/bootstrap_runs/nl300_m50_w50/ns_runs_out/ns_out_d12_nl300_m50_w50_n600_p12_ds415_lmin1of100_lseed415_lN1000_lpnsseed1000_nsseed1035.npz,0.29663598705784444,results/nl300_m50_w50/combined_nl300_m50_w50.npz,1.101740716946865,0.9928706201135936
nl300_m50_w50,d12_nl300_m50_w50_n600_p12_ds415_lmin1of100_lseed415_lN1000_lpnsseed1000,d12_nl300_m50_w50_n600_p12_ds415,lmin1of100_lseed415_lN1000_lpnsseed1000,1036,2036,200,300,-181.5727774701196,26.16493740451836,0.265570655787561,0.2953243268257141,0.8992508630834458,results/bootstrap_runs/nl300_m50_w50/boot_method3_out/boot3_d12_nl300_m50_w50_n600_p12_ds415_lmin1of100_lseed415_lN1000_lpnsseed1000_nsseed1036_bootseed2036.npz,results/bootstrap_runs/nl300_m50_w50/ns_runs_out/ns_out_d12_nl300_m50_w50_n600_p12_ds415_lmin1of100_lseed415_lN1000_lpnsseed1000_nsseed1036.npz,0.29663598705784444,results/nl300_m50_w50/combined_nl300_m50_w50.npz,0.8952745700937976,0.9955782160986604
nl300_m50_w50,d12_nl300_m50_w50_n600_p12_ds415_lmin1of100_lseed415_lN1000_lpnsseed1000,d12_nl300_m50_w50_n600_p12_ds415,lmin1of100_lseed415_lN1000_lpnsseed1000,1037,2037,200,300,-182.39159729580493,26.936707337025076,0.3117579037934237,0.29964816778473763,1.0404131822270495,results/bootstrap_runs/nl300_m50_w50/boot_method3_out/boot3_d12_nl300_m50_w50_n600_p12_ds415_lmin1of100_lseed415_lN1000_lpnsseed1000_nsseed1037_bootseed2037.npz,results/bootstrap_runs/nl300_m50_w50/ns_runs_out/ns_out_d12_nl300_m50_w50_n600_p12_ds415_lmin1of100_lseed415_lN1000_lpnsseed1000_nsseed1037.npz,0.29663598705784444,results/nl300_m50_w50/combined_nl300_m50_w50.npz,1.0509780249037366,1.0101544682989048
nl300_m50_w50,d12_nl300_m50_w50_n600_p12_ds415_lmin1of100_lseed415_lN1000_lpnsseed1000,d12_nl300_m50_w50_n600_p12_ds415,lmin1of100_lseed415_lN1000_lpnsseed1000,1038,2038,200,300,-182.06624960505752,26.547424355167028,0.32590214131821826,0.2974750653705675,1.0955612058181712,results/bootstrap_runs/nl300_m50_w50/boot_method3_out/boot3_d12_nl300_m50_w50_n600_p12_ds415_lmin1of100_lseed415_lN1000_lpnsseed1000_nsseed1038_bootseed2038.npz,results/bootstrap_runs/nl300_m50_w50/ns_runs_out/ns_out_d12_nl300_m50_w50_n600_p12_ds415_lmin1of100_lseed415_lN1000_lpnsseed1000_nsseed1038.npz,0.29663598705784444,results/nl300_m50_w50/combined_nl300_m50_w50.npz,1.098660161063556,1.0028286463859135
nl300_m50_w50,d12_nl300_m50_w50_n600_p12_ds415_lmin1of100_lseed415_lN1000_lpnsseed1000,d12_nl300_m50_w50_n600_p12_ds415,lmin1of100_lseed415_lN1000_lpnsseed1000,1039,2039,200,300,-181.8369405014327,26.295711131218578,0.28065651176006945,0.29606143017521763,0.947967155309521,results/bootstrap_runs/nl300_m50_w50/boot_method3_out/boot3_d12_nl300_m50_w50_n600_p12_ds415_lmin1of100_lseed415_lN1000_lpnsseed1000_nsseed1039_bootseed2039.npz,results/bootstrap_runs/nl300_m50_w50/ns_runs_out/ns_out_d12_nl300_m50_w50_n600_p12_ds415_lmin1of100_lseed415_lN1000_lpnsseed1000_nsseed1039.npz,0.29663598705784444,results/nl300_m50_w50/combined_nl300_m50_w50.npz,0.9461310292919417,0.9980630911025816
nl300_m50_w50,d12_nl300_m50_w50_n600_p12_ds415_lmin1of100_lseed415_lN1000_lpnsseed1000,d12_nl300_m50_w50_n600_p12_ds415,lmin1of100_lseed415_lN1000_lpnsseed1000,1040,2040,200,300,-181.8905633058772,26.21580183367179,0.31184560362858804,0.2956112415187205,1.0549179456994346,results/bootstrap_runs/nl300_m50_w50/boot_method3_out/boot3_d12_nl300_m50_w50_n600_p12_ds415_lmin1of100_lseed415_lN1000_lpnsseed1000_nsseed1040_bootseed2040.npz,results/bootstrap_runs/nl300_m50_w50/ns_runs_out/ns_out_d12_nl300_m50_w50_n600_p12_ds415_lmin1of100_lseed415_lN1000_lpnsseed1000_nsseed1040.npz,0.29663598705784444,results/nl300_m50_w50/combined_nl300_m50_w50.npz,1.0512736728999024,0.9965454443026694
nl300_m50_w50,d12_nl300_m50_w50_n600_p12_ds415_lmin1of100_lseed415_lN1000_lpnsseed1000,d12_nl300_m50_w50_n600_p12_ds415,lmin1of100_lseed415_lN1000_lpnsseed1000,1041,2041,200,300,-181.60577118016312,26.14504420942624,0.2908061612538955,0.29521203797398593,0.9850755519648604,results/bootstrap_runs/nl300_m50_w50/boot_method3_out/boot3_d12_nl300_m50_w50_n600_p12_ds415_lmin1of100_lseed415_lN1000_lpnsseed1000_nsseed1041_bootseed2041.npz,results/bootstrap_runs/nl300_m50_w50/ns_runs_out/ns_out_d12_nl300_m50_w50_n600_p12_ds415_lmin1of100_lseed415_lN1000_lpnsseed1000_nsseed1041.npz,0.29663598705784444,results/nl300_m50_w50/combined_nl300_m50_w50.npz,0.9803468693674983,0.9951996752046782
nl300_m50_w50,d12_nl300_m50_w50_n600_p12_ds415_lmin1of100_lseed415_lN1000_lpnsseed1000,d12_nl300_m50_w50_n600_p12_ds415,lmin1of100_lseed415_lN1000_lpnsseed1000,1042,2042,200,300,-182.30827691154542,26.596267782474776,0.31338348034881086,0.29774859519665675,1.0525103574101755,results/bootstrap_runs/nl300_m50_w50/boot_method3_out/boot3_d12_nl300_m50_w50_n600_p12_ds415_lmin1of100_lseed415_lN1000_lpnsseed1000_nsseed1042_bootseed2042.npz,results/bootstrap_runs/nl300_m50_w50/ns_runs_out/ns_out_d12_nl300_m50_w50_n600_p12_ds415_lmin1of100_lseed415_lN1000_lpnsseed1000_nsseed1042.npz,0.29663598705784444,results/nl300_m50_w50/combined_nl300_m50_w50.npz,1.0564580631536815,1.0037507523947031
nl300_m50_w50,d12_nl300_m50_w50_n600_p12_ds415_lmin1of100_lseed415_lN1000_lpnsseed1000,d12_nl300_m50_w50_n600_p12_ds415,lmin1of100_lseed415_lN1000_lpnsseed1000,1043,2043,200,300,-181.62927794699766,25.904331260816885,0.27624907688049194,0.29384991214800393,0.9401026355977029,results/bootstrap_runs/nl300_m50_w50/boot_method3_out/boot3_d12_nl300_m50_w50_n600_p12_ds415_lmin1of100_lseed415_lN1000_lpnsseed1000_nsseed1043_bootseed2043.npz,results/bootstrap_runs/nl300_m50_w50/ns_runs_out/ns_out_d12_nl300_m50_w50_n600_p12_ds415_lmin1of100_lseed415_lN1000_lpnsseed1000_nsseed1043.npz,0.29663598705784444,results/nl300_m50_w50/combined_nl300_m50_w50.npz,0.9312729706885597,0.9906077649665035
nl300_m50_w50,d12_nl300_m50_w50_n600_p12_ds415_lmin1of100_lseed415_lN1000_lpnsseed1000,d12_nl300_m50_w50_n600_p12_ds415,lmin1of100_lseed415_lN1000_lpnsseed1000,1044,2044,200,300,-181.77270038525762,26.295515661929283,0.2891989882116681,0.29606032978617314,0.9768245155321533,results/bootstrap_runs/nl300_m50_w50/boot_method3_out/boot3_d12_nl300_m50_w50_n600_p12_ds415_lmin1of100_lseed415_lN1000_lpnsseed1000_nsseed1044_bootseed2044.npz,results/bootstrap_runs/nl300_m50_w50/ns_runs_out/ns_out_d12_nl300_m50_w50_n600_p12_ds415_lmin1of100_lseed415_lN1000_lpnsseed1000_nsseed1044.npz,0.29663598705784444,results/nl300_m50_w50/combined_nl300_m50_w50.npz,0.9749288718474806,0.9980593815424053
nl300_m50_w50,d12_nl300_m50_w50_n600_p12_ds415_lmin1of100_lseed415_lN1000_lpnsseed1000,d12_nl300_m50_w50_n600_p12_ds415,lmin1of100_lseed415_lN1000_lpnsseed1000,1045,2045,200,300,-181.73027998834635,26.359202677519587,0.3295641238538863,0.2964186379515723,1.111819844161517,results/bootstrap_runs/nl300_m50_w50/boot_method3_out/boot3_d12_nl300_m50_w50_n600_p12_ds415_lmin1of100_lseed415_lN1000_lpnsseed1000_nsseed1045_bootseed2045.npz,results/bootstrap_runs/nl300_m50_w50/ns_runs_out/ns_out_d12_nl300_m50_w50_n600_p12_ds415_lmin1of100_lseed415_lN1000_lpnsseed1000_nsseed1045.npz,0.29663598705784444,results/nl300_m50_w50/combined_nl300_m50_w50.npz,1.1110051990745844,0.9992672867900221
nl300_m50_w50,d12_nl300_m50_w50_n600_p12_ds415_lmin1of100_lseed415_lN1000_lpnsseed1000,d12_nl300_m50_w50_n600_p12_ds415,lmin1of100_lseed415_lN1000_lpnsseed1000,1046,2046,200,300,-181.87894739924843,26.228208428265773,0.3045343872119239,0.29568118206533295,1.029941726709665,results/bootstrap_runs/nl300_m50_w50/boot_method3_out/boot3_d12_nl300_m50_w50_n600_p12_ds415_lmin1of100_lseed415_lN1000_lpnsseed1000_nsseed1046_bootseed2046.npz,results/bootstrap_runs/nl300_m50_w50/ns_runs_out/ns_out_d12_nl300_m50_w50_n600_p12_ds415_lmin1of100_lseed415_lN1000_lpnsseed1000_nsseed1046.npz,0.29663598705784444,results/nl300_m50_w50/combined_nl300_m50_w50.npz,1.026626574315608,0.9967812233371223
nl300_m50_w50,d12_nl300_m50_w50_n600_p12_ds415_lmin1of100_lseed415_lN1000_lpnsseed1000,d12_nl300_m50_w50_n600_p12_ds415,lmin1of100_lseed415_lN1000_lpnsseed1000,1047,2047,200,300,-181.47754002911668,25.729127012225796,0.2986809451952466,0.2928544975024616,1.0198953669568829,results/bootstrap_runs/nl300_m50_w50/boot_method3_out/boot3_d12_nl300_m50_w50_n600_p12_ds415_lmin1of100_lseed415_lN1000_lpnsseed1000_nsseed1047_bootseed2047.npz,results/bootstrap_runs/nl300_m50_w50/ns_runs_out/ns_out_d12_nl300_m50_w50_n600_p12_ds415_lmin1of100_lseed415_lN1000_lpnsseed1000_nsseed1047.npz,0.29663598705784444,results/nl300_m50_w50/combined_nl300_m50_w50.npz,1.0068938302384849,0.9872520876752374
nl300_m50_w50,d12_nl300_m50_w50_n600_p12_ds415_lmin1of100_lseed415_lN1000_lpnsseed1000,d12_nl300_m50_w50_n600_p12_ds415,lmin1of100_lseed415_lN1000_lpnsseed1000,1048,2048,200,300,-181.57556162675465,26.271675063232056,0.29965441242284824,0.2959260891012712,1.0125988328129498,results/bootstrap_runs/nl300_m50_w50/boot_method3_out/boot3_d12_nl300_m50_w50_n600_p12_ds415_lmin1of100_lseed415_lN1000_lpnsseed1000_nsseed1048_bootseed2048.npz,results/bootstrap_runs/nl300_m50_w50/ns_runs_out/ns_out_d12_nl300_m50_w50_n600_p12_ds415_lmin1of100_lseed415_lN1000_lpnsseed1000_nsseed1048.npz,0.29663598705784444,results/nl300_m50_w50/combined_nl300_m50_w50.npz,1.010175519817881,0.9976068380522057
nl300_m50_w50,d12_nl300_m50_w50_n600_p12_ds415_lmin1of100_lseed415_lN1000_lpnsseed1000,d12_nl300_m50_w50_n600_p12_ds415,lmin1of100_lseed415_lN1000_lpnsseed1000,1049,2049,200,300,-181.5137649553081,26.01696668696932,0.30215841654035624,0.2944880681621884,1.0260463808467222,results/bootstrap_runs/nl300_m50_w50/boot_method3_out/boot3_d12_nl300_m50_w50_n600_p12_ds415_lmin1of100_lseed415_lN1000_lpnsseed1000_nsseed1049_bootseed2049.npz,results/bootstrap_runs/nl300_m50_w50/ns_runs_out/ns_out_d12_nl300_m50_w50_n600_p12_ds415_lmin1of100_lseed415_lN1000_lpnsseed1000_nsseed1049.npz,0.29663598705784444,results/nl300_m50_w50/combined_nl300_m50_w50.npz,1.0186168560911488,0.992759075131241
nl300_m50_w50,d12_nl300_m50_w50_n600_p12_ds415_lmin1of100_lseed415_lN1000_lpnsseed1000,d12_nl300_m50_w50_n600_p12_ds415,lmin1of100_lseed415_lN1000_lpnsseed1000,1050,2050,200,300,-181.55077796095287,26.126155828875547,0.2919892592126542,0.29510538134072006,0.9894406462060815,results/bootstrap_runs/nl300_m50_w50/boot_method3_out/boot3_d12_nl300_m50_w50_n600_p12_ds415_lmin1of100_lseed415_lN1000_lpnsseed1000_nsseed1050_bootseed2050.npz,results/bootstrap_runs/nl300_m50_w50/ns_runs_out/ns_out_d12_nl300_m50_w50_n600_p12_ds415_lmin1of100_lseed415_lN1000_lpnsseed1000_nsseed1050.npz,0.29663598705784444,results/nl300_m50_w50/combined_nl300_m50_w50.npz,0.9843352524712918,0.994840121280275
nl300_m50_w50,d12_nl300_m50_w50_n600_p12_ds415_lmin1of100_lseed415_lN1000_lpnsseed1000,d12_nl300_m50_w50_n600_p12_ds415,lmin1of100_lseed415_lN1000_lpnsseed1000,1051,2051,200,300,-181.8385609569259,26.40656240636032,0.2998760263803218,0.29668480697175537,1.0107562616405572,results/bootstrap_runs/nl300_m50_w50/boot_method3_out/boot3_d12_nl300_m50_w50_n600_p12_ds415_lmin1of100_lseed415_lN1000_lpnsseed1000_nsseed1051_bootseed2051.npz,results/bootstrap_runs/nl300_m50_w50/ns_runs_out/ns_out_d12_nl300_m50_w50_n600_p12_ds415_lmin1of100_lseed415_lN1000_lpnsseed1000_nsseed1051.npz,0.29663598705784444,results/nl300_m50_w50/combined_nl300_m50_w50.npz,1.0109226104176143,1.0001645785273565
nl300_m50_w50,d12_nl300_m50_w50_n600_p12_ds415_lmin1of100_lseed415_lN1000_lpnsseed1000,d12_nl300_m50_w50_n600_p12_ds415,lmin1of100_lseed415_lN1000_lpnsseed1000,1052,2052,200,300,-181.4162994023599,25.98168388050489,0.30833982954815886,0.2942883160015299,1.0477474394415167,results/bootstrap_runs/nl300_m50_w50/boot_method3_out/boot3_d12_nl300_m50_w50_n600_p12_ds415_lmin1of100_lseed415_lN1000_lpnsseed1000_nsseed1052_bootseed2052.npz,results/bootstrap_runs/nl300_m50_w50/ns_runs_out/ns_out_d12_nl300_m50_w50_n600_p12_ds415_lmin1of100_lseed415_lN1000_lpnsseed1000_nsseed1052.npz,0.29663598705784444,results/nl300_m50_w50/combined_nl300_m50_w50.npz,1.0394552347016215,0.992085683602992
nl300_m50_w50,d12_nl300_m50_w50_n600_p12_ds415_lmin1of100_lseed415_lN1000_lpnsseed1000,d12_nl300_m50_w50_n600_p12_ds415,lmin1of100_lseed415_lN1000_lpnsseed1000,1053,2053,200,300,-181.62168477522277,26.002027594882332,0.30570681291106594,0.294403507649407,1.0383939218384572,results/bootstrap_runs/nl300_m50_w50/boot_method3_out/boot3_d12_nl300_m50_w50_n600_p12_ds415_lmin1of100_lseed415_lN1000_lpnsseed1000_nsseed1053_bootseed2053.npz,results/bootstrap_runs/nl300_m50_w50/ns_runs_out/ns_out_d12_nl300_m50_w50_n600_p12_ds415_lmin1of100_lseed415_lN1000_lpnsseed1000_nsseed1053.npz,0.29663598705784444,results/nl300_m50_w50/combined_nl300_m50_w50.npz,1.0305789797899763,0.9924740102150784
nl300_m50_w50,d12_nl300_m50_w50_n600_p12_ds415_lmin1of100_lseed415_lN1000_lpnsseed1000,d12_nl300_m50_w50_n600_p12_ds415,lmin1of100_lseed415_lN1000_lpnsseed1000,1054,2054,200,300,-181.79823884808175,26.234850703543902,0.3155456183186915,0.2957186202205508,1.0670468368997308,results/bootstrap_runs/nl300_m50_w50/boot_method3_out/boot3_d12_nl300_m50_w50_n600_p12_ds415_lmin1of100_lseed415_lN1000_lpnsseed1000_nsseed1054_bootseed2054.npz,results/bootstrap_runs/nl300_m50_w50/ns_runs_out/ns_out_d12_nl300_m50_w50_n600_p12_ds415_lmin1of100_lseed415_lN1000_lpnsseed1000_nsseed1054.npz,0.29663598705784444,results/nl300_m50_w50/combined_nl300_m50_w50.npz,1.0637469224432288,0.9969074324177842
nl300_m50_w50,d12_nl300_m50_w50_n600_p12_ds415_lmin1of100_lseed415_lN1000_lpnsseed1000,d12_nl300_m50_w50_n600_p12_ds415,lmin1of100_lseed415_lN1000_lpnsseed1000,1055,2055,200,300,-181.55865543630574,25.965077002209103,0.3020506393813545,0.29419424989967147,1.0267047689897484,results/bootstrap_runs/nl300_m50_w50/boot_method3_out/boot3_d12_nl300_m50_w50_n600_p12_ds415_lmin1of100_lseed415_lN1000_lpnsseed1000_nsseed1055_bootseed2055.npz,results/bootstrap_runs/nl300_m50_w50/ns_runs_out/ns_out_d12_nl300_m50_w50_n600_p12_ds415_lmin1of100_lseed415_lN1000_lpnsseed1000_nsseed1055.npz,0.29663598705784444,results/nl300_m50_w50/combined_nl300_m50_w50.npz,1.0182535247230613,0.9917685740614579
nl300_m50_w50,d12_nl300_m50_w50_n600_p12_ds415_lmin1of100_lseed415_lN1000_lpnsseed1000,d12_nl300_m50_w50_n600_p12_ds415,lmin1of100_lseed415_lN1000_lpnsseed1000,1056,2056,200,300,-181.95793783448258,26.61726755860589,0.30484847945009463,0.29786611958286385,1.0234412691077757,results/bootstrap_runs/nl300_m50_w50/boot_method3_out/boot3_d12_nl300_m50_w50_n600_p12_ds415_lmin1of100_lseed415_lN1000_lpnsseed1000_nsseed1056_bootseed2056.npz,results/bootstrap_runs/nl300_m50_w50/ns_runs_out/ns_out_d12_nl300_m50_w50_n600_p12_ds415_lmin1of100_lseed415_lN1000_lpnsseed1000_nsseed1056.npz,0.29663598705784444,results/nl300_m50_w50/combined_nl300_m50_w50.npz,1.0276854216971616,1.0041469429829482
nl300_m50_w50,d12_nl300_m50_w50_n600_p12_ds415_lmin1of100_lseed415_lN1000_lpnsseed1000,d12_nl300_m50_w50_n600_p12_ds415,lmin1of100_lseed415_lN1000_lpnsseed1000,1057,2057,200,300,-181.51667768830114,25.787550433029573,0.26231645211237964,0.29318680298306726,0.8947075702023651,results/bootstrap_runs/nl300_m50_w50/boot_method3_out/boot3_d12_nl300_m50_w50_n600_p12_ds415_lmin1of100_lseed415_lN1000_lpnsseed1000_nsseed1057_bootseed2057.npz,results/bootstrap_runs/nl300_m50_w50/ns_runs_out/ns_out_d12_nl300_m50_w50_n600_p12_ds415_lmin1of100_lseed415_lN1000_lpnsseed1000_nsseed1057.npz,0.29663598705784444,results/nl300_m50_w50/combined_nl300_m50_w50.npz,0.8843042097290359,0.9883723343583913
nl300_m50_w50,d12_nl300_m50_w50_n600_p12_ds415_lmin1of100_lseed415_lN1000_lpnsseed1000,d12_nl300_m50_w50_n600_p12_ds415,lmin1of100_lseed415_lN1000_lpnsseed1000,1058,2058,200,300,-181.60606108824572,26.01246259538682,0.27556590843406126,0.29446257597747355,0.9358265902528208,results/bootstrap_runs/nl300_m50_w50/boot_method3_out/boot3_d12_nl300_m50_w50_n600_p12_ds415_lmin1of100_lseed415_lN1000_lpnsseed1000_nsseed1058_bootseed2058.npz,results/bootstrap_runs/nl300_m50_w50/ns_runs_out/ns_out_d12_nl300_m50_w50_n600_p12_ds415_lmin1of100_lseed415_lN1000_lpnsseed1000_nsseed1058.npz,0.29663598705784444,results/nl300_m50_w50/combined_nl300_m50_w50.npz,0.9289699175317037,0.9926731375315326
nl300_m50_w50,d12_nl300_m50_w50_n600_p12_ds415_lmin1of100_lseed415_lN1000_lpnsseed1000,d12_nl300_m50_w50_n600_p12_ds415,lmin1of100_lseed415_lN1000_lpnsseed1000,1059,2059,200,300,-181.76828197192657,26.17676012208949,0.30719224697208686,0.2953910409501812,1.0399511304877251,results/bootstrap_runs/nl300_m50_w50/boot_method3_out/boot3_d12_nl300_m50_w50_n600_p12_ds415_lmin1of100_lseed415_lN1000_lpnsseed1000_nsseed1059_bootseed2059.npz,results/bootstrap_runs/nl300_m50_w50/ns_runs_out/ns_out_d12_nl300_m50_w50_n600_p12_ds415_lmin1of100_lseed415_lN1000_lpnsseed1000_nsseed1059.npz,0.29663598705784444,results/nl300_m50_w50/combined_nl300_m50_w50.npz,1.0355865787524423,0.99580311842804
nl300_m50_w50,d12_nl300_m50_w50_n600_p12_ds415_lmin1of100_lseed415_lN1000_lpnsseed1000,d12_nl300_m50_w50_n600_p12_ds415,lmin1of100_lseed415_lN1000_lpnsseed1000,1060,2060,200,300,-181.77073019592996,26.226841930010124,0.3126379521713186,0.2956734794217552,1.057375699649291,results/bootstrap_runs/nl300_m50_w50/boot_method3_out/boot3_d12_nl300_m50_w50_n600_p12_ds415_lmin1of100_lseed415_lN1000_lpnsseed1000_nsseed1060_bootseed2060.npz,results/bootstrap_runs/nl300_m50_w50/ns_runs_out/ns_out_d12_nl300_m50_w50_n600_p12_ds415_lmin1of100_lseed415_lN1000_lpnsseed1000_nsseed1060.npz,0.29663598705784444,results/nl300_m50_w50/combined_nl300_m50_w50.npz,1.0539447869160723,0.9967552566846801
nl300_m50_w50,d12_nl300_m50_w50_n600_p12_ds415_lmin1of100_lseed415_lN1000_lpnsseed1000,d12_nl300_m50_w50_n600_p12_ds415,lmin1of100_lseed415_lN1000_lpnsseed1000,1061,2061,200,300,-181.76950228878553,26.018304323328373,0.299418313284205,0.29449563846984433,1.016715611952483,results/bootstrap_runs/nl300_m50_w50/boot_method3_out/boot3_d12_nl300_m50_w50_n600_p12_ds415_lmin1of100_lseed415_lN1000_lpnsseed1000_nsseed1061_bootseed2061.npz,results/bootstrap_runs/nl300_m50_w50/ns_runs_out/ns_out_d12_nl300_m50_w50_n600_p12_ds415_lmin1of100_lseed415_lN1000_lpnsseed1000_nsseed1061.npz,0.29663598705784444,results/nl300_m50_w50/combined_nl300_m50_w50.npz,1.0093795977148854,0.9927845956614066
nl300_m50_w50,d12_nl300_m50_w50_n600_p12_ds415_lmin1of100_lseed415_lN1000_lpnsseed1000,d12_nl300_m50_w50_n600_p12_ds415,lmin1of100_lseed415_lN1000_lpnsseed1000,1062,2062,200,300,-181.73748857709037,26.06248381416232,0.28030116422752427,0.2947455615394534,0.9509936731990596,results/bootstrap_runs/nl300_m50_w50/boot_method3_out/boot3_d12_nl300_m50_w50_n600_p12_ds415_lmin1of100_lseed415_lN1000_lpnsseed1000_nsseed1062_bootseed2062.npz,results/bootstrap_runs/nl300_m50_w50/ns_runs_out/ns_out_d12_nl300_m50_w50_n600_p12_ds415_lmin1of100_lseed415_lN1000_lpnsseed1000_nsseed1062.npz,0.29663598705784444,results/nl300_m50_w50/combined_nl300_m50_w50.npz,0.9449331047377779,0.9936271201038652
nl300_m50_w50,d12_nl300_m50_w50_n600_p12_ds415_lmin1of100_lseed415_lN1000_lpnsseed1000,d12_nl300_m50_w50_n600_p12_ds415,lmin1of100_lseed415_lN1000_lpnsseed1000,1063,2063,200,300,-181.84629611537295,25.957860344545285,0.30940932945124255,0.2941533633132286,1.0518639867522734,results/bootstrap_runs/nl300_m50_w50/boot_method3_out/boot3_d12_nl300_m50_w50_n600_p12_ds415_lmin1of100_lseed415_lN1000_lpnsseed1000_nsseed1063_bootseed2063.npz,results/bootstrap_runs/nl300_m50_w50/ns_runs_out/ns_out_d12_nl300_m50_w50_n600_p12_ds415_lmin1of100_lseed415_lN1000_lpnsseed1000_nsseed1063.npz,0.29663598705784444,results/nl300_m50_w50/combined_nl300_m50_w50.npz,1.0430606634080015,0.9916307398531126
nl300_m50_w50,d12_nl300_m50_w50_n600_p12_ds415_lmin1of100_lseed415_lN1000_lpnsseed1000,d12_nl300_m50_w50_n600_p12_ds415,lmin1of100_lseed415_lN1000_lpnsseed1000,1064,2064,200,300,-181.56631387518374,25.85902296659469,0.2800791733838638,0.2935928187507016,0.9539714716989974,results/bootstrap_runs/nl300_m50_w50/boot_method3_out/boot3_d12_nl300_m50_w50_n600_p12_ds415_lmin1of100_lseed415_lN1000_lpnsseed1000_nsseed1064_bootseed2064.npz,results/bootstrap_runs/nl300_m50_w50/ns_runs_out/ns_out_d12_nl300_m50_w50_n600_p12_ds415_lmin1of100_lseed415_lN1000_lpnsseed1000_nsseed1064.npz,0.29663598705784444,results/nl300_m50_w50/combined_nl300_m50_w50.npz,0.9441847436037757,0.9897410683803869
nl300_m50_w50,d12_nl300_m50_w50_n600_p12_ds415_lmin1of100_lseed415_lN1000_lpnsseed1000,d12_nl300_m50_w50_n600_p12_ds415,lmin1of100_lseed415_lN1000_lpnsseed1000,1065,2065,200,300,-181.46957030734146,26.049338726384857,0.30853452426866795,0.2946712220220182,1.0470466785033181,results/bootstrap_runs/nl300_m50_w50/boot_method3_out/boot3_d12_nl300_m50_w50_n600_p12_ds415_lmin1of100_lseed415_lN1000_lpnsseed1000_nsseed1065_bootseed2065.npz,results/bootstrap_runs/nl300_m50_w50/ns_runs_out/ns_out_d12_nl300_m50_w50_n600_p12_ds415_lmin1of100_lseed415_lN1000_lpnsseed1000_nsseed1065.npz,0.29663598705784444,results/nl300_m50_w50/combined_nl300_m50_w50.npz,1.0401115769156601,0.9933765115442883
nl300_m50_w50,d12_nl300_m50_w50_n600_p12_ds415_lmin1of100_lseed415_lN1000_lpnsseed1000,d12_nl300_m50_w50_n600_p12_ds415,lmin1of100_lseed415_lN1000_lpnsseed1000,1066,2066,200,300,-181.4671845070715,25.82170790373856,0.28367544850954113,0.29338091226105445,0.9669185575956036,results/bootstrap_runs/nl300_m50_w50/boot_method3_out/boot3_d12_nl300_m50_w50_n600_p12_ds415_lmin1of100_lseed415_lN1000_lpnsseed1000_nsseed1066_bootseed2066.npz,results/bootstrap_runs/nl300_m50_w50/ns_runs_out/ns_out_d12_nl300_m50_w50_n600_p12_ds415_lmin1of100_lseed415_lN1000_lpnsseed1000_nsseed1066.npz,0.29663598705784444,results/nl300_m50_w50/combined_nl300_m50_w50.npz,0.9563082730559729,0.9890267029665715
nl300_m50_w50,d12_nl300_m50_w50_n600_p12_ds415_lmin1of100_lseed415_lN1000_lpnsseed1000,d12_nl300_m50_w50_n600_p12_ds415,lmin1of100_lseed415_lN1000_lpnsseed1000,1067,2067,200,300,-181.72907937003743,26.165299248354593,0.3127248215675964,0.2953263688890343,1.0589126285743193,results/bootstrap_runs/nl300_m50_w50/boot_method3_out/boot3_d12_nl300_m50_w50_n600_p12_ds415_lmin1of100_lseed415_lN1000_lpnsseed1000_nsseed1067_bootseed2067.npz,results/bootstrap_runs/nl300_m50_w50/ns_runs_out/ns_out_d12_nl300_m50_w50_n600_p12_ds415_lmin1of100_lseed415_lN1000_lpnsseed1000_nsseed1067.npz,0.29663598705784444,results/nl300_m50_w50/combined_nl300_m50_w50.npz,1.0542376353905254,0.995585100170079
nl300_m50_w50,d12_nl300_m50_w50_n600_p12_ds415_lmin1of100_lseed415_lN1000_lpnsseed1000,d12_nl300_m50_w50_n600_p12_ds415,lmin1of100_lseed415_lN1000_lpnsseed1000,1068,2068,200,300,-182.1532144045282,26.594484259306938,0.2958831562088969,0.297738611645108,0.9937681732780337,results/bootstrap_runs/nl300_m50_w50/boot_method3_out/boot3_d12_nl300_m50_w50_n600_p12_ds415_lmin1of100_lseed415_lN1000_lpnsseed1000_nsseed1068_bootseed2068.npz,results/bootstrap_runs/nl300_m50_w50/ns_runs_out/ns_out_d12_nl300_m50_w50_n600_p12_ds415_lmin1of100_lseed415_lN1000_lpnsseed1000_nsseed1068.npz,0.29663598705784444,results/nl300_m50_w50/combined_nl300_m50_w50.npz,0.9974621054700259,1.003717096493247
nl300_m50_w50,d12_nl300_m50_w50_n600_p12_ds415_lmin1of100_lseed415_lN1000_lpnsseed1000,d12_nl300_m50_w50_n600_p12_ds415,lmin1of100_lseed415_lN1000_lpnsseed1000,1069,2069,200,300,-181.24306157726525,25.626198224729563,0.29942180438436805,0.29226813160024573,1.0244764037220002,results/bootstrap_runs/nl300_m50_w50/boot_method3_out/boot3_d12_nl300_m50_w50_n600_p12_ds415_lmin1of100_lseed415_lN1000_lpnsseed1000_nsseed1069_bootseed2069.npz,results/bootstrap_runs/nl300_m50_w50/ns_runs_out/ns_out_d12_nl300_m50_w50_n600_p12_ds415_lmin1of100_lseed415_lN1000_lpnsseed1000_nsseed1069.npz,0.29663598705784444,results/nl300_m50_w50/combined_nl300_m50_w50.npz,1.0093913666853251,0.9852753689769037
nl300_m50_w50,d12_nl300_m50_w50_n600_p12_ds415_lmin1of100_lseed415_lN1000_lpnsseed1000,d12_nl300_m50_w50_n600_p12_ds415,lmin1of100_lseed415_lN1000_lpnsseed1000,1070,2070,200,300,-181.53447828954603,25.842581193129817,0.2990915833097132,0.2934994673086013,1.0190532407175785,results/bootstrap_runs/nl300_m50_w50/boot_method3_out/boot3_d12_nl300_m50_w50_n600_p12_ds415_lmin1of100_lseed415_lN1000_lpnsseed1000_nsseed1070_bootseed2070.npz,results/bootstrap_runs/nl300_m50_w50/ns_runs_out/ns_out_d12_nl300_m50_w50_n600_p12_ds415_lmin1of100_lseed415_lN1000_lpnsseed1000_nsseed1070.npz,0.29663598705784444,results/nl300_m50_w50/combined_nl300_m50_w50.npz,1.0082781468163198,0.9894263680534773
nl300_m50_w50,d12_nl300_m50_w50_n600_p12_ds415_lmin1of100_lseed415_lN1000_lpnsseed1000,d12_nl300_m50_w50_n600_p12_ds415,lmin1of100_lseed415_lN1000_lpnsseed1000,1071,2071,200,300,-181.84480260186382,26.194990536951135,0.305561992616479,0.29549388339383686,1.0340721408748188,results/bootstrap_runs/nl300_m50_w50/boot_method3_out/boot3_d12_nl300_m50_w50_n600_p12_ds415_lmin1of100_lseed415_lN1000_lpnsseed1000_nsseed1071_bootseed2071.npz,results/bootstrap_runs/nl300_m50_w50/ns_runs_out/ns_out_d12_nl300_m50_w50_n600_p12_ds415_lmin1of100_lseed415_lN1000_lpnsseed1000_nsseed1071.npz,0.29663598705784444,results/nl300_m50_w50/combined_nl300_m50_w50.npz,1.0300907710057916,0.9961498142038145
nl300_m50_w50,d12_nl300_m50_w50_n600_p12_ds415_lmin1of100_lseed415_lN1000_lpnsseed1000,d12_nl300_m50_w50_n600_p12_ds415,lmin1of100_lseed415_lN1000_lpnsseed1000,1072,2072,200,300,-182.124454033979,26.365466707697802,0.2853428534491455,0.2964538564864005,0.9625202951685512,results/bootstrap_runs/nl300_m50_w50/boot_method3_out/boot3_d12_nl300_m50_w50_n600_p12_ds415_lmin1of100_lseed415_lN1000_lpnsseed1000_nsseed1072_bootseed2072.npz,results/bootstrap_runs/nl300_m50_w50/ns_runs_out/ns_out_d12_nl300_m50_w50_n600_p12_ds415_lmin1of100_lseed415_lN1000_lpnsseed1000_nsseed1072.npz,0.29663598705784444,results/nl300_m50_w50/combined_nl300_m50_w50.npz,0.9619293204418358,0.9993860132303892
nl300_m50_w50,d12_nl300_m50_w50_n600_p12_ds415_lmin1of100_lseed415_lN1000_lpnsseed1000,d12_nl300_m50_w50_n600_p12_ds415,lmin1of100_lseed415_lN1000_lpnsseed1000,1073,2073,200,300,-181.72508938947996,26.066151874925236,0.31598964876782876,0.2947663022063707,1.072000586235937,results/bootstrap_runs/nl300_m50_w50/boot_method3_out/boot3_d12_nl300_m50_w50_n600_p12_ds415_lmin1of100_lseed415_lN1000_lpnsseed1000_nsseed1073_bootseed2073.npz,results/bootstrap_runs/nl300_m50_w50/ns_runs_out/ns_out_d12_nl300_m50_w50_n600_p12_ds415_lmin1of100_lseed415_lN1000_lpnsseed1000_nsseed1073.npz,0.29663598705784444,results/nl300_m50_w50/combined_nl300_m50_w50.npz,1.0652438090939058,0.9936970396949539
nl300_m50_w50,d12_nl300_m50_w50_n600_p12_ds415_lmin1of100_lseed415_lN1000_lpnsseed1000,d12_nl300_m50_w50_n600_p12_ds415,lmin1of100_lseed415_lN1000_lpnsseed1000,1074,2074,200,300,-181.89845776687312,26.24735137627851,0.27267494497358985,0.29578906547447237,0.9218560683985888,results/bootstrap_runs/nl300_m50_w50/boot_method3_out/boot3_d12_nl300_m50_w50_n600_p12_ds415_lmin1of100_lseed415_lN1000_lpnsseed1000_nsseed1074_bootseed2074.npz,results/bootstrap_runs/nl300_m50_w50/ns_runs_out/ns_out_d12_nl300_m50_w50_n600_p12_ds415_lmin1of100_lseed415_lN1000_lpnsseed1000_nsseed1074.npz,0.29663598705784444,results/nl300_m50_w50/combined_nl300_m50_w50.npz,0.9192240890193065,0.9971449128887827
nl300_m50_w50,d12_nl300_m50_w50_n600_p12_ds415_lmin1of100_lseed415_lN1000_lpnsseed1000,d12_nl300_m50_w50_n600_p12_ds415,lmin1of100_lseed415_lN1000_lpnsseed1000,1075,2075,200,300,-181.7543724721095,26.302304581307947,0.3215043483565919,0.29609854542763264,1.0858018498276227,results/bootstrap_runs/nl300_m50_w50/boot_method3_out/boot3_d12_nl300_m50_w50_n600_p12_ds415_lmin1of100_lseed415_lN1000_lpnsseed1000_nsseed1075_bootseed2075.npz,results/bootstrap_runs/nl300_m50_w50/ns_runs_out/ns_out_d12_nl300_m50_w50_n600_p12_ds415_lmin1of100_lseed415_lN1000_lpnsseed1000_nsseed1075.npz,0.29663598705784444,results/nl300_m50_w50/combined_nl300_m50_w50.npz,1.083834606668604,0.998188211634258
nl300_m50_w50,d12_nl300_m50_w50_n600_p12_ds415_lmin1of100_lseed415_lN1000_lpnsseed1000,d12_nl300_m50_w50_n600_p12_ds415,lmin1of100_lseed415_lN1000_lpnsseed1000,1076,2076,200,300,-181.95275960004707,26.093836555723676,0.3225948728207423,0.29492279529691423,1.0938282084840851,results/bootstrap_runs/nl300_m50_w50/boot_method3_out/boot3_d12_nl300_m50_w50_n600_p12_ds415_lmin1of100_lseed415_lN1000_lpnsseed1000_nsseed1076_bootseed2076.npz,results/bootstrap_runs/nl300_m50_w50/ns_runs_out/ns_out_d12_nl300_m50_w50_n600_p12_ds415_lmin1of100_lseed415_lN1000_lpnsseed1000_nsseed1076.npz,0.29663598705784444,results/nl300_m50_w50/combined_nl300_m50_w50.npz,1.0875109120116158,0.9942245990517795
nl300_m50_w50,d12_nl300_m50_w50_n600_p12_ds415_lmin1of100_lseed415_lN1000_lpnsseed1000,d12_nl300_m50_w50_n600_p12_ds415,lmin1of100_lseed415_lN1000_lpnsseed1000,1077,2077,200,300,-182.0262155602085,26.434402289429425,0.3086666465331778,0.2968411600470832,1.0398377586323235,results/bootstrap_runs/nl300_m50_w50/boot_method3_out/boot3_d12_nl300_m50_w50_n600_p12_ds415_lmin1of100_lseed415_lN1000_lpnsseed1000_nsseed1077_bootseed2077.npz,results/bootstrap_runs/nl300_m50_w50/ns_runs_out/ns_out_d12_nl300_m50_w50_n600_p12_ds415_lmin1of100_lseed415_lN1000_lpnsseed1000_nsseed1077.npz,0.29663598705784444,results/nl300_m50_w50/combined_nl300_m50_w50.npz,1.040556978924433,1.0006916658739682
nl300_m50_w50,d12_nl300_m50_w50_n600_p12_ds415_lmin1of100_lseed415_lN1000_lpnsseed1000,d12_nl300_m50_w50_n600_p12_ds415,lmin1of100_lseed415_lN1000_lpnsseed1000,1078,2078,200,300,-181.86427811888095,25.99393194484262,0.3192822793662142,0.2943576732754593,1.0846745587210511,results/bootstrap_runs/nl300_m50_w50/boot_method3_out/boot3_d12_nl300_m50_w50_n600_p12_ds415_lmin1of100_lseed415_lN1000_lpnsseed1000_nsseed1078_bootseed2078.npz,results/bootstrap_runs/nl300_m50_w50/ns_runs_out/ns_out_d12_nl300_m50_w50_n600_p12_ds415_lmin1of100_lseed415_lN1000_lpnsseed1000_nsseed1078.npz,0.29663598705784444,results/nl300_m50_w50/combined_nl300_m50_w50.npz,1.076343711809834,0.9923194963464064
nl300_m50_w50,d12_nl300_m50_w50_n600_p12_ds415_lmin1of100_lseed415_lN1000_lpnsseed1000,d12_nl300_m50_w50_n600_p12_ds415,lmin1of100_lseed415_lN1000_lpnsseed1000,1079,2079,200,300,-181.9155882780135,26.476941006405724,0.26869973985400547,0.2970799051119958,0.9044695895964714,results/bootstrap_runs/nl300_m50_w50/boot_method3_out/boot3_d12_nl300_m50_w50_n600_p12_ds415_lmin1of100_lseed415_lN1000_lpnsseed1000_nsseed1079_bootseed2079.npz,results/bootstrap_runs/nl300_m50_w50/ns_runs_out/ns_out_d12_nl300_m50_w50_n600_p12_ds415_lmin1of100_lseed415_lN1000_lpnsseed1000_nsseed1079.npz,0.29663598705784444,results/nl300_m50_w50/combined_nl300_m50_w50.npz,0.9058231353487419,1.0014965077519902
nl300_m50_w50,d12_nl300_m50_w50_n600_p12_ds415_lmin1of100_lseed415_lN1000_lpnsseed1000,d12_nl300_m50_w50_n600_p12_ds415,lmin1of100_lseed415_lN1000_lpnsseed1000,1080,2080,200,300,-181.72706443007564,25.980065918184984,0.29487011171024996,0.29427915272285815,1.0020081578389903,results/bootstrap_runs/nl300_m50_w50/boot_method3_out/boot3_d12_nl300_m50_w50_n600_p12_ds415_lmin1of100_lseed415_lN1000_lpnsseed1000_nsseed1080_bootseed2080.npz,results/bootstrap_runs/nl300_m50_w50/ns_runs_out/ns_out_d12_nl300_m50_w50_n600_p12_ds415_lmin1of100_lseed415_lN1000_lpnsseed1000_nsseed1080.npz,0.29663598705784444,results/nl300_m50_w50/combined_nl300_m50_w50.npz,0.9940469955614315,0.9920547929522566
nl300_m50_w50,d12_nl300_m50_w50_n600_p12_ds415_lmin1of100_lseed415_lN1000_lpnsseed1000,d12_nl300_m50_w50_n600_p12_ds415,lmin1of100_lseed415_lN1000_lpnsseed1000,1081,2081,200,300,-181.85060158067245,26.34148204431779,0.2849781019628043,0.2963189837788426,0.9617274544093924,results/bootstrap_runs/nl300_m50_w50/boot_method3_out/boot3_d12_nl300_m50_w50_n600_p12_ds415_lmin1of100_lseed415_lN1000_lpnsseed1000_nsseed1081_bootseed2081.npz,results/bootstrap_runs/nl300_m50_w50/ns_runs_out/ns_out_d12_nl300_m50_w50_n600_p12_ds415_lmin1of100_lseed415_lN1000_lpnsseed1000_nsseed1081.npz,0.29663598705784444,results/nl300_m50_w50/combined_nl300_m50_w50.npz,0.9606996938885678,0.9989313391064044
nl300_m50_w50,d12_nl300_m50_w50_n600_p12_ds415_lmin1of100_lseed415_lN1000_lpnsseed1000,d12_nl300_m50_w50_n600_p12_ds415,lmin1of100_lseed415_lN1000_lpnsseed1000,1082,2082,200,300,-181.65945261381867,26.14669399388573,0.2799107778282274,0.2952213519484757,0.9481386626705766,results/bootstrap_runs/nl300_m50_w50/boot_method3_out/boot3_d12_nl300_m50_w50_n600_p12_ds415_lmin1of100_lseed415_lN1000_lpnsseed1000_nsseed1082_bootseed2082.npz,results/bootstrap_runs/nl300_m50_w50/ns_runs_out/ns_out_d12_nl300_m50_w50_n600_p12_ds415_lmin1of100_lseed415_lN1000_lpnsseed1000_nsseed1082.npz,0.29663598705784444,results/nl300_m50_w50/combined_nl300_m50_w50.npz,0.9436170594286133,0.9952310738713813
nl300_m50_w50,d12_nl300_m50_w50_n600_p12_ds415_lmin1of100_lseed415_lN1000_lpnsseed1000,d12_nl300_m50_w50_n600_p12_ds415,lmin1of100_lseed415_lN1000_lpnsseed1000,1083,2083,200,300,-182.02977920186993,26.52958377584412,0.2863368183087139,0.2973750929709487,0.9628809711265456,results/bootstrap_runs/nl300_m50_w50/boot_method3_out/boot3_d12_nl300_m50_w50_n600_p12_ds415_lmin1of100_lseed415_lN1000_lpnsseed1000_nsseed1083_bootseed2083.npz,results/bootstrap_runs/nl300_m50_w50/ns_runs_out/ns_out_d12_nl300_m50_w50_n600_p12_ds415_lmin1of100_lseed415_lN1000_lpnsseed1000_nsseed1083.npz,0.29663598705784444,results/nl300_m50_w50/combined_nl300_m50_w50.npz,0.9652801103086585,1.0024916259164474
nl300_m50_w50,d12_nl300_m50_w50_n600_p12_ds415_lmin1of100_lseed415_lN1000_lpnsseed1000,d12_nl300_m50_w50_n600_p12_ds415,lmin1of100_lseed415_lN1000_lpnsseed1000,1084,2084,200,300,-181.5918562809503,25.83835628359629,0.28212348584116254,0.2934754747481539,0.9613187816912706,results/bootstrap_runs/nl300_m50_w50/boot_method3_out/boot3_d12_nl300_m50_w50_n600_p12_ds415_lmin1of100_lseed415_lN1000_lpnsseed1000_nsseed1084_bootseed2084.npz,results/bootstrap_runs/nl300_m50_w50/ns_runs_out/ns_out_d12_nl300_m50_w50_n600_p12_ds415_lmin1of100_lseed415_lN1000_lpnsseed1000_nsseed1084.npz,0.29663598705784444,results/nl300_m50_w50/combined_nl300_m50_w50.npz,0.9510763971673742,0.989345485889835
nl300_m50_w50,d12_nl300_m50_w50_n600_p12_ds415_lmin1of100_lseed415_lN1000_lpnsseed1000,d12_nl300_m50_w50_n600_p12_ds415,lmin1of100_lseed415_lN1000_lpnsseed1000,1085,2085,200,300,-181.2431802413393,25.695070798848036,0.29856469960298315,0.29266061572435764,1.0201738244280407,results/bootstrap_runs/nl300_m50_w50/boot_method3_out/boot3_d12_nl300_m50_w50_n600_p12_ds415_lmin1of100_lseed415_lN1000_lpnsseed1000_nsseed1085_bootseed2085.npz,results/bootstrap_runs/nl300_m50_w50/ns_runs_out/ns_out_d12_nl300_m50_w50_n600_p12_ds415_lmin1of100_lseed415_lN1000_lpnsseed1000_nsseed1085.npz,0.29663598705784444,results/nl300_m50_w50/combined_nl300_m50_w50.npz,1.006501950637441,0.9865984859999081
nl300_m50_w50,d12_nl300_m50_w50_n600_p12_ds415_lmin1of100_lseed415_lN1000_lpnsseed1000,d12_nl300_m50_w50_n600_p12_ds415,lmin1of100_lseed415_lN1000_lpnsseed1000,1086,2086,200,300,-181.7044244453895,26.009666141836146,0.2707204815997505,0.29444674754436295,0.9194208591452084,results/bootstrap_runs/nl300_m50_w50/boot_method3_out/boot3_d12_nl300_m50_w50_n600_p12_ds415_lmin1of100_lseed415_lN1000_lpnsseed1000_nsseed1086_bootseed2086.npz,results/bootstrap_runs/nl300_m50_w50/ns_runs_out/ns_out_d12_nl300_m50_w50_n600_p12_ds415_lmin1of100_lseed415_lN1000_lpnsseed1000_nsseed1086.npz,0.29663598705784444,results/nl300_m50_w50/combined_nl300_m50_w50.npz,0.9126353288583277,0.9926197777444495
nl300_m50_w50,d12_nl300_m50_w50_n600_p12_ds415_lmin1of100_lseed415_lN1000_lpnsseed1000,d12_nl300_m50_w50_n600_p12_ds415,lmin1of100_lseed415_lN1000_lpnsseed1000,1087,2087,200,300,-182.10477291389444,26.30056784272599,0.29717772816907234,0.29608876958735414,1.003677811161956,results/bootstrap_runs/nl300_m50_w50/boot_method3_out/boot3_d12_nl300_m50_w50_n600_p12_ds415_lmin1of100_lseed415_lN1000_lpnsseed1000_nsseed1087_bootseed2087.npz,results/bootstrap_runs/nl300_m50_w50/ns_runs_out/ns_out_d12_nl300_m50_w50_n600_p12_ds415_lmin1of100_lseed415_lN1000_lpnsseed1000_nsseed1087.npz,0.29663598705784444,results/nl300_m50_w50/combined_nl300_m50_w50.npz,1.0018262824972826,0.9981552559555642
nl300_m50_w50,d12_nl300_m50_w50_n600_p12_ds415_lmin1of100_lseed415_lN1000_lpnsseed1000,d12_nl300_m50_w50_n600_p12_ds415,lmin1of100_lseed415_lN1000_lpnsseed1000,1088,2088,200,300,-181.65887340955223,26.022307961426982,0.2873700151552119,0.294518295761214,0.9757289081565318,results/bootstrap_runs/nl300_m50_w50/boot_method3_out/boot3_d12_nl300_m50_w50_n600_p12_ds415_lmin1of100_lseed415_lN1000_lpnsseed1000_nsseed1088_bootseed2088.npz,results/bootstrap_runs/nl300_m50_w50/ns_runs_out/ns_out_d12_nl300_m50_w50_n600_p12_ds415_lmin1of100_lseed415_lN1000_lpnsseed1000_nsseed1088.npz,0.29663598705784444,results/nl300_m50_w50/combined_nl300_m50_w50.npz,0.9687631565052636,0.9928609764525386
nl300_m50_w50,d12_nl300_m50_w50_n600_p12_ds415_lmin1of100_lseed415_lN1000_lpnsseed1000,d12_nl300_m50_w50_n600_p12_ds415,lmin1of100_lseed415_lN1000_lpnsseed1000,1089,2089,200,300,-181.27909871962336,25.893603625705214,0.27436046190100594,0.2937890605275902,0.9338688833692645,results/bootstrap_runs/nl300_m50_w50/boot_method3_out/boot3_d12_nl300_m50_w50_n600_p12_ds415_lmin1of100_lseed415_lN1000_lpnsseed1000_nsseed1089_bootseed2089.npz,results/bootstrap_runs/nl300_m50_w50/ns_runs_out/ns_out_d12_nl300_m50_w50_n600_p12_ds415_lmin1of100_lseed415_lN1000_lpnsseed1000_nsseed1089.npz,0.29663598705784444,results/nl300_m50_w50/combined_nl300_m50_w50.npz,0.9249061943637514,0.9904026259305514
nl300_m50_w50,d12_nl300_m50_w50_n600_p12_ds415_lmin1of100_lseed415_lN1000_lpnsseed1000,d12_nl300_m50_w50_n600_p12_ds415,lmin1of100_lseed415_lN1000_lpnsseed1000,1090,2090,200,300,-182.06110914697945,26.52170019230283,0.3014758566454701,0.2973309054028459,1.0139405328114424,results/bootstrap_runs/nl300_m50_w50/boot_method3_out/boot3_d12_nl300_m50_w50_n600_p12_ds415_lmin1of100_lseed415_lN1000_lpnsseed1000_nsseed1090_bootseed2090.npz,results/bootstrap_runs/nl300_m50_w50/ns_runs_out/ns_out_d12_nl300_m50_w50_n600_p12_ds415_lmin1of100_lseed415_lN1000_lpnsseed1000_nsseed1090.npz,0.29663598705784444,results/nl300_m50_w50/combined_nl300_m50_w50.npz,1.0163158544437896,1.002342663652829
nl300_m50_w50,d12_nl300_m50_w50_n600_p12_ds415_lmin1of100_lseed415_lN1000_lpnsseed1000,d12_nl300_m50_w50_n600_p12_ds415,lmin1of100_lseed415_lN1000_lpnsseed1000,1091,2091,200,300,-181.46722546911235,26.152644139981245,0.3000260571663406,0.2952549414770296,1.0161593085129863,results/bootstrap_runs/nl300_m50_w50/boot_method3_out/boot3_d12_nl300_m50_w50_n600_p12_ds415_lmin1of100_lseed415_lN1000_lpnsseed1000_nsseed1091_bootseed2091.npz,results/bootstrap_runs/nl300_m50_w50/ns_runs_out/ns_out_d12_nl300_m50_w50_n600_p12_ds415_lmin1of100_lseed415_lN1000_lpnsseed1000_nsseed1091.npz,0.29663598705784444,results/nl300_m50_w50/combined_nl300_m50_w50.npz,1.011428384472566,0.9953443087114526
nl300_m50_w50,d12_nl300_m50_w50_n600_p12_ds415_lmin1of100_lseed415_lN1000_lpnsseed1000,d12_nl300_m50_w50_n600_p12_ds415,lmin1of100_lseed415_lN1000_lpnsseed1000,1092,2092,200,300,-182.25589240454167,26.694009368142105,0.30395761638276797,0.29829520818668936,1.0189825650586206,results/bootstrap_runs/nl300_m50_w50/boot_method3_out/boot3_d12_nl300_m50_w50_n600_p12_ds415_lmin1of100_lseed415_lN1000_lpnsseed1000_nsseed1092_bootseed2092.npz,results/bootstrap_runs/nl300_m50_w50/ns_runs_out/ns_out_d12_nl300_m50_w50_n600_p12_ds415_lmin1of100_lseed415_lN1000_lpnsseed1000_nsseed1092.npz,0.29663598705784444,results/nl300_m50_w50/combined_nl300_m50_w50.npz,1.0246822019052455,1.005593458653826
nl300_m50_w50,d12_nl300_m50_w50_n600_p12_ds415_lmin1of100_lseed415_lN1000_lpnsseed1000,d12_nl300_m50_w50_n600_p12_ds415,lmin1of100_lseed415_lN1000_lpnsseed1000,1093,2093,200,300,-182.1066475080527,26.49775213071789,0.30418629841541034,0.29719663597646306,1.0235186458823202,results/bootstrap_runs/nl300_m50_w50/boot_method3_out/boot3_d12_nl300_m50_w50_n600_p12_ds415_lmin1of100_lseed415_lN1000_lpnsseed1000_nsseed1093_bootseed2093.npz,results/bootstrap_runs/nl300_m50_w50/ns_runs_out/ns_out_d12_nl300_m50_w50_n600_p12_ds415_lmin1of100_lseed415_lN1000_lpnsseed1000_nsseed1093.npz,0.29663598705784444,results/nl300_m50_w50/combined_nl300_m50_w50.npz,1.0254531199415584,1.0018900232712131
nl300_m50_w50,d12_nl300_m50_w50_n600_p12_ds415_lmin1of100_lseed415_lN1000_lpnsseed1000,d12_nl300_m50_w50_n600_p12_ds415,lmin1of100_lseed415_lN1000_lpnsseed1000,1094,2094,200,300,-181.69943737873032,26.102138999707297,0.2911428324553809,0.2949697103077269,0.9870262005941098,results/bootstrap_runs/nl300_m50_w50/boot_method3_out/boot3_d12_nl300_m50_w50_n600_p12_ds415_lmin1of100_lseed415_lN1000_lpnsseed1000_nsseed1094_bootseed2094.npz,results/bootstrap_runs/nl300_m50_w50/ns_runs_out/ns_out_d12_nl300_m50_w50_n600_p12_ds415_lmin1of100_lseed415_lN1000_lpnsseed1000_nsseed1094.npz,0.29663598705784444,results/nl300_m50_w50/combined_nl300_m50_w50.npz,0.9814818334857249,0.9943827558933616
nl300_m50_w50,d12_nl300_m50_w50_n600_p12_ds415_lmin1of100_lseed415_lN1000_lpnsseed1000,d12_nl300_m50_w50_n600_p12_ds415,lmin1of100_lseed415_lN1000_lpnsseed1000,1095,2095,200,300,-182.12174218125452,26.322452923706724,0.3125536285863821,0.2962119338340187,1.0551689276689318,results/bootstrap_runs/nl300_m50_w50/boot_method3_out/boot3_d12_nl300_m50_w50_n600_p12_ds415_lmin1of100_lseed415_lN1000_lpnsseed1000_nsseed1095_bootseed2095.npz,results/bootstrap_runs/nl300_m50_w50/ns_runs_out/ns_out_d12_nl300_m50_w50_n600_p12_ds415_lmin1of100_lseed415_lN1000_lpnsseed1000_nsseed1095.npz,0.29663598705784444,results/nl300_m50_w50/combined_nl300_m50_w50.npz,1.0536605207156935,0.9985704592755867
nl300_m50_w50,d12_nl300_m50_w50_n600_p12_ds415_lmin1of100_lseed415_lN1000_lpnsseed1000,d12_nl300_m50_w50_n600_p12_ds415,lmin1of100_lseed415_lN1000_lpnsseed1000,1096,2096,200,300,-182.13625871837158,26.45320784538822,0.3069414391707018,0.29694672836154873,1.0336582620872792,results/bootstrap_runs/nl300_m50_w50/boot_method3_out/boot3_d12_nl300_m50_w50_n600_p12_ds415_lmin1of100_lseed415_lN1000_lpnsseed1000_nsseed1096_bootseed2096.npz,results/bootstrap_runs/nl300_m50_w50/ns_runs_out/ns_out_d12_nl300_m50_w50_n600_p12_ds415_lmin1of100_lseed415_lN1000_lpnsseed1000_nsseed1096.npz,0.29663598705784444,results/nl300_m50_w50/combined_nl300_m50_w50.npz,1.0347410717596035,1.0010475509286192
nl300_m50_w50,d12_nl300_m50_w50_n600_p12_ds415_lmin1of100_lseed415_lN1000_lpnsseed1000,d12_nl300_m50_w50_n600_p12_ds415,lmin1of100_lseed415_lN1000_lpnsseed1000,1097,2097,200,300,-181.79982762291417,26.03454556166657,0.3164786900512518,0.2945875396870828,1.0743111890863486,results/bootstrap_runs/nl300_m50_w50/boot_method3_out/boot3_d12_nl300_m50_w50_n600_p12_ds415_lmin1of100_lseed415_lN1000_lpnsseed1000_nsseed1097_bootseed2097.npz,results/bootstrap_runs/nl300_m50_w50/ns_runs_out/ns_out_d12_nl300_m50_w50_n600_p12_ds415_lmin1of100_lseed415_lN1000_lpnsseed1000_nsseed1097.npz,0.29663598705784444,results/nl300_m50_w50/combined_nl300_m50_w50.npz,1.0668924333497607,0.9930944070843225
nl300_m50_w50,d12_nl300_m50_w50_n600_p12_ds415_lmin1of100_lseed415_lN1000_lpnsseed1000,d12_nl300_m50_w50_n600_p12_ds415,lmin1of100_lseed415_lN1000_lpnsseed1000,1098,2098,200,300,-181.5827160025682,25.95511425497313,0.3008398949869332,0.2941378036169052,1.0227855491120652,results/bootstrap_runs/nl300_m50_w50/boot_method3_out/boot3_d12_nl300_m50_w50_n600_p12_ds415_lmin1of100_lseed415_lN1000_lpnsseed1000_nsseed1098_bootseed2098.npz,results/bootstrap_runs/nl300_m50_w50/ns_runs_out/ns_out_d12_nl300_m50_w50_n600_p12_ds415_lmin1of100_lseed415_lN1000_lpnsseed1000_nsseed1098.npz,0.29663598705784444,results/nl300_m50_w50/combined_nl300_m50_w50.npz,1.0141719417484871,0.9915782860140565
nl300_m50_w50,d12_nl300_m50_w50_n600_p12_ds415_lmin1of100_lseed415_lN1000_lpnsseed1000,d12_nl300_m50_w50_n600_p12_ds415,lmin1of100_lseed415_lN1000_lpnsseed1000,1099,2099,200,300,-182.01300574732863,26.44438529100872,0.3101637717428491,0.29689720606639103,1.0446840367823853,results/bootstrap_runs/nl300_m50_w50/boot_method3_out/boot3_d12_nl300_m50_w50_n600_p12_ds415_lmin1of100_lseed415_lN1000_lpnsseed1000_nsseed1099_bootseed2099.npz,results/bootstrap_runs/nl300_m50_w50/ns_runs_out/ns_out_d12_nl300_m50_w50_n600_p12_ds415_lmin1of100_lseed415_lN1000_lpnsseed1000_nsseed1099.npz,0.29663598705784444,results/nl300_m50_w50/combined_nl300_m50_w50.npz,1.0456039903289507,1.0008806045791594
nl300_m50_w50,d12_nl300_m50_w50_n600_p12_ds415_lmin1of100_lseed415_lN1000_lpnsseed1000,d12_nl300_m50_w50_n600_p12_ds415,lmin1of100_lseed415_lN1000_lpnsseed1000,1100,2100,200,300,-181.85613621901174,26.241362196918416,0.3005922071941421,0.295755316643778,1.0163543655115077,results/bootstrap_runs/nl300_m50_w50/boot_method3_out/boot3_d12_nl300_m50_w50_n600_p12_ds415_lmin1of100_lseed415_lN1000_lpnsseed1000_nsseed1100_bootseed2100.npz,results/bootstrap_runs/nl300_m50_w50/ns_runs_out/ns_out_d12_nl300_m50_w50_n600_p12_ds415_lmin1of100_lseed415_lN1000_lpnsseed1000_nsseed1100.npz,0.29663598705784444,results/nl300_m50_w50/combined_nl300_m50_w50.npz,1.013336952726259,0.9970311410196677
nl300_m50_w50,d12_nl300_m50_w50_n600_p12_ds415_lmin1of100_lseed415_lN1000_lpnsseed1000,d12_nl300_m50_w50_n600_p12_ds415,lmin1of100_lseed415_lN1000_lpnsseed1000,1101,2101,200,300,-182.03624926886414,26.246382983863985,0.30503994147024904,0.2957836088757229,1.031294271611972,results/bootstrap_runs/nl300_m50_w50/boot_method3_out/boot3_d12_nl300_m50_w50_n600_p12_ds415_lmin1of100_lseed415_lN1000_lpnsseed1000_nsseed1101_bootseed2101.npz,results/bootstrap_runs/nl300_m50_w50/ns_runs_out/ns_out_d12_nl300_m50_w50_n600_p12_ds415_lmin1of100_lseed415_lN1000_lpnsseed1000_nsseed1101.npz,0.29663598705784444,results/nl300_m50_w50/combined_nl300_m50_w50.npz,1.028330866041435,0.9971265179569891
nl300_m50_w50,d12_nl300_m50_w50_n600_p12_ds415_lmin1of100_lseed415_lN1000_lpnsseed1000,d12_nl300_m50_w50_n600_p12_ds415,lmin1of100_lseed415_lN1000_lpnsseed1000,1102,2102,200,300,-181.64907042729365,26.02079862045528,0.2997387678975571,0.2945097543401875,1.0177549757870823,results/bootstrap_runs/nl300_m50_w50/boot_method3_out/boot3_d12_nl300_m50_w50_n600_p12_ds415_lmin1of100_lseed415_lN1000_lpnsseed1000_nsseed1102_bootseed2102.npz,results/bootstrap_runs/nl300_m50_w50/ns_runs_out/ns_out_d12_nl300_m50_w50_n600_p12_ds415_lmin1of100_lseed415_lN1000_lpnsseed1000_nsseed1102.npz,0.29663598705784444,results/nl300_m50_w50/combined_nl300_m50_w50.npz,1.0104598935229918,0.9928321821679635
nl300_m50_w50,d12_nl300_m50_w50_n600_p12_ds415_lmin1of100_lseed415_lN1000_lpnsseed1000,d12_nl300_m50_w50_n600_p12_ds415,lmin1of100_lseed415_lN1000_lpnsseed1000,1103,2103,200,300,-182.05681104919623,26.58725810362011,0.2986803385888653,0.2976981586754169,1.0032992475258111,results/bootstrap_runs/nl300_m50_w50/boot_method3_out/boot3_d12_nl300_m50_w50_n600_p12_ds415_lmin1of100_lseed415_lN1000_lpnsseed1000_nsseed1103_bootseed2103.npz,results/bootstrap_runs/nl300_m50_w50/ns_runs_out/ns_out_d12_nl300_m50_w50_n600_p12_ds415_lmin1of100_lseed415_lN1000_lpnsseed1000_nsseed1103.npz,0.29663598705784444,results/nl300_m50_w50/combined_nl300_m50_w50.npz,1.0068917852863961,1.003580724065571
nl300_m50_w50,d12_nl300_m50_w50_n600_p12_ds415_lmin1of100_lseed415_lN1000_lpnsseed1000,d12_nl300_m50_w50_n600_p12_ds415,lmin1of100_lseed415_lN1000_lpnsseed1000,1104,2104,200,300,-181.66282176072633,26.061982672038667,0.29793494054857095,0.29474272777027466,1.010830505649606,results/bootstrap_runs/nl300_m50_w50/boot_method3_out/boot3_d12_nl300_m50_w50_n600_p12_ds415_lmin1of100_lseed415_lN1000_lpnsseed1000_nsseed1104_bootseed2104.npz,results/bootstrap_runs/nl300_m50_w50/ns_runs_out/ns_out_d12_nl300_m50_w50_n600_p12_ds415_lmin1of100_lseed415_lN1000_lpnsseed1000_nsseed1104.npz,0.29663598705784444,results/nl300_m50_w50/combined_nl300_m50_w50.npz,1.0043789477588678,0.9936175670850058
nl300_m50_w50,d12_nl300_m50_w50_n600_p12_ds415_lmin1of100_lseed415_lN1000_lpnsseed1000,d12_nl300_m50_w50_n600_p12_ds415,lmin1of100_lseed415_lN1000_lpnsseed1000,1105,2105,200,300,-181.7325776266074,26.30924604078966,0.31475476600883573,0.2961376146365608,1.0628665541022984,results/bootstrap_runs/nl300_m50_w50/boot_method3_out/boot3_d12_nl300_m50_w50_n600_p12_ds415_lmin1of100_lseed415_lN1000_lpnsseed1000_nsseed1105_bootseed2105.npz,results/bootstrap_runs/nl300_m50_w50/ns_runs_out/ns_out_d12_nl300_m50_w50_n600_p12_ds415_lmin1of100_lseed415_lN1000_lpnsseed1000_nsseed1105.npz,0.29663598705784444,results/nl300_m50_w50/combined_nl300_m50_w50.npz,1.0610808524302822,0.9983199192173994
nl300_m50_w50,d12_nl300_m50_w50_n600_p12_ds415_lmin1of100_lseed415_lN1000_lpnsseed1000,d12_nl300_m50_w50_n600_p12_ds415,lmin1of100_lseed415_lN1000_lpnsseed1000,1106,2106,200,300,-181.94281459197416,26.16241343928936,0.29496432936055456,0.29531008245170226,0.9988291862970705,results/bootstrap_runs/nl300_m50_w50/boot_method3_out/boot3_d12_nl300_m50_w50_n600_p12_ds415_lmin1of100_lseed415_lN1000_lpnsseed1000_nsseed1106_bootseed2106.npz,results/bootstrap_runs/nl300_m50_w50/ns_runs_out/ns_out_d12_nl300_m50_w50_n600_p12_ds415_lmin1of100_lseed415_lN1000_lpnsseed1000_nsseed1106.npz,0.29663598705784444,results/nl300_m50_w50/combined_nl300_m50_w50.npz,0.9943646159932581,0.9955301963888703
nl300_m50_w50,d12_nl300_m50_w50_n600_p12_ds415_lmin1of100_lseed415_lN1000_lpnsseed1000,d12_nl300_m50_w50_n600_p12_ds415,lmin1of100_lseed415_lN1000_lpnsseed1000,1107,2107,200,300,-181.74785017860052,26.33000526578356,0.2818723841552486,0.29625442480961955,0.9514537524169869,results/bootstrap_runs/nl300_m50_w50/boot_method3_out/boot3_d12_nl300_m50_w50_n600_p12_ds415_lmin1of100_lseed415_lN1000_lpnsseed1000_nsseed1107_bootseed2107.npz,results/bootstrap_runs/nl300_m50_w50/ns_runs_out/ns_out_d12_nl300_m50_w50_n600_p12_ds415_lmin1of100_lseed415_lN1000_lpnsseed1000_nsseed1107.npz,0.29663598705784444,results/nl300_m50_w50/combined_nl300_m50_w50.npz,0.9502298994500729,0.998713702096602
nl300_m50_w50,d12_nl300_m50_w50_n600_p12_ds415_lmin1of100_lseed415_lN1000_lpnsseed1000,d12_nl300_m50_w50_n600_p12_ds415,lmin1of100_lseed415_lN1000_lpnsseed1000,1108,2108,200,300,-181.59968851861407,26.066264896612278,0.3049079637979685,0.29476694125253305,1.0344035274184542,results/bootstrap_runs/nl300_m50_w50/boot_method3_out/boot3_d12_nl300_m50_w50_n600_p12_ds415_lmin1of100_lseed415_lN1000_lpnsseed1000_nsseed1108_bootseed2108.npz,results/bootstrap_runs/nl300_m50_w50/ns_runs_out/ns_out_d12_nl300_m50_w50_n600_p12_ds415_lmin1of100_lseed415_lN1000_lpnsseed1000_nsseed1108.npz,0.29663598705784444,results/nl300_m50_w50/combined_nl300_m50_w50.npz,1.0278859514726073,0.9936991940059284
nl300_m50_w50,d12_nl300_m50_w50_n600_p12_ds415_lmin1of100_lseed415_lN1000_lpnsseed1000,d12_nl300_m50_w50_n600_p12_ds415,lmin1of100_lseed415_lN1000_lpnsseed1000,1109,2109,200,300,-181.328093480131,25.85032325129767,0.2981508469703911,0.29354342808346473,1.0156958679572834,results/bootstrap_runs/nl300_m50_w50/boot_method3_out/boot3_d12_nl300_m50_w50_n600_p12_ds415_lmin1of100_lseed415_lN1000_lpnsseed1000_nsseed1109_bootseed2109.npz,results/bootstrap_runs/nl300_m50_w50/ns_runs_out/ns_out_d12_nl300_m50_w50_n600_p12_ds415_lmin1of100_lseed415_lN1000_lpnsseed1000_nsseed1109.npz,0.29663598705784444,results/nl300_m50_w50/combined_nl300_m50_w50.npz,1.0051067974845926,0.9895745657664367
nl300_m50_w50,d12_nl300_m50_w50_n600_p12_ds415_lmin1of100_lseed415_lN1000_lpnsseed1000,d12_nl300_m50_w50_n600_p12_ds415,lmin1of100_lseed415_lN1000_lpnsseed1000,1110,2110,200,300,-181.97338286279978,26.173723905284376,0.29004450973941126,0.29537390939442826,0.9819571076336997,results/bootstrap_runs/nl300_m50_w50/boot_method3_out/boot3_d12_nl300_m50_w50_n600_p12_ds415_lmin1of100_lseed415_lN1000_lpnsseed1000_nsseed1110_bootseed2110.npz,results/bootstrap_runs/nl300_m50_w50/ns_runs_out/ns_out_d12_nl300_m50_w50_n600_p12_ds415_lmin1of100_lseed415_lN1000_lpnsseed1000_nsseed1110.npz,0.29663598705784444,results/nl300_m50_w50/combined_nl300_m50_w50.npz,0.9777792391819681,0.9957453656384244
nl300_m50_w50,d12_nl300_m50_w50_n600_p12_ds415_lmin1of100_lseed415_lN1000_lpnsseed1000,d12_nl300_m50_w50_n600_p12_ds415,lmin1of100_lseed415_lN1000_lpnsseed1000,1111,2111,200,300,-181.76370212244743,26.206271121332662,0.30797984133929346,0.29555750213978477,1.0420301941570527,results/bootstrap_runs/nl300_m50_w50/boot_method3_out/boot3_d12_nl300_m50_w50_n600_p12_ds415_lmin1of100_lseed415_lN1000_lpnsseed1000_nsseed1111_bootseed2111.npz,results/bootstrap_runs/nl300_m50_w50/ns_runs_out/ns_out_d12_nl300_m50_w50_n600_p12_ds415_lmin1of100_lseed415_lN1000_lpnsseed1000_nsseed1111.npz,0.29663598705784444,results/nl300_m50_w50/combined_nl300_m50_w50.npz,1.0382416658004376,0.9963642815938938
nl300_m50_w50,d12_nl300_m50_w50_n600_p12_ds415_lmin1of100_lseed415_lN1000_lpnsseed1000,d12_nl300_m50_w50_n600_p12_ds415,lmin1of100_lseed415_lN1000_lpnsseed1000,1112,2112,200,300,-181.48539230762157,25.886312740073752,0.30174088360216506,0.29374769638854903,1.027211063480284,results/bootstrap_runs/nl300_m50_w50/boot_method3_out/boot3_d12_nl300_m50_w50_n600_p12_ds415_lmin1of100_lseed415_lN1000_lpnsseed1000_nsseed1112_bootseed2112.npz,results/bootstrap_runs/nl300_m50_w50/ns_runs_out/ns_out_d12_nl300_m50_w50_n600_p12_ds415_lmin1of100_lseed415_lN1000_lpnsseed1000_nsseed1112.npz,0.29663598705784444,results/nl300_m50_w50/combined_nl300_m50_w50.npz,1.0172092961307664,0.9902631818278603
nl300_m50_w50,d12_nl300_m50_w50_n600_p12_ds415_lmin1of100_lseed415_lN1000_lpnsseed1000,d12_nl300_m50_w50_n600_p12_ds415,lmin1of100_lseed415_lN1000_lpnsseed1000,1113,2113,200,300,-181.72212775630683,26.332239612340533,0.3019272172205401,0.296266994518686,1.0191051409930076,results/bootstrap_runs/nl300_m50_w50/boot_method3_out/boot3_d12_nl300_m50_w50_n600_p12_ds415_lmin1of100_lseed415_lN1000_lpnsseed1000_nsseed1113_bootseed2113.npz,results/bootstrap_runs/nl300_m50_w50/ns_runs_out/ns_out_d12_nl300_m50_w50_n600_p12_ds415_lmin1of100_lseed415_lN1000_lpnsseed1000_nsseed1113.npz,0.29663598705784444,results/nl300_m50_w50/combined_nl300_m50_w50.npz,1.017837451939585,0.9987560762845457
nl300_m50_w50,d12_nl300_m50_w50_n600_p12_ds415_lmin1of100_lseed415_lN1000_lpnsseed1000,d12_nl300_m50_w50_n600_p12_ds415,lmin1of100_lseed415_lN1000_lpnsseed1000,1114,2114,200,300,-182.22809362517282,26.61420677732448,0.2833615545659316,0.29784899293279743,0.9513597873062657,results/bootstrap_runs/nl300_m50_w50/boot_method3_out/boot3_d12_nl300_m50_w50_n600_p12_ds415_lmin1of100_lseed415_lN1000_lpnsseed1000_nsseed1114_bootseed2114.npz,results/bootstrap_runs/nl300_m50_w50/ns_runs_out/ns_out_d12_nl300_m50_w50_n600_p12_ds415_lmin1of100_lseed415_lN1000_lpnsseed1000_nsseed1114.npz,0.29663598705784444,results/nl300_m50_w50/combined_nl300_m50_w50.npz,0.9552500941521829,1.0040892067310647
nl300_m50_w50,d12_nl300_m50_w50_n600_p12_ds415_lmin1of100_lseed415_lN1000_lpnsseed1000,d12_nl300_m50_w50_n600_p12_ds415,lmin1of100_lseed415_lN1000_lpnsseed1000,1115,2115,200,300,-181.96071539577935,26.37272883235009,0.2983482652449151,0.296494681415761,1.006251659626079,results/bootstrap_runs/nl300_m50_w50/boot_method3_out/boot3_d12_nl300_m50_w50_n600_p12_ds415_lmin1of100_lseed415_lN1000_lpnsseed1000_nsseed1115_bootseed2115.npz,results/bootstrap_runs/nl300_m50_w50/ns_runs_out/ns_out_d12_nl300_m50_w50_n600_p12_ds415_lmin1of100_lseed415_lN1000_lpnsseed1000_nsseed1115.npz,0.29663598705784444,results/nl300_m50_w50/combined_nl300_m50_w50.npz,1.0057723211672789,0.9995236395843776
nl300_m50_w50,d12_nl300_m50_w50_n600_p12_ds415_lmin1of100_lseed415_lN1000_lpnsseed1000,d12_nl300_m50_w50_n600_p12_ds415,lmin1of100_lseed415_lN1000_lpnsseed1000,1116,2116,200,300,-182.01962644009026,26.47759661803878,0.3082741601613372,0.2970835831772981,1.037668109642264,results/bootstrap_runs/nl300_m50_w50/boot_method3_out/boot3_d12_nl300_m50_w50_n600_p12_ds415_lmin1of100_lseed415_lN1000_lpnsseed1000_nsseed1116_bootseed2116.npz,results/bootstrap_runs/nl300_m50_w50/ns_runs_out/ns_out_d12_nl300_m50_w50_n600_p12_ds415_lmin1of100_lseed415_lN1000_lpnsseed1000_nsseed1116.npz,0.29663598705784444,results/nl300_m50_w50/combined_nl300_m50_w50.npz,1.0392338543240314,1.0015089070071812
nl300_m50_w50,d12_nl300_m50_w50_n600_p12_ds415_lmin1of100_lseed415_lN1000_lpnsseed1000,d12_nl300_m50_w50_n600_p12_ds415,lmin1of100_lseed415_lN1000_lpnsseed1000,1117,2117,200,300,-181.93362575043744,26.34931986616541,0.2808743882381954,0.29636306487238145,0.9477374933989978,results/bootstrap_runs/nl300_m50_w50/boot_method3_out/boot3_d12_nl300_m50_w50_n600_p12_ds415_lmin1of100_lseed415_lN1000_lpnsseed1000_nsseed1117_bootseed2117.npz,results/bootstrap_runs/nl300_m50_w50/ns_runs_out/ns_out_d12_nl300_m50_w50_n600_p12_ds415_lmin1of100_lseed415_lN1000_lpnsseed1000_nsseed1117.npz,0.29663598705784444,results/nl300_m50_w50/combined_nl300_m50_w50.npz,0.9468655203437083,0.9990799424298786
nl300_m50_w50,d12_nl300_m50_w50_n600_p12_ds415_lmin1of100_lseed415_lN1000_lpnsseed1000,d12_nl300_m50_w50_n600_p12_ds415,lmin1of100_lseed415_lN1000_lpnsseed1000,1118,2118,200,300,-182.07464429169272,26.27409614242547,0.2889590866138593,0.2959397243945996,0.9764119609321779,results/bootstrap_runs/nl300_m50_w50/boot_method3_out/boot3_d12_nl300_m50_w50_n600_p12_ds415_lmin1of100_lseed415_lN1000_lpnsseed1000_nsseed1118_bootseed2118.npz,results/bootstrap_runs/nl300_m50_w50/ns_runs_out/ns_out_d12_nl300_m50_w50_n600_p12_ds415_lmin1of100_lseed415_lN1000_lpnsseed1000_nsseed1118.npz,0.29663598705784444,results/nl300_m50_w50/combined_nl300_m50_w50.npz,0.9741201311407703,0.9976528044687003
nl300_m50_w50,d12_nl300_m50_w50_n600_p12_ds415_lmin1of100_lseed415_lN1000_lpnsseed1000,d12_nl300_m50_w50_n600_p12_ds415,lmin1of100_lseed415_lN1000_lpnsseed1000,1119,2119,200,300,-182.03025304692946,26.449512698770587,0.2907492462509485,0.2969259879654108,0.9791977059442104,results/bootstrap_runs/nl300_m50_w50/boot_method3_out/boot3_d12_nl300_m50_w50_n600_p12_ds415_lmin1of100_lseed415_lN1000_lpnsseed1000_nsseed1119_bootseed2119.npz,results/bootstrap_runs/nl300_m50_w50/ns_runs_out/ns_out_d12_nl300_m50_w50_n600_p12_ds415_lmin1of100_lseed415_lN1000_lpnsseed1000_nsseed1119.npz,0.29663598705784444,results/nl300_m50_w50/combined_nl300_m50_w50.npz,0.9801550012010242,1.0009776322503643
nl300_m50_w50,d12_nl300_m50_w50_n600_p12_ds415_lmin1of100_lseed415_lN1000_lpnsseed1000,d12_nl300_m50_w50_n600_p12_ds415,lmin1of100_lseed415_lN1000_lpnsseed1000,1120,2120,200,300,-181.93549704006332,26.321839072893486,0.3020657535454538,0.2962084799196532,1.0197741591577303,results/bootstrap_runs/nl300_m50_w50/boot_method3_out/boot3_d12_nl300_m50_w50_n600_p12_ds415_lmin1of100_lseed415_lN1000_lpnsseed1000_nsseed1120_bootseed2120.npz,results/bootstrap_runs/nl300_m50_w50/ns_runs_out/ns_out_d12_nl300_m50_w50_n600_p12_ds415_lmin1of100_lseed415_lN1000_lpnsseed1000_nsseed1120.npz,0.29663598705784444,results/nl300_m50_w50/combined_nl300_m50_w50.npz,1.0183044766127805,0.9985588156634958
nl300_m50_w50,d12_nl300_m50_w50_n600_p12_ds415_lmin1of100_lseed415_lN1000_lpnsseed1000,d12_nl300_m50_w50_n600_p12_ds415,lmin1of100_lseed415_lN1000_lpnsseed1000,1121,2121,200,300,-181.88088119458956,26.240903355900766,0.2820147813444572,0.29575273093076004,0.9535492046241861,results/bootstrap_runs/nl300_m50_w50/boot_method3_out/boot3_d12_nl300_m50_w50_n600_p12_ds415_lmin1of100_lseed415_lN1000_lpnsseed1000_nsseed1121_bootseed2121.npz,results/bootstrap_runs/nl300_m50_w50/ns_runs_out/ns_out_d12_nl300_m50_w50_n600_p12_ds415_lmin1of100_lseed415_lN1000_lpnsseed1000_nsseed1121.npz,0.29663598705784444,results/nl300_m50_w50/combined_nl300_m50_w50.npz,0.9507099396185665,0.9970224242316488
nl300_m50_w50,d12_nl300_m50_w50_n600_p12_ds415_lmin1of100_lseed415_lN1000_lpnsseed1000,d12_nl300_m50_w50_n600_p12_ds415,lmin1of100_lseed415_lN1000_lpnsseed1000,1122,2122,200,300,-180.97921994372143,25.680217620676633,0.28127159917072325,0.2925760164508626,0.9613624608836046,results/bootstrap_runs/nl300_m50_w50/boot_method3_out/boot3_d12_nl300_m50_w50_n600_p12_ds415_lmin1of100_lseed415_lN1000_lpnsseed1000_nsseed1122_bootseed2122.npz,results/bootstrap_runs/nl300_m50_w50/ns_runs_out/ns_out_d12_nl300_m50_w50_n600_p12_ds415_lmin1of100_lseed415_lN1000_lpnsseed1000_nsseed1122.npz,0.29663598705784444,results/nl300_m50_w50/combined_nl300_m50_w50.npz,0.9482045720766674,0.9863132904161418
nl300_m50_w50,d12_nl300_m50_w50_n600_p12_ds415_lmin1of100_lseed415_lN1000_lpnsseed1000,d12_nl300_m50_w50_n600_p12_ds415,lmin1of100_lseed415_lN1000_lpnsseed1000,1123,2123,200,300,-181.20224795220992,25.571872993683872,0.28963506849748377,0.29195817619243497,0.9920430120325865,results/bootstrap_runs/nl300_m50_w50/boot_method3_out/boot3_d12_nl300_m50_w50_n600_p12_ds415_lmin1of100_lseed415_lN1000_lpnsseed1000_nsseed1123_bootseed2123.npz,results/bootstrap_runs/nl300_m50_w50/ns_runs_out/ns_out_d12_nl300_m50_w50_n600_p12_ds415_lmin1of100_lseed415_lN1000_lpnsseed1000_nsseed1123.npz,0.29663598705784444,results/nl300_m50_w50/combined_nl300_m50_w50.npz,0.9763989574232088,0.9842304674095483
nl300_m50_w50,d12_nl300_m50_w50_n600_p12_ds415_lmin1of100_lseed415_lN1000_lpnsseed1000,d12_nl300_m50_w50_n600_p12_ds415,lmin1of100_lseed415_lN1000_lpnsseed1000,1124,2124,200,300,-181.9396568645581,26.388793774379625,0.2799880944848828,0.29658497250298904,0.9440400574646817,results/bootstrap_runs/nl300_m50_w50/boot_method3_out/boot3_d12_nl300_m50_w50_n600_p12_ds415_lmin1of100_lseed415_lN1000_lpnsseed1000_nsseed1124_bootseed2124.npz,results/bootstrap_runs/nl300_m50_w50/ns_runs_out/ns_out_d12_nl300_m50_w50_n600_p12_ds415_lmin1of100_lseed415_lN1000_lpnsseed1000_nsseed1124.npz,0.29663598705784444,results/nl300_m50_w50/combined_nl300_m50_w50.npz,0.9438777043268346,0.9998280230414341
nl300_m50_w50,d12_nl300_m50_w50_n600_p12_ds415_lmin1of100_lseed415_lN1000_lpnsseed1000,d12_nl300_m50_w50_n600_p12_ds415,lmin1of100_lseed415_lN1000_lpnsseed1000,1125,2125,200,300,-181.8538497076217,26.35739281701607,0.3047533516755598,0.2964084615133654,1.0281533466338582,results/bootstrap_runs/nl300_m50_w50/boot_method3_out/boot3_d12_nl300_m50_w50_n600_p12_ds415_lmin1of100_lseed415_lN1000_lpnsseed1000_nsseed1125_bootseed2125.npz,results/bootstrap_runs/nl300_m50_w50/ns_runs_out/ns_out_d12_nl300_m50_w50_n600_p12_ds415_lmin1of100_lseed415_lN1000_lpnsseed1000_nsseed1125.npz,0.29663598705784444,results/nl300_m50_w50/combined_nl300_m50_w50.npz,1.02736473311356,0.9992329806415745
nl300_m50_w50,d12_nl300_m50_w50_n600_p12_ds415_lmin1of100_lseed415_lN1000_lpnsseed1000,d12_nl300_m50_w50_n600_p12_ds415,lmin1of100_lseed415_lN1000_lpnsseed1000,1126,2126,200,300,-181.53594290954234,25.91296478486236,0.3079484965105315,0.29389887594693953,1.0478042677717778,results/bootstrap_runs/nl300_m50_w50/boot_method3_out/boot3_d12_nl300_m50_w50_n600_p12_ds415_lmin1of100_lseed415_lN1000_lpnsseed1000_nsseed1126_bootseed2126.npz,results/bootstrap_runs/nl300_m50_w50/ns_runs_out/ns_out_d12_nl300_m50_w50_n600_p12_ds415_lmin1of100_lseed415_lN1000_lpnsseed1000_nsseed1126.npz,0.29663598705784444,results/nl300_m50_w50/combined_nl300_m50_w50.npz,1.0381359981467155,0.9907728285497229
nl300_m50_w50,d12_nl300_m50_w50_n600_p12_ds415_lmin1of100_lseed415_lN1000_lpnsseed1000,d12_nl300_m50_w50_n600_p12_ds415,lmin1of100_lseed415_lN1000_lpnsseed1000,1127,2127,200,300,-181.89577580148983,26.483403907428013,0.28534912951791946,0.2971161608273102,0.9603958556928516,results/bootstrap_runs/nl300_m50_w50/boot_method3_out/boot3_d12_nl300_m50_w50_n600_p12_ds415_lmin1of100_lseed415_lN1000_lpnsseed1000_nsseed1127_bootseed2127.npz,results/bootstrap_runs/nl300_m50_w50/ns_runs_out/ns_out_d12_nl300_m50_w50_n600_p12_ds415_lmin1of100_lseed415_lN1000_lpnsseed1000_nsseed1127.npz,0.29663598705784444,results/nl300_m50_w50/combined_nl300_m50_w50.npz,0.9619504779178258,1.0016187306679418
nl300_m50_w50,d12_nl300_m50_w50_n600_p12_ds415_lmin1of100_lseed415_lN1000_lpnsseed1000,d12_nl300_m50_w50_n600_p12_ds415,lmin1of100_lseed415_lN1000_lpnsseed1000,1128,2128,200,300,-182.57529489672504,26.70766151084261,0.31747302833384405,0.29837147713793855,1.0640193606276742,results/bootstrap_runs/nl300_m50_w50/boot_method3_out/boot3_d12_nl300_m50_w50_n600_p12_ds415_lmin1of100_lseed415_lN1000_lpnsseed1000_nsseed1128_bootseed2128.npz,results/bootstrap_runs/nl300_m50_w50/ns_runs_out/ns_out_d12_nl300_m50_w50_n600_p12_ds415_lmin1of100_lseed415_lN1000_lpnsseed1000_nsseed1128.npz,0.29663598705784444,results/nl300_m50_w50/combined_nl300_m50_w50.npz,1.0702444820760617,1.005850571595535
nl300_m50_w50,d12_nl300_m50_w50_n600_p12_ds415_lmin1of100_lseed415_lN1000_lpnsseed1000,d12_nl300_m50_w50_n600_p12_ds415,lmin1of100_lseed415_lN1000_lpnsseed1000,1129,2129,200,300,-182.04790213620132,26.437074800200485,0.3202667077328351,0.296856164947496,1.0788615684955698,results/bootstrap_runs/nl300_m50_w50/boot_method3_out/boot3_d12_nl300_m50_w50_n600_p12_ds415_lmin1of100_lseed415_lN1000_lpnsseed1000_nsseed1129_bootseed2129.npz,results/bootstrap_runs/nl300_m50_w50/ns_runs_out/ns_out_d12_nl300_m50_w50_n600_p12_ds415_lmin1of100_lseed415_lN1000_lpnsseed1000_nsseed1129.npz,0.29663598705784444,results/nl300_m50_w50/combined_nl300_m50_w50.npz,1.0796623528701614,1.000742249421034
nl300_m50_w50,d12_nl300_m50_w50_n600_p12_ds415_lmin1of100_lseed415_lN1000_lpnsseed1000,d12_nl300_m50_w50_n600_p12_ds415,lmin1of100_lseed415_lN1000_lpnsseed1000,1130,2130,200,300,-181.78748116507413,26.141937179225025,0.3034254769979209,0.2951944962180304,1.0278832460812923,results/bootstrap_runs/nl300_m50_w50/boot_method3_out/boot3_d12_nl300_m50_w50_n600_p12_ds415_lmin1of100_lseed415_lN1000_lpnsseed1000_nsseed1130_bootseed2130.npz,results/bootstrap_runs/nl300_m50_w50/ns_runs_out/ns_out_d12_nl300_m50_w50_n600_p12_ds415_lmin1of100_lseed415_lN1000_lpnsseed1000_nsseed1130.npz,0.29663598705784444,results/nl300_m50_w50/combined_nl300_m50_w50.npz,1.0228882881251777,0.995140539574745
nl300_m50_w50,d12_nl300_m50_w50_n600_p12_ds415_lmin1of100_lseed415_lN1000_lpnsseed1000,d12_nl300_m50_w50_n600_p12_ds415,lmin1of100_lseed415_lN1000_lpnsseed1000,1131,2131,200,300,-181.34341347275162,25.630577369606026,0.3114996151440759,0.2922931027217145,1.0657097695550055,results/bootstrap_runs/nl300_m50_w50/boot_method3_out/boot3_d12_nl300_m50_w50_n600_p12_ds415_lmin1of100_lseed415_lN1000_lpnsseed1000_nsseed1131_bootseed2131.npz,results/bootstrap_runs/nl300_m50_w50/ns_runs_out/ns_out_d12_nl300_m50_w50_n600_p12_ds415_lmin1of100_lseed415_lN1000_lpnsseed1000_nsseed1131.npz,0.29663598705784444,results/nl300_m50_w50/combined_nl300_m50_w50.npz,1.0501072989614475,0.9853595500019926
nl300_m50_w50,d12_nl300_m50_w50_n600_p12_ds415_lmin1of100_lseed415_lN1000_lpnsseed1000,d12_nl300_m50_w50_n600_p12_ds415,lmin1of100_lseed415_lN1000_lpnsseed1000,1132,2132,200,300,-181.50679305857895,25.94642887630111,0.3090120758071095,0.2940885857260309,1.0507448803027708,results/bootstrap_runs/nl300_m50_w50/boot_method3_out/boot3_d12_nl300_m50_w50_n600_p12_ds415_lmin1of100_lseed415_lN1000_lpnsseed1000_nsseed1132_bootseed2132.npz,results/bootstrap_runs/nl300_m50_w50/ns_runs_out/ns_out_d12_nl300_m50_w50_n600_p12_ds415_lmin1of100_lseed415_lN1000_lpnsseed1000_nsseed1132.npz,0.29663598705784444,results/nl300_m50_w50/combined_nl300_m50_w50.npz,1.041721467688449,0.9914123658525734
nl300_m50_w50,d12_nl300_m50_w50_n600_p12_ds415_lmin1of100_lseed415_lN1000_lpnsseed1000,d12_nl300_m50_w50_n600_p12_ds415,lmin1of100_lseed415_lN1000_lpnsseed1000,1133,2133,200,300,-181.86779448596073,26.483362264054396,0.2884353887176651,0.29711592722961633,0.9707840014068221,results/bootstrap_runs/nl300_m50_w50/boot_method3_out/boot3_d12_nl300_m50_w50_n600_p12_ds415_lmin1of100_lseed415_lN1000_lpnsseed1000_nsseed1133_bootseed2133.npz,results/bootstrap_runs/nl300_m50_w50/ns_runs_out/ns_out_d12_nl300_m50_w50_n600_p12_ds415_lmin1of100_lseed415_lN1000_lpnsseed1000_nsseed1133.npz,0.29663598705784444,results/nl300_m50_w50/combined_nl300_m50_w50.npz,0.9723546747597411,1.0016179431785472
nl300_m50_w50,d12_nl300_m50_w50_n600_p12_ds415_lmin1of100_lseed415_lN1000_lpnsseed1000,d12_nl300_m50_w50_n600_p12_ds415,lmin1of100_lseed415_lN1000_lpnsseed1000,1134,2134,200,300,-181.25506369978604,25.74070573151745,0.2777471022326228,0.2929203858361372,0.9481999739956558,results/bootstrap_runs/nl300_m50_w50/boot_method3_out/boot3_d12_nl300_m50_w50_n600_p12_ds415_lmin1of100_lseed415_lN1000_lpnsseed1000_nsseed1134_bootseed2134.npz,results/bootstrap_runs/nl300_m50_w50/ns_runs_out/ns_out_d12_nl300_m50_w50_n600_p12_ds415_lmin1of100_lseed415_lN1000_lpnsseed1000_nsseed1134.npz,0.29663598705784444,results/nl300_m50_w50/combined_nl300_m50_w50.npz,0.9363230165949544,0.9874742061522607
nl300_m50_w50,d12_nl300_m50_w50_n600_p12_ds415_lmin1of100_lseed415_lN1000_lpnsseed1000,d12_nl300_m50_w50_n600_p12_ds415,lmin1of100_lseed415_lN1000_lpnsseed1000,1135,2135,200,300,-181.25699967189976,25.93510434122674,0.28082028987932617,0.29402440001484426,0.9550917878419224,results/bootstrap_runs/nl300_m50_w50/boot_method3_out/boot3_d12_nl300_m50_w50_n600_p12_ds415_lmin1of100_lseed415_lN1000_lpnsseed1000_nsseed1135_bootseed2135.npz,results/bootstrap_runs/nl300_m50_w50/ns_runs_out/ns_out_d12_nl300_m50_w50_n600_p12_ds415_lmin1of100_lseed415_lN1000_lpnsseed1000_nsseed1135.npz,0.29663598705784444,results/nl300_m50_w50/combined_nl300_m50_w50.npz,0.946683147465064,0.9911959871460542
nl300_m50_w50,d12_nl300_m50_w50_n600_p12_ds415_lmin1of100_lseed415_lN1000_lpnsseed1000,d12_nl300_m50_w50_n600_p12_ds415,lmin1of100_lseed415_lN1000_lpnsseed1000,1136,2136,200,300,-181.96528579157288,26.31851614543849,0.30099863791430265,0.29618978232116927,1.0162357241206887,results/bootstrap_runs/nl300_m50_w50/boot_method3_out/boot3_d12_nl300_m50_w50_n600_p12_ds415_lmin1of100_lseed415_lN1000_lpnsseed1000_nsseed1136_bootseed2136.npz,results/bootstrap_runs/nl300_m50_w50/ns_runs_out/ns_out_d12_nl300_m50_w50_n600_p12_ds415_lmin1of100_lseed415_lN1000_lpnsseed1000_nsseed1136.npz,0.29663598705784444,results/nl300_m50_w50/combined_nl300_m50_w50.npz,1.0147070856092977,0.9984957835321978
nl300_m50_w50,d12_nl300_m50_w50_n600_p12_ds415_lmin1of100_lseed415_lN1000_lpnsseed1000,d12_nl300_m50_w50_n600_p12_ds415,lmin1of100_lseed415_lN1000_lpnsseed1000,1137,2137,200,300,-182.1161343205362,26.205678398157758,0.3166987448523872,0.2955541597189803,1.0715421672748968,results/bootstrap_runs/nl300_m50_w50/boot_method3_out/boot3_d12_nl300_m50_w50_n600_p12_ds415_lmin1of100_lseed415_lN1000_lpnsseed1000_nsseed1137_bootseed2137.npz,results/bootstrap_runs/nl300_m50_w50/ns_runs_out/ns_out_d12_nl300_m50_w50_n600_p12_ds415_lmin1of100_lseed415_lN1000_lpnsseed1000_nsseed1137.npz,0.29663598705784444,results/nl300_m50_w50/combined_nl300_m50_w50.npz,1.0676342678227726,0.9963530138416645
nl300_m50_w50,d12_nl300_m50_w50_n600_p12_ds415_lmin1of100_lseed415_lN1000_lpnsseed1000,d12_nl300_m50_w50_n600_p12_ds415,lmin1of100_lseed415_lN1000_lpnsseed1000,1138,2138,200,300,-181.80452116741975,26.125331999761336,0.3110464771685371,0.29510072856434033,1.0540349347213493,results/bootstrap_runs/nl300_m50_w50/boot_method3_out/boot3_d12_nl300_m50_w50_n600_p12_ds415_lmin1of100_lseed415_lN1000_lpnsseed1000_nsseed1138_bootseed2138.npz,results/bootstrap_runs/nl300_m50_w50/ns_runs_out/ns_out_d12_nl300_m50_w50_n600_p12_ds415_lmin1of100_lseed415_lN1000_lpnsseed1000_nsseed1138.npz,0.29663598705784444,results/nl300_m50_w50/combined_nl300_m50_w50.npz,1.0485797096084724,0.994824436142319
nl300_m50_w50,d12_nl300_m50_w50_n600_p12_ds415_lmin1of100_lseed415_lN1000_lpnsseed1000,d12_nl300_m50_w50_n600_p12_ds415,lmin1of100_lseed415_lN1000_lpnsseed1000,1139,2139,200,300,-181.46730713469435,25.84825553570927,0.29355377656408366,0.2935316878732134,1.0000752514695443,results/bootstrap_runs/nl300_m50_w50/boot_method3_out/boot3_d12_nl300_m50_w50_n600_p12_ds415_lmin1of100_lseed415_lN1000_lpnsseed1000_nsseed1139_bootseed2139.npz,results/bootstrap_runs/nl300_m50_w50/ns_runs_out/ns_out_d12_nl300_m50_w50_n600_p12_ds415_lmin1of100_lseed415_lN1000_lpnsseed1000_nsseed1139.npz,0.29663598705784444,results/nl300_m50_w50/combined_nl300_m50_w50.npz,0.9896094518931051,0.9895349879310977
nl300_m50_w50,d12_nl300_m50_w50_n600_p12_ds415_lmin1of100_lseed415_lN1000_lpnsseed1000,d12_nl300_m50_w50_n600_p12_ds415,lmin1of100_lseed415_lN1000_lpnsseed1000,1140,2140,200,300,-181.84114907568713,26.39957461234166,0.31139640519209466,0.29664554950502603,1.0497255249966888,results/bootstrap_runs/nl300_m50_w50/boot_method3_out/boot3_d12_nl300_m50_w50_n600_p12_ds415_lmin1of100_lseed415_lN1000_lpnsseed1000_nsseed1140_bootseed2140.npz,results/bootstrap_runs/nl300_m50_w50/ns_runs_out/ns_out_d12_nl300_m50_w50_n600_p12_ds415_lmin1of100_lseed415_lN1000_lpnsseed1000_nsseed1140.npz,0.29663598705784444,results/nl300_m50_w50/combined_nl300_m50_w50.npz,1.049759364265442,1.000032236301726
nl300_m50_w50,d12_nl300_m50_w50_n600_p12_ds415_lmin1of100_lseed415_lN1000_lpnsseed1000,d12_nl300_m50_w50_n600_p12_ds415,lmin1of100_lseed415_lN1000_lpnsseed1000,1141,2141,200,300,-182.00750456453977,26.599676717110057,0.30801217759822225,0.297767676313319,1.0344043430493903,results/bootstrap_runs/nl300_m50_w50/boot_method3_out/boot3_d12_nl300_m50_w50_n600_p12_ds415_lmin1of100_lseed415_lN1000_lpnsseed1000_nsseed1141_bootseed2141.npz,results/bootstrap_runs/nl300_m50_w50/ns_runs_out/ns_out_d12_nl300_m50_w50_n600_p12_ds415_lmin1of100_lseed415_lN1000_lpnsseed1000_nsseed1141.npz,0.29663598705784444,results/nl300_m50_w50/combined_nl300_m50_w50.npz,1.038350675699235,1.0038150774176091
nl300_m50_w50,d12_nl300_m50_w50_n600_p12_ds415_lmin1of100_lseed415_lN1000_lpnsseed1000,d12_nl300_m50_w50_n600_p12_ds415,lmin1of100_lseed415_lN1000_lpnsseed1000,1142,2142,200,300,-181.7058341308349,26.18449706148547,0.26908776505204285,0.29543469138139183,0.9108197950411436,results/bootstrap_runs/nl300_m50_w50/boot_method3_out/boot3_d12_nl300_m50_w50_n600_p12_ds415_lmin1of100_lseed415_lN1000_lpnsseed1000_nsseed1142_bootseed2142.npz,results/bootstrap_runs/nl300_m50_w50/ns_runs_out/ns_out_d12_nl300_m50_w50_n600_p12_ds415_lmin1of100_lseed415_lN1000_lpnsseed1000_nsseed1142.npz,0.29663598705784444,results/nl300_m50_w50/combined_nl300_m50_w50.npz,0.907131220729366,0.9959502699306058
nl300_m50_w50,d12_nl300_m50_w50_n600_p12_ds415_lmin1of100_lseed415_lN1000_lpnsseed1000,d12_nl300_m50_w50_n600_p12_ds415,lmin1of100_lseed415_lN1000_lpnsseed1000,1143,2143,200,300,-181.96939514177294,26.380691141645947,0.28559510773410557,0.2965394360600624,0.9630931775167331,results/bootstrap_runs/nl300_m50_w50/boot_method3_out/boot3_d12_nl300_m50_w50_n600_p12_ds415_lmin1of100_lseed415_lN1000_lpnsseed1000_nsseed1143_bootseed2143.npz,results/bootstrap_runs/nl300_m50_w50/ns_runs_out/ns_out_d12_nl300_m50_w50_n600_p12_ds415_lmin1of100_lseed415_lN1000_lpnsseed1000_nsseed1143.npz,0.29663598705784444,results/nl300_m50_w50/combined_nl300_m50_w50.npz,0.962779703726285,0.9996745135384966
nl300_m50_w50,d12_nl300_m50_w50_n600_p12_ds415_lmin1of100_lseed415_lN1000_lpnsseed1000,d12_nl300_m50_w50_n600_p12_ds415,lmin1of100_lseed415_lN1000_lpnsseed1000,1144,2144,200,300,-181.5402423412254,25.931352517851348,0.29434572339067205,0.2940031321706814,1.001165263844168,results/bootstrap_runs/nl300_m50_w50/boot_method3_out/boot3_d12_nl300_m50_w50_n600_p12_ds415_lmin1of100_lseed415_lN1000_lpnsseed1000_nsseed1144_bootseed2144.npz,results/bootstrap_runs/nl300_m50_w50/ns_runs_out/ns_out_d12_nl300_m50_w50_n600_p12_ds415_lmin1of100_lseed415_lN1000_lpnsseed1000_nsseed1144.npz,0.29663598705784444,results/nl300_m50_w50/combined_nl300_m50_w50.npz,0.9922792116698714,0.9911242903692274
nl300_m50_w50,d12_nl300_m50_w50_n600_p12_ds415_lmin1of100_lseed415_lN1000_lpnsseed1000,d12_nl300_m50_w50_n600_p12_ds415,lmin1of100_lseed415_lN1000_lpnsseed1000,1145,2145,200,300,-181.70508357680896,26.26281366654665,0.2979513113231207,0.29587617717859976,1.007013522225104,results/bootstrap_runs/nl300_m50_w50/boot_method3_out/boot3_d12_nl300_m50_w50_n600_p12_ds415_lmin1of100_lseed415_lN1000_lpnsseed1000_nsseed1145_bootseed2145.npz,results/bootstrap_runs/nl300_m50_w50/ns_runs_out/ns_out_d12_nl300_m50_w50_n600_p12_ds415_lmin1of100_lseed415_lN1000_lpnsseed1000_nsseed1145.npz,0.29663598705784444,results/nl300_m50_w50/combined_nl300_m50_w50.npz,1.0044341358522348,0.9974385782157426
nl300_m50_w50,d12_nl300_m50_w50_n600_p12_ds415_lmin1of100_lseed415_lN1000_lpnsseed1000,d12_nl300_m50_w50_n600_p12_ds415,lmin1of100_lseed415_lN1000_lpnsseed1000,1146,2146,200,300,-182.1704048602522,26.4442503350784,0.31584341270496935,0.29689644847476365,1.0638167425967582,results/bootstrap_runs/nl300_m50_w50/boot_method3_out/boot3_d12_nl300_m50_w50_n600_p12_ds415_lmin1of100_lseed415_lN1000_lpnsseed1000_nsseed1146_bootseed2146.npz,results/bootstrap_runs/nl300_m50_w50/ns_runs_out/ns_out_d12_nl300_m50_w50_n600_p12_ds415_lmin1of100_lseed415_lN1000_lpnsseed1000_nsseed1146.npz,0.29663598705784444,results/nl300_m50_w50/combined_nl300_m50_w50.npz,1.0647508275635464,1.0008780506354018
nl300_m50_w50,d12_nl300_m50_w50_n600_p12_ds415_lmin1of100_lseed415_lN1000_lpnsseed1000,d12_nl300_m50_w50_n600_p12_ds415,lmin1of100_lseed415_lN1000_lpnsseed1000,1147,2147,200,300,-182.0044766530815,26.125612646687994,0.3052029494325331,0.29510231359472594,1.0342275725146592,results/bootstrap_runs/nl300_m50_w50/boot_method3_out/boot3_d12_nl300_m50_w50_n600_p12_ds415_lmin1of100_lseed415_lN1000_lpnsseed1000_nsseed1147_bootseed2147.npz,results/bootstrap_runs/nl300_m50_w50/ns_runs_out/ns_out_d12_nl300_m50_w50_n600_p12_ds415_lmin1of100_lseed415_lN1000_lpnsseed1000_nsseed1147.npz,0.29663598705784444,results/nl300_m50_w50/combined_nl300_m50_w50.npz,1.0288803879113229,0.9948297794939511
nl300_m50_w50,d12_nl300_m50_w50_n600_p12_ds415_lmin1of100_lseed415_lN1000_lpnsseed1000,d12_nl300_m50_w50_n600_p12_ds415,lmin1of100_lseed415_lN1000_lpnsseed1000,1148,2148,200,300,-181.62277221358428,26.134890480796294,0.29484931311130835,0.29515470791206144,0.998965306015569,results/bootstrap_runs/nl300_m50_w50/boot_method3_out/boot3_d12_nl300_m50_w50_n600_p12_ds415_lmin1of100_lseed415_lN1000_lpnsseed1000_nsseed1148_bootseed2148.npz,results/bootstrap_runs/nl300_m50_w50/ns_runs_out/ns_out_d12_nl300_m50_w50_n600_p12_ds415_lmin1of100_lseed415_lN1000_lpnsseed1000_nsseed1148.npz,0.29663598705784444,results/nl300_m50_w50/combined_nl300_m50_w50.npz,0.9939768806736599,0.9950064078182997
nl300_m50_w50,d12_nl300_m50_w50_n600_p12_ds415_lmin1of100_lseed415_lN1000_lpnsseed1000,d12_nl300_m50_w50_n600_p12_ds415,lmin1of100_lseed415_lN1000_lpnsseed1000,1149,2149,200,300,-181.80088588714503,26.16898629726122,0.2754358191949942,0.2953471759204819,0.9325832161305361,results/bootstrap_runs/nl300_m50_w50/boot_method3_out/boot3_d12_nl300_m50_w50_n600_p12_ds415_lmin1of100_lseed415_lN1000_lpnsseed1000_nsseed1149_bootseed2149.npz,results/bootstrap_runs/nl300_m50_w50/ns_runs_out/ns_out_d12_nl300_m50_w50_n600_p12_ds415_lmin1of100_lseed415_lN1000_lpnsseed1000_nsseed1149.npz,0.29663598705784444,results/nl300_m50_w50/combined_nl300_m50_w50.npz,0.9285313691264433,0.9956552434849678
nl300_m50_w50,d12_nl300_m50_w50_n600_p12_ds415_lmin1of100_lseed415_lN1000_lpnsseed1000,d12_nl300_m50_w50_n600_p12_ds415,lmin1of100_lseed415_lN1000_lpnsseed1000,1150,2150,200,300,-181.35407573796923,25.607178172734304,0.2854734872884303,0.2921596491231823,0.9771146978892593,results/bootstrap_runs/nl300_m50_w50/boot_method3_out/boot3_d12_nl300_m50_w50_n600_p12_ds415_lmin1of100_lseed415_lN1000_lpnsseed1000_nsseed1150_bootseed2150.npz,results/bootstrap_runs/nl300_m50_w50/ns_runs_out/ns_out_d12_nl300_m50_w50_n600_p12_ds415_lmin1of100_lseed415_lN1000_lpnsseed1000_nsseed1150.npz,0.29663598705784444,results/nl300_m50_w50/combined_nl300_m50_w50.npz,0.962369704768028,0.9849096598863131
nl300_m50_w50,d12_nl300_m50_w50_n600_p12_ds415_lmin1of100_lseed415_lN1000_lpnsseed1000,d12_nl300_m50_w50_n600_p12_ds415,lmin1of100_lseed415_lN1000_lpnsseed1000,1151,2151,200,300,-181.95655319679364,26.371786941271367,0.2805992006695825,0.29648938677616193,0.9464055483423562,results/bootstrap_runs/nl300_m50_w50/boot_method3_out/boot3_d12_nl300_m50_w50_n600_p12_ds415_lmin1of100_lseed415_lN1000_lpnsseed1000_nsseed1151_bootseed2151.npz,results/bootstrap_runs/nl300_m50_w50/ns_runs_out/ns_out_d12_nl300_m50_w50_n600_p12_ds415_lmin1of100_lseed415_lN1000_lpnsseed1000_nsseed1151.npz,0.29663598705784444,results/nl300_m50_w50/combined_nl300_m50_w50.npz,0.9459378258608429,0.9995057906387672
nl300_m50_w50,d12_nl300_m50_w50_n600_p12_ds415_lmin1of100_lseed415_lN1000_lpnsseed1000,d12_nl300_m50_w50_n600_p12_ds415,lmin1of100_lseed415_lN1000_lpnsseed1000,1152,2152,200,300,-182.0077912989091,26.32175393725003,0.2834635617652503,0.29620800088929644,0.9569746965450497,results/bootstrap_runs/nl300_m50_w50/boot_method3_out/boot3_d12_nl300_m50_w50_n600_p12_ds415_lmin1of100_lseed415_lN1000_lpnsseed1000_nsseed1152_bootseed2152.npz,results/bootstrap_runs/nl300_m50_w50/ns_runs_out/ns_out_d12_nl300_m50_w50_n600_p12_ds415_lmin1of100_lseed415_lN1000_lpnsseed1000_nsseed1152.npz,0.29663598705784444,results/nl300_m50_w50/combined_nl300_m50_w50.npz,0.9555939742064218,0.9985572007874266
nl300_m50_w50,d12_nl300_m50_w50_n600_p12_ds415_lmin1of100_lseed415_lN1000_lpnsseed1000,d12_nl300_m50_w50_n600_p12_ds415,lmin1of100_lseed415_lN1000_lpnsseed1000,1153,2153,200,300,-181.61782001507913,26.209850087541337,0.2651382018684838,0.2955776834581243,0.8970169830363631,results/bootstrap_runs/nl300_m50_w50/boot_method3_out/boot3_d12_nl300_m50_w50_n600_p12_ds415_lmin1of100_lseed415_lN1000_lpnsseed1000_nsseed1153_bootseed2153.npz,results/bootstrap_runs/nl300_m50_w50/ns_runs_out/ns_out_d12_nl300_m50_w50_n600_p12_ds415_lmin1of100_lseed415_lN1000_lpnsseed1000_nsseed1153.npz,0.29663598705784444,results/nl300_m50_w50/combined_nl300_m50_w50.npz,0.8938167094904148,0.9964323155453362
nl300_m50_w50,d12_nl300_m50_w50_n600_p12_ds415_lmin1of100_lseed415_lN1000_lpnsseed1000,d12_nl300_m50_w50_n600_p12_ds415,lmin1of100_lseed415_lN1000_lpnsseed1000,1154,2154,200,300,-181.51995299471972,25.941103642404123,0.3006579254415075,0.2940584048699857,1.0224428904674217,results/bootstrap_runs/nl300_m50_w50/boot_method3_out/boot3_d12_nl300_m50_w50_n600_p12_ds415_lmin1of100_lseed415_lN1000_lpnsseed1000_nsseed1154_bootseed2154.npz,results/bootstrap_runs/nl300_m50_w50/ns_runs_out/ns_out_d12_nl300_m50_w50_n600_p12_ds415_lmin1of100_lseed415_lN1000_lpnsseed1000_nsseed1154.npz,0.29663598705784444,results/nl300_m50_w50/combined_nl300_m50_w50.npz,1.013558497819345,0.9913106221081797
nl300_m50_w50,d12_nl300_m50_w50_n600_p12_ds415_lmin1of100_lseed415_lN1000_lpnsseed1000,d12_nl300_m50_w50_n600_p12_ds415,lmin1of100_lseed415_lN1000_lpnsseed1000,1155,2155,200,300,-182.45141035842414,26.876983550917878,0.33032359457786403,0.29931579505553374,1.1035956004813485,results/bootstrap_runs/nl300_m50_w50/boot_method3_out/boot3_d12_nl300_m50_w50_n600_p12_ds415_lmin1of100_lseed415_lN1000_lpnsseed1000_nsseed1155_bootseed2155.npz,results/bootstrap_runs/nl300_m50_w50/ns_runs_out/ns_out_d12_nl300_m50_w50_n600_p12_ds415_lmin1of100_lseed415_lN1000_lpnsseed1000_nsseed1155.npz,0.29663598705784444,results/nl300_m50_w50/combined_nl300_m50_w50.npz,1.1135654775206032,1.009033994911638
nl300_m50_w50,d12_nl300_m50_w50_n600_p12_ds415_lmin1of100_lseed415_lN1000_lpnsseed1000,d12_nl300_m50_w50_n600_p12_ds415,lmin1of100_lseed415_lN1000_lpnsseed1000,1156,2156,200,300,-181.6361578987054,26.128491162635527,0.3012980591608271,0.2951185703105083,1.0209390037496353,results/bootstrap_runs/nl300_m50_w50/boot_method3_out/boot3_d12_nl300_m50_w50_n600_p12_ds415_lmin1of100_lseed415_lN1000_lpnsseed1000_nsseed1156_bootseed2156.npz,results/bootstrap_runs/nl300_m50_w50/ns_runs_out/ns_out_d12_nl300_m50_w50_n600_p12_ds415_lmin1of100_lseed415_lN1000_lpnsseed1000_nsseed1156.npz,0.29663598705784444,results/nl300_m50_w50/combined_nl300_m50_w50.npz,1.0157164750953618,0.9948845830797993
nl300_m50_w50,d12_nl300_m50_w50_n600_p12_ds415_lmin1of100_lseed415_lN1000_lpnsseed1000,d12_nl300_m50_w50_n600_p12_ds415,lmin1of100_lseed415_lN1000_lpnsseed1000,1157,2157,200,300,-182.2067132238116,26.637964103608063,0.27827863535620007,0.2979819015958747,0.93387764111125,results/bootstrap_runs/nl300_m50_w50/boot_method3_out/boot3_d12_nl300_m50_w50_n600_p12_ds415_lmin1of100_lseed415_lN1000_lpnsseed1000_nsseed1157_bootseed2157.npz,results/bootstrap_runs/nl300_m50_w50/ns_runs_out/ns_out_d12_nl300_m50_w50_n600_p12_ds415_lmin1of100_lseed415_lN1000_lpnsseed1000_nsseed1157.npz,0.29663598705784444,results/nl300_m50_w50/combined_nl300_m50_w50.npz,0.9381148865863511,1.0045372597956828
nl300_m50_w50,d12_nl300_m50_w50_n600_p12_ds415_lmin1of100_lseed415_lN1000_lpnsseed1000,d12_nl300_m50_w50_n600_p12_ds415,lmin1of100_lseed415_lN1000_lpnsseed1000,1158,2158,200,300,-181.85540981324363,26.131190565379402,0.29492944191177783,0.2951338146523788,0.999307525161623,results/bootstrap_runs/nl300_m50_w50/boot_method3_out/boot3_d12_nl300_m50_w50_n600_p12_ds415_lmin1of100_lseed415_lN1000_lpnsseed1000_nsseed1158_bootseed2158.npz,results/bootstrap_runs/nl300_m50_w50/ns_runs_out/ns_out_d12_nl300_m50_w50_n600_p12_ds415_lmin1of100_lseed415_lN1000_lpnsseed1000_nsseed1158.npz,0.29663598705784444,results/nl300_m50_w50/combined_nl300_m50_w50.npz,0.9942470056887136,0.9949359738163776
nl300_m50_w50,d12_nl300_m50_w50_n600_p12_ds415_lmin1of100_lseed415_lN1000_lpnsseed1000,d12_nl300_m50_w50_n600_p12_ds415,lmin1of100_lseed415_lN1000_lpnsseed1000,1159,2159,200,300,-181.68256696412453,26.271841897788192,0.3067843360432155,0.2959270287181633,1.0366891370892402,results/bootstrap_runs/nl300_m50_w50/boot_method3_out/boot3_d12_nl300_m50_w50_n600_p12_ds415_lmin1of100_lseed415_lN1000_lpnsseed1000_nsseed1159_bootseed2159.npz,results/bootstrap_runs/nl300_m50_w50/ns_runs_out/ns_out_d12_nl300_m50_w50_n600_p12_ds415_lmin1of100_lseed415_lN1000_lpnsseed1000_nsseed1159.npz,0.29663598705784444,results/nl300_m50_w50/combined_nl300_m50_w50.npz,1.0342114558858029,0.9976100056277295
nl300_m50_w50,d12_nl300_m50_w50_n600_p12_ds415_lmin1of100_lseed415_lN1000_lpnsseed1000,d12_nl300_m50_w50_n600_p12_ds415,lmin1of100_lseed415_lN1000_lpnsseed1000,1160,2160,200,300,-181.07313478046333,25.47637806304915,0.2898049533691932,0.2914125258292166,0.9944835162611866,results/bootstrap_runs/nl300_m50_w50/boot_method3_out/boot3_d12_nl300_m50_w50_n600_p12_ds415_lmin1of100_lseed415_lN1000_lpnsseed1000_nsseed1160_bootseed2160.npz,results/bootstrap_runs/nl300_m50_w50/ns_runs_out/ns_out_d12_nl300_m50_w50_n600_p12_ds415_lmin1of100_lseed415_lN1000_lpnsseed1000_nsseed1160.npz,0.29663598705784444,results/nl300_m50_w50/combined_nl300_m50_w50.npz,0.9769716622841207,0.9823910062955065
nl300_m50_w50,d12_nl300_m50_w50_n600_p12_ds415_lmin1of100_lseed415_lN1000_lpnsseed1000,d12_nl300_m50_w50_n600_p12_ds415,lmin1of100_lseed415_lN1000_lpnsseed1000,1161,2161,200,300,-181.11086171854217,25.73295387326463,0.30164361896463704,0.29287627577337516,1.029935313702384,results/bootstrap_runs/nl300_m50_w50/boot_method3_out/boot3_d12_nl300_m50_w50_n600_p12_ds415_lmin1of100_lseed415_lN1000_lpnsseed1000_nsseed1161_bootseed2161.npz,results/bootstrap_runs/nl300_m50_w50/ns_runs_out/ns_out_d12_nl300_m50_w50_n600_p12_ds415_lmin1of100_lseed415_lN1000_lpnsseed1000_nsseed1161.npz,0.29663598705784444,results/nl300_m50_w50/combined_nl300_m50_w50.npz,1.0168814038932374,0.9873255051696201
nl300_m50_w50,d12_nl300_m50_w50_n600_p12_ds415_lmin1of100_lseed415_lN1000_lpnsseed1000,d12_nl300_m50_w50_n600_p12_ds415,lmin1of100_lseed415_lN1000_lpnsseed1000,1162,2162,200,300,-182.0008521158734,26.385220390701967,0.29546554552123566,0.2965648911042459,0.9962930690179918,results/bootstrap_runs/nl300_m50_w50/boot_method3_out/boot3_d12_nl300_m50_w50_n600_p12_ds415_lmin1of100_lseed415_lN1000_lpnsseed1000_nsseed1162_bootseed2162.npz,results/bootstrap_runs/nl300_m50_w50/ns_runs_out/ns_out_d12_nl300_m50_w50_n600_p12_ds415_lmin1of100_lseed415_lN1000_lpnsseed1000_nsseed1162.npz,0.29663598705784444,results/nl300_m50_w50/combined_nl300_m50_w50.npz,0.9960542834056727,0.9997603259324545
nl300_m50_w50,d12_nl300_m50_w50_n600_p12_ds415_lmin1of100_lseed415_lN1000_lpnsseed1000,d12_nl300_m50_w50_n600_p12_ds415,lmin1of100_lseed415_lN1000_lpnsseed1000,1163,2163,200,300,-182.0009875761845,26.498460900971228,0.3062940104707966,0.2972006107046845,1.0305968407822277,results/bootstrap_runs/nl300_m50_w50/boot_method3_out/boot3_d12_nl300_m50_w50_n600_p12_ds415_lmin1of100_lseed415_lN1000_lpnsseed1000_nsseed1163_bootseed2163.npz,results/bootstrap_runs/nl300_m50_w50/ns_runs_out/ns_out_d12_nl300_m50_w50_n600_p12_ds415_lmin1of100_lseed415_lN1000_lpnsseed1000_nsseed1163.npz,0.29663598705784444,results/nl300_m50_w50/combined_nl300_m50_w50.npz,1.032558502118183,1.0019034226171957
nl300_m50_w50,d12_nl300_m50_w50_n600_p12_ds415_lmin1of100_lseed415_lN1000_lpnsseed1000,d12_nl300_m50_w50_n600_p12_ds415,lmin1of100_lseed415_lN1000_lpnsseed1000,1164,2164,200,300,-181.21815047506442,25.471161287766183,0.29242099344206324,0.29138268815978174,1.003563373269836,results/bootstrap_runs/nl300_m50_w50/boot_method3_out/boot3_d12_nl300_m50_w50_n600_p12_ds415_lmin1of100_lseed415_lN1000_lpnsseed1000_nsseed1164_bootseed2164.npz,results/bootstrap_runs/nl300_m50_w50/ns_runs_out/ns_out_d12_nl300_m50_w50_n600_p12_ds415_lmin1of100_lseed415_lN1000_lpnsseed1000_nsseed1164.npz,0.29663598705784444,results/nl300_m50_w50/combined_nl300_m50_w50.npz,0.9857906869035439,0.9822904194795546
nl300_m50_w50,d12_nl300_m50_w50_n600_p12_ds415_lmin1of100_lseed415_lN1000_lpnsseed1000,d12_nl300_m50_w50_n600_p12_ds415,lmin1of100_lseed415_lN1000_lpnsseed1000,1165,2165,200,300,-182.13081832323326,26.565954353868285,0.27831542295095457,0.2975788654786508,0.935266093253258,results/bootstrap_runs/nl300_m50_w50/boot_method3_out/boot3_d12_nl300_m50_w50_n600_p12_ds415_lmin1of100_lseed415_lN1000_lpnsseed1000_nsseed1165_bootseed2165.npz,results/bootstrap_runs/nl300_m50_w50/ns_runs_out/ns_out_d12_nl300_m50_w50_n600_p12_ds415_lmin1of100_lseed415_lN1000_lpnsseed1000_nsseed1165.npz,0.29663598705784444,results/nl300_m50_w50/combined_nl300_m50_w50.npz,0.938238902539774,1.0031785705778933
nl300_m50_w50,d12_nl300_m50_w50_n600_p12_ds415_lmin1of100_lseed415_lN1000_lpnsseed1000,d12_nl300_m50_w50_n600_p12_ds415,lmin1of100_lseed415_lN1000_lpnsseed1000,1166,2166,200,300,-181.71093067515733,26.297074956039108,0.2962584185228019,0.29606910767611394,1.000639414385965,results/bootstrap_runs/nl300_m50_w50/boot_method3_out/boot3_d12_nl300_m50_w50_n600_p12_ds415_lmin1of100_lseed415_lN1000_lpnsseed1000_nsseed1166_bootseed2166.npz,results/bootstrap_runs/nl300_m50_w50/ns_runs_out/ns_out_d12_nl300_m50_w50_n600_p12_ds415_lmin1of100_lseed415_lN1000_lpnsseed1000_nsseed1166.npz,0.29663598705784444,results/nl300_m50_w50/combined_nl300_m50_w50.npz,0.9987271654434533,0.9980889729956468
nl300_m50_w50,d12_nl300_m50_w50_n600_p12_ds415_lmin1of100_lseed415_lN1000_lpnsseed1000,d12_nl300_m50_w50_n600_p12_ds415,lmin1of100_lseed415_lN1000_lpnsseed1000,1167,2167,200,300,-181.3441888988603,25.720799677524617,0.27645439602198674,0.2928071019034239,0.9441519492692129,results/bootstrap_runs/nl300_m50_w50/boot_method3_out/boot3_d12_nl300_m50_w50_n600_p12_ds415_lmin1of100_lseed415_lN1000_lpnsseed1000_nsseed1167_bootseed2167.npz,results/bootstrap_runs/nl300_m50_w50/ns_runs_out/ns_out_d12_nl300_m50_w50_n600_p12_ds415_lmin1of100_lseed415_lN1000_lpnsseed1000_nsseed1167.npz,0.29663598705784444,results/nl300_m50_w50/combined_nl300_m50_w50.npz,0.9319651292615341,0.9870923107058015
nl300_m50_w50,d12_nl300_m50_w50_n600_p12_ds415_lmin1of100_lseed415_lN1000_lpnsseed1000,d12_nl300_m50_w50_n600_p12_ds415,lmin1of100_lseed415_lN1000_lpnsseed1000,1168,2168,200,300,-181.94940125392492,26.15887889164671,0.27260519000652794,0.29529013355030287,0.9231774415520371,results/bootstrap_runs/nl300_m50_w50/boot_method3_out/boot3_d12_nl300_m50_w50_n600_p12_ds415_lmin1of100_lseed415_lN1000_lpnsseed1000_nsseed1168_bootseed2168.npz,results/bootstrap_runs/nl300_m50_w50/ns_runs_out/ns_out_d12_nl300_m50_w50_n600_p12_ds415_lmin1of100_lseed415_lN1000_lpnsseed1000_nsseed1168.npz,0.29663598705784444,results/nl300_m50_w50/combined_nl300_m50_w50.npz,0.918988935598598,0.9954629459463422
nl300_m50_w50,d12_nl300_m50_w50_n600_p12_ds415_lmin1of100_lseed415_lN1000_lpnsseed1000,d12_nl300_m50_w50_n600_p12_ds415,lmin1of100_lseed415_lN1000_lpnsseed1000,1169,2169,200,300,-181.51485634206867,26.021900309961897,0.3149010277822062,0.2945159888696588,1.0692153895983183,results/bootstrap_runs/nl300_m50_w50/boot_method3_out/boot3_d12_nl300_m50_w50_n600_p12_ds415_lmin1of100_lseed415_lN1000_lpnsseed1000_nsseed1169_bootseed2169.npz,results/bootstrap_runs/nl300_m50_w50/ns_runs_out/ns_out_d12_nl300_m50_w50_n600_p12_ds415_lmin1of100_lseed415_lN1000_lpnsseed1000_nsseed1169.npz,0.29663598705784444,results/nl300_m50_w50/combined_nl300_m50_w50.npz,1.0615739206342487,0.9928531996093507
nl300_m50_w50,d12_nl300_m50_w50_n600_p12_ds415_lmin1of100_lseed415_lN1000_lpnsseed1000,d12_nl300_m50_w50_n600_p12_ds415,lmin1of100_lseed415_lN1000_lpnsseed1000,1170,2170,200,300,-182.12085912776828,26.576558401764892,0.3103774974929211,0.2976382502399229,1.042801109208004,results/bootstrap_runs/nl300_m50_w50/boot_method3_out/boot3_d12_nl300_m50_w50_n600_p12_ds415_lmin1of100_lseed415_lN1000_lpnsseed1000_nsseed1170_bootseed2170.npz,results/bootstrap_runs/nl300_m50_w50/ns_runs_out/ns_out_d12_nl300_m50_w50_n600_p12_ds415_lmin1of100_lseed415_lN1000_lpnsseed1000_nsseed1170.npz,0.29663598705784444,results/nl300_m50_w50/combined_nl300_m50_w50.npz,1.0463244887155145,1.0033787646334462
nl300_m50_w50,d12_nl300_m50_w50_n600_p12_ds415_lmin1of100_lseed415_lN1000_lpnsseed1000,d12_nl300_m50_w50_n600_p12_ds415,lmin1of100_lseed415_lN1000_lpnsseed1000,1171,2171,200,300,-181.6367404704327,26.30241071423545,0.29113832639804743,0.29609914282345506,0.9832460966347158,results/bootstrap_runs/nl300_m50_w50/boot_method3_out/boot3_d12_nl300_m50_w50_n600_p12_ds415_lmin1of100_lseed415_lN1000_lpnsseed1000_nsseed1171_bootseed2171.npz,results/bootstrap_runs/nl300_m50_w50/ns_runs_out/ns_out_d12_nl300_m50_w50_n600_p12_ds415_lmin1of100_lseed415_lN1000_lpnsseed1000_nsseed1171.npz,0.29663598705784444,results/nl300_m50_w50/combined_nl300_m50_w50.npz,0.9814666429575014,0.998190225536308
nl300_m50_w50,d12_nl300_m50_w50_n600_p12_ds415_lmin1of100_lseed415_lN1000_lpnsseed1000,d12_nl300_m50_w50_n600_p12_ds415,lmin1of100_lseed415_lN1000_lpnsseed1000,1172,2172,200,300,-181.9248156112123,26.248131996728056,0.28607097890993655,0.2957934639616414,0.967130832028913,results/bootstrap_runs/nl300_m50_w50/boot_method3_out/boot3_d12_nl300_m50_w50_n600_p12_ds415_lmin1of100_lseed415_lN1000_lpnsseed1000_nsseed1172_bootseed2172.npz,results/bootstrap_runs/nl300_m50_w50/ns_runs_out/ns_out_d12_nl300_m50_w50_n600_p12_ds415_lmin1of100_lseed415_lN1000_lpnsseed1000_nsseed1172.npz,0.29663598705784444,results/nl300_m50_w50/combined_nl300_m50_w50.npz,0.9643839297696281,0.9971597407834447
nl300_m50_w50,d12_nl300_m50_w50_n600_p12_ds415_lmin1of100_lseed415_lN1000_lpnsseed1000,d12_nl300_m50_w50_n600_p12_ds415,lmin1of100_lseed415_lN1000_lpnsseed1000,1173,2173,200,300,-181.7875918887826,26.194574766424385,0.2926565831965945,0.2954915383245595,0.990405968495615,results/bootstrap_runs/nl300_m50_w50/boot_method3_out/boot3_d12_nl300_m50_w50_n600_p12_ds415_lmin1of100_lseed415_lN1000_lpnsseed1000_nsseed1173_bootseed2173.npz,results/bootstrap_runs/nl300_m50_w50/ns_runs_out/ns_out_d12_nl300_m50_w50_n600_p12_ds415_lmin1of100_lseed415_lN1000_lpnsseed1000_nsseed1173.npz,0.29663598705784444,results/nl300_m50_w50/combined_nl300_m50_w50.npz,0.9865848918038593,0.9961419086583659
nl300_m50_w50,d12_nl300_m50_w50_n600_p12_ds415_lmin1of100_lseed415_lN1000_lpnsseed1000,d12_nl300_m50_w50_n600_p12_ds415,lmin1of100_lseed415_lN1000_lpnsseed1000,1174,2174,200,300,-181.84045186098803,25.99144228223688,0.2976832702480207,0.29434357635387526,1.0113462435141791,results/bootstrap_runs/nl300_m50_w50/boot_method3_out/boot3_d12_nl300_m50_w50_n600_p12_ds415_lmin1of100_lseed415_lN1000_lpnsseed1000_nsseed1174_bootseed2174.npz,results/bootstrap_runs/nl300_m50_w50/ns_runs_out/ns_out_d12_nl300_m50_w50_n600_p12_ds415_lmin1of100_lseed415_lN1000_lpnsseed1000_nsseed1174.npz,0.29663598705784444,results/nl300_m50_w50/combined_nl300_m50_w50.npz,1.0035305331647844,0.9922719737186771
nl300_m50_w50,d12_nl300_m50_w50_n600_p12_ds415_lmin1of100_lseed415_lN1000_lpnsseed1000,d12_nl300_m50_w50_n600_p12_ds415,lmin1of100_lseed415_lN1000_lpnsseed1000,1175,2175,200,300,-181.68810825732697,26.349042123958906,0.2841120491724658,0.2963615029203293,0.9586671898098839,results/bootstrap_runs/nl300_m50_w50/boot_method3_out/boot3_d12_nl300_m50_w50_n600_p12_ds415_lmin1of100_lseed415_lN1000_lpnsseed1000_nsseed1175_bootseed2175.npz,results/bootstrap_runs/nl300_m50_w50/ns_runs_out/ns_out_d12_nl300_m50_w50_n600_p12_ds415_lmin1of100_lseed415_lN1000_lpnsseed1000_nsseed1175.npz,0.29663598705784444,results/nl300_m50_w50/combined_nl300_m50_w50.npz,0.9577801128932598,0.9990746768784274
nl300_m50_w50,d12_nl300_m50_w50_n600_p12_ds415_lmin1of100_lseed415_lN1000_lpnsseed1000,d12_nl300_m50_w50_n600_p12_ds415,lmin1of100_lseed415_lN1000_lpnsseed1000,1176,2176,200,300,-182.05715862777012,26.32338867584053,0.2982228868637267,0.2962171988920772,1.0067710044492733,results/bootstrap_runs/nl300_m50_w50/boot_method3_out/boot3_d12_nl300_m50_w50_n600_p12_ds415_lmin1of100_lseed415_lN1000_lpnsseed1000_nsseed1176_bootseed2176.npz,results/bootstrap_runs/nl300_m50_w50/ns_runs_out/ns_out_d12_nl300_m50_w50_n600_p12_ds415_lmin1of100_lseed415_lN1000_lpnsseed1000_nsseed1176.npz,0.29663598705784444,results/nl300_m50_w50/combined_nl300_m50_w50.npz,1.0053496537005566,0.998588208497826
nl300_m50_w50,d12_nl300_m50_w50_n600_p12_ds415_lmin1of100_lseed415_lN1000_lpnsseed1000,d12_nl300_m50_w50_n600_p12_ds415,lmin1of100_lseed415_lN1000_lpnsseed1000,1177,2177,200,300,-182.32973867840929,26.723900918050678,0.2925121177350444,0.29846217470030534,0.9800642846242221,results/bootstrap_runs/nl300_m50_w50/boot_method3_out/boot3_d12_nl300_m50_w50_n600_p12_ds415_lmin1of100_lseed415_lN1000_lpnsseed1000_nsseed1177_bootseed2177.npz,results/bootstrap_runs/nl300_m50_w50/ns_runs_out/ns_out_d12_nl300_m50_w50_n600_p12_ds415_lmin1of100_lseed415_lN1000_lpnsseed1000_nsseed1177.npz,0.29663598705784444,results/nl300_m50_w50/combined_nl300_m50_w50.npz,0.9860978792097942,1.0061563253352157
nl300_m50_w50,d12_nl300_m50_w50_n600_p12_ds415_lmin1of100_lseed415_lN1000_lpnsseed1000,d12_nl300_m50_w50_n600_p12_ds415,lmin1of100_lseed415_lN1000_lpnsseed1000,1178,2178,200,300,-181.7735140118473,26.09121534683713,0.304586097269896,0.2949079819584245,1.0328174071356127,results/bootstrap_runs/nl300_m50_w50/boot_method3_out/boot3_d12_nl300_m50_w50_n600_p12_ds415_lmin1of100_lseed415_lN1000_lpnsseed1000_nsseed1178_bootseed2178.npz,results/bootstrap_runs/nl300_m50_w50/ns_runs_out/ns_out_d12_nl300_m50_w50_n600_p12_ds415_lmin1of100_lseed415_lN1000_lpnsseed1000_nsseed1178.npz,0.29663598705784444,results/nl300_m50_w50/combined_nl300_m50_w50.npz,1.0268008959091712,0.994174661285844
nl300_m50_w50,d12_nl300_m50_w50_n600_p12_ds415_lmin1of100_lseed415_lN1000_lpnsseed1000,d12_nl300_m50_w50_n600_p12_ds415,lmin1of100_lseed415_lN1000_lpnsseed1000,1179,2179,200,300,-181.27638117278215,26.009494931920738,0.30391608735527414,0.29444577843761965,1.0321631675886325,results/bootstrap_runs/nl300_m50_w50/boot_method3_out/boot3_d12_nl300_m50_w50_n600_p12_ds415_lmin1of100_lseed415_lN1000_lpnsseed1000_nsseed1179_bootseed2179.npz,results/bootstrap_runs/nl300_m50_w50/ns_runs_out/ns_out_d12_nl300_m50_w50_n600_p12_ds415_lmin1of100_lseed415_lN1000_lpnsseed1000_nsseed1179.npz,0.29663598705784444,results/nl300_m50_w50/combined_nl300_m50_w50.npz,1.0245422019412973,0.992616510754652
nl300_m50_w50,d12_nl300_m50_w50_n600_p12_ds415_lmin1of100_lseed415_lN1000_lpnsseed1000,d12_nl300_m50_w50_n600_p12_ds415,lmin1of100_lseed415_lN1000_lpnsseed1000,1180,2180,200,300,-181.240172419058,25.948474747785866,0.2922127152354355,0.29410017991485976,0.9935822389501066,results/bootstrap_runs/nl300_m50_w50/boot_method3_out/boot3_d12_nl300_m50_w50_n600_p12_ds415_lmin1of100_lseed415_lN1000_lpnsseed1000_nsseed1180_bootseed2180.npz,results/bootstrap_runs/nl300_m50_w50/ns_runs_out/ns_out_d12_nl300_m50_w50_n600_p12_ds415_lmin1of100_lseed415_lN1000_lpnsseed1000_nsseed1180.npz,0.29663598705784444,results/nl300_m50_w50/combined_nl300_m50_w50.npz,0.9850885529221161,0.9914514514299636
nl300_m50_w50,d12_nl300_m50_w50_n600_p12_ds415_lmin1of100_lseed415_lN1000_lpnsseed1000,d12_nl300_m50_w50_n600_p12_ds415,lmin1of100_lseed415_lN1000_lpnsseed1000,1181,2181,200,300,-181.3109664874904,25.876481607547223,0.32012802147578556,0.2936919111787454,1.0900130691067986,results/bootstrap_runs/nl300_m50_w50/boot_method3_out/boot3_d12_nl300_m50_w50_n600_p12_ds415_lmin1of100_lseed415_lN1000_lpnsseed1000_nsseed1181_bootseed2181.npz,results/bootstrap_runs/nl300_m50_w50/ns_runs_out/ns_out_d12_nl300_m50_w50_n600_p12_ds415_lmin1of100_lseed415_lN1000_lpnsseed1000_nsseed1181.npz,0.29663598705784444,results/nl300_m50_w50/combined_nl300_m50_w50.npz,1.0791948227554742,0.9900751223467537
nl300_m50_w50,d12_nl300_m50_w50_n600_p12_ds415_lmin1of100_lseed415_lN1000_lpnsseed1000,d12_nl300_m50_w50_n600_p12_ds415,lmin1of100_lseed415_lN1000_lpnsseed1000,1182,2182,200,300,-181.37080334825382,26.159082216676087,0.2875363911313751,0.29529128114838343,0.9737381679985616,results/bootstrap_runs/nl300_m50_w50/boot_method3_out/boot3_d12_nl300_m50_w50_n600_p12_ds415_lmin1of100_lseed415_lN1000_lpnsseed1000_nsseed1182_bootseed2182.npz,results/bootstrap_runs/nl300_m50_w50/ns_runs_out/ns_out_d12_nl300_m50_w50_n600_p12_ds415_lmin1of100_lseed415_lN1000_lpnsseed1000_nsseed1182.npz,0.29663598705784444,results/nl300_m50_w50/combined_nl300_m50_w50.npz,0.9693240324050941,0.9954668146545591
nl300_m50_w50,d12_nl300_m50_w50_n600_p12_ds415_lmin1of100_lseed415_lN1000_lpnsseed1000,d12_nl300_m50_w50_n600_p12_ds415,lmin1of100_lseed415_lN1000_lpnsseed1000,1183,2183,200,300,-181.74684271833067,26.315127055208784,0.29508341049442305,0.29617071121910293,0.9963288040191269,results/bootstrap_runs/nl300_m50_w50/boot_method3_out/boot3_d12_nl300_m50_w50_n600_p12_ds415_lmin1of100_lseed415_lN1000_lpnsseed1000_nsseed1183_bootseed2183.npz,results/bootstrap_runs/nl300_m50_w50/ns_runs_out/ns_out_d12_nl300_m50_w50_n600_p12_ds415_lmin1of100_lseed415_lN1000_lpnsseed1000_nsseed1183.npz,0.29663598705784444,results/nl300_m50_w50/combined_nl300_m50_w50.npz,0.9947660545882498,0.998431492269848
nl300_m50_w50,d12_nl300_m50_w50_n600_p12_ds415_lmin1of100_lseed415_lN1000_lpnsseed1000,d12_nl300_m50_w50_n600_p12_ds415,lmin1of100_lseed415_lN1000_lpnsseed1000,1184,2184,200,300,-181.60487901613547,25.91583433839157,0.29526569725135265,0.29391514840393174,1.0045950297381911,results/bootstrap_runs/nl300_m50_w50/boot_method3_out/boot3_d12_nl300_m50_w50_n600_p12_ds415_lmin1of100_lseed415_lN1000_lpnsseed1000_nsseed1184_bootseed2184.npz,results/bootstrap_runs/nl300_m50_w50/ns_runs_out/ns_out_d12_nl300_m50_w50_n600_p12_ds415_lmin1of100_lseed415_lN1000_lpnsseed1000_nsseed1184.npz,0.29663598705784444,results/nl300_m50_w50/combined_nl300_m50_w50.npz,0.9953805678802398,0.9908276852013167
nl300_m50_w50,d12_nl300_m50_w50_n600_p12_ds415_lmin1of100_lseed415_lN1000_lpnsseed1000,d12_nl300_m50_w50_n600_p12_ds415,lmin1of100_lseed415_lN1000_lpnsseed1000,1185,2185,200,300,-181.67643233823387,26.037483463721294,0.2903986385367521,0.2946041607746531,0.9857248376029627,results/bootstrap_runs/nl300_m50_w50/boot_method3_out/boot3_d12_nl300_m50_w50_n600_p12_ds415_lmin1of100_lseed415_lN1000_lpnsseed1000_nsseed1185_bootseed2185.npz,results/bootstrap_runs/nl300_m50_w50/ns_runs_out/ns_out_d12_nl300_m50_w50_n600_p12_ds415_lmin1of100_lseed415_lN1000_lpnsseed1000_nsseed1185.npz,0.29663598705784444,results/nl300_m50_w50/combined_nl300_m50_w50.npz,0.978973055215057,0.9931504390167094
nl300_m50_w50,d12_nl300_m50_w50_n600_p12_ds415_lmin1of100_lseed415_lN1000_lpnsseed1000,d12_nl300_m50_w50_n600_p12_ds415,lmin1of100_lseed415_lN1000_lpnsseed1000,1186,2186,200,300,-181.62458610611756,25.87779482147652,0.3111469322047435,0.2936993634170636,1.0594062192872502,results/bootstrap_runs/nl300_m50_w50/boot_method3_out/boot3_d12_nl300_m50_w50_n600_p12_ds415_lmin1of100_lseed415_lN1000_lpnsseed1000_nsseed1186_bootseed2186.npz,results/bootstrap_runs/nl300_m50_w50/ns_runs_out/ns_out_d12_nl300_m50_w50_n600_p12_ds415_lmin1of100_lseed415_lN1000_lpnsseed1000_nsseed1186.npz,0.29663598705784444,results/nl300_m50_w50/combined_nl300_m50_w50.npz,1.0489183571110992,0.990100244849226
nl300_m50_w50,d12_nl300_m50_w50_n600_p12_ds415_lmin1of100_lseed415_lN1000_lpnsseed1000,d12_nl300_m50_w50_n600_p12_ds415,lmin1of100_lseed415_lN1000_lpnsseed1000,1187,2187,200,300,-181.665641146066,26.190334615911468,0.2981039660483603,0.2954676215533126,1.0089226172437715,results/bootstrap_runs/nl300_m50_w50/boot_method3_out/boot3_d12_nl300_m50_w50_n600_p12_ds415_lmin1of100_lseed415_lN1000_lpnsseed1000_nsseed1187_bootseed2187.npz,results/bootstrap_runs/nl300_m50_w50/ns_runs_out/ns_out_d12_nl300_m50_w50_n600_p12_ds415_lmin1of100_lseed415_lN1000_lpnsseed1000_nsseed1187.npz,0.29663598705784444,results/nl300_m50_w50/combined_nl300_m50_w50.npz,1.0049487555609011,0.9960612819903607
nl300_m50_w50,d12_nl300_m50_w50_n600_p12_ds415_lmin1of100_lseed415_lN1000_lpnsseed1000,d12_nl300_m50_w50_n600_p12_ds415,lmin1of100_lseed415_lN1000_lpnsseed1000,1188,2188,200,300,-181.32861519239626,25.511739449014282,0.3104238408871113,0.2916146969833898,1.0644999861059568,results/bootstrap_runs/nl300_m50_w50/boot_method3_out/boot3_d12_nl300_m50_w50_n600_p12_ds415_lmin1of100_lseed415_lN1000_lpnsseed1000_nsseed1188_bootseed2188.npz,results/bootstrap_runs/nl300_m50_w50/ns_runs_out/ns_out_d12_nl300_m50_w50_n600_p12_ds415_lmin1of100_lseed415_lN1000_lpnsseed1000_nsseed1188.npz,0.29663598705784444,results/nl300_m50_w50/combined_nl300_m50_w50.npz,1.0464807185602136,0.9830725525777981
nl300_m50_w50,d12_nl300_m50_w50_n600_p12_ds415_lmin1of100_lseed415_lN1000_lpnsseed1000,d12_nl300_m50_w50_n600_p12_ds415,lmin1of100_lseed415_lN1000_lpnsseed1000,1189,2189,200,300,-181.24650254788125,25.854091480516846,0.2926324598723653,0.29356482237328124,0.9968239978707993,results/bootstrap_runs/nl300_m50_w50/boot_method3_out/boot3_d12_nl300_m50_w50_n600_p12_ds415_lmin1of100_lseed415_lN1000_lpnsseed1000_nsseed1189_bootseed2189.npz,results/bootstrap_runs/nl300_m50_w50/ns_runs_out/ns_out_d12_nl300_m50_w50_n600_p12_ds415_lmin1of100_lseed415_lN1000_lpnsseed1000_nsseed1189.npz,0.29663598705784444,results/nl300_m50_w50/combined_nl300_m50_w50.npz,0.9865035688178372,0.9896466888086498
nl300_m50_w50,d12_nl300_m50_w50_n600_p12_ds415_lmin1of100_lseed415_lN1000_lpnsseed1000,d12_nl300_m50_w50_n600_p12_ds415,lmin1of100_lseed415_lN1000_lpnsseed1000,1190,2190,200,300,-181.6926379364563,25.964233070509565,0.2755294850638577,0.29418946882640995,0.9365715440563144,results/bootstrap_runs/nl300_m50_w50/boot_method3_out/boot3_d12_nl300_m50_w50_n600_p12_ds415_lmin1of100_lseed415_lN1000_lpnsseed1000_nsseed1190_bootseed2190.npz,results/bootstrap_runs/nl300_m50_w50/ns_runs_out/ns_out_d12_nl300_m50_w50_n600_p12_ds415_lmin1of100_lseed415_lN1000_lpnsseed1000_nsseed1190.npz,0.29663598705784444,results/nl300_m50_w50/combined_nl300_m50_w50.npz,0.9288471294284637,0.9917524564173752
nl300_m50_w50,d12_nl300_m50_w50_n600_p12_ds415_lmin1of100_lseed415_lN1000_lpnsseed1000,d12_nl300_m50_w50_n600_p12_ds415,lmin1of100_lseed415_lN1000_lpnsseed1000,1191,2191,200,300,-181.9828534088116,26.476099313372327,0.32350766808200526,0.2970751830394248,1.0889757426794975,results/bootstrap_runs/nl300_m50_w50/boot_method3_out/boot3_d12_nl300_m50_w50_n600_p12_ds415_lmin1of100_lseed415_lN1000_lpnsseed1000_nsseed1191_bootseed2191.npz,results/bootstrap_runs/nl300_m50_w50/ns_runs_out/ns_out_d12_nl300_m50_w50_n600_p12_ds415_lmin1of100_lseed415_lN1000_lpnsseed1000_nsseed1191.npz,0.29663598705784444,results/nl300_m50_w50/combined_nl300_m50_w50.npz,1.0905880681932256,1.0014805890072087
nl300_m50_w50,d12_nl300_m50_w50_n600_p12_ds415_lmin1of100_lseed415_lN1000_lpnsseed1000,d12_nl300_m50_w50_n600_p12_ds415,lmin1of100_lseed415_lN1000_lpnsseed1000,1192,2192,200,300,-181.68078844522938,26.05142247753866,0.2968794977223041,0.2946830075269507,1.0074537388965412,results/bootstrap_runs/nl300_m50_w50/boot_method3_out/boot3_d12_nl300_m50_w50_n600_p12_ds415_lmin1of100_lseed415_lN1000_lpnsseed1000_nsseed1192_bootseed2192.npz,results/bootstrap_runs/nl300_m50_w50/ns_runs_out/ns_out_d12_nl300_m50_w50_n600_p12_ds415_lmin1of100_lseed415_lN1000_lpnsseed1000_nsseed1192.npz,0.29663598705784444,results/nl300_m50_w50/combined_nl300_m50_w50.npz,1.0008209073581222,0.9934162420741186
nl300_m50_w50,d12_nl300_m50_w50_n600_p12_ds415_lmin1of100_lseed415_lN1000_lpnsseed1000,d12_nl300_m50_w50_n600_p12_ds415,lmin1of100_lseed415_lN1000_lpnsseed1000,1193,2193,200,300,-182.06494587918561,26.674555115789836,0.3073390224123047,0.29818649151042953,1.0306939823313728,results/bootstrap_runs/nl300_m50_w50/boot_method3_out/boot3_d12_nl300_m50_w50_n600_p12_ds415_lmin1of100_lseed415_lN1000_lpnsseed1000_nsseed1193_bootseed2193.npz,results/bootstrap_runs/nl300_m50_w50/ns_runs_out/ns_out_d12_nl300_m50_w50_n600_p12_ds415_lmin1of100_lseed415_lN1000_lpnsseed1000_nsseed1193.npz,0.29663598705784444,results/nl300_m50_w50/combined_nl300_m50_w50.npz,1.0360813785967686,1.0052269600460944
nl300_m50_w50,d12_nl300_m50_w50_n600_p12_ds415_lmin1of100_lseed415_lN1000_lpnsseed1000,d12_nl300_m50_w50_n600_p12_ds415,lmin1of100_lseed415_lN1000_lpnsseed1000,1194,2194,200,300,-181.86443918210412,26.416168137039453,0.29237020414168063,0.2967387635448586,0.9852780966295374,results/bootstrap_runs/nl300_m50_w50/boot_method3_out/boot3_d12_nl300_m50_w50_n600_p12_ds415_lmin1of100_lseed415_lN1000_lpnsseed1000_nsseed1194_bootseed2194.npz,results/bootstrap_runs/nl300_m50_w50/ns_runs_out/ns_out_d12_nl300_m50_w50_n600_p12_ds415_lmin1of100_lseed415_lN1000_lpnsseed1000_nsseed1194.npz,0.29663598705784444,results/nl300_m50_w50/combined_nl300_m50_w50.npz,0.985619469308247,1.0003464734270227
nl300_m50_w50,d12_nl300_m50_w50_n600_p12_ds415_lmin1of100_lseed415_lN1000_lpnsseed1000,d12_nl300_m50_w50_n600_p12_ds415,lmin1of100_lseed415_lN1000_lpnsseed1000,1195,2195,200,300,-181.55351307152787,26.003628085026364,0.28358180593160653,0.29441256814786493,0.9632122966611304,results/bootstrap_runs/nl300_m50_w50/boot_method3_out/boot3_d12_nl300_m50_w50_n600_p12_ds415_lmin1of100_lseed415_lN1000_lpnsseed1000_nsseed1195_bootseed2195.npz,results/bootstrap_runs/nl300_m50_w50/ns_runs_out/ns_out_d12_nl300_m50_w50_n600_p12_ds415_lmin1of100_lseed415_lN1000_lpnsseed1000_nsseed1195.npz,0.29663598705784444,results/nl300_m50_w50/combined_nl300_m50_w50.npz,0.9559925912708214,0.9925045543798233
nl300_m50_w50,d12_nl300_m50_w50_n600_p12_ds415_lmin1of100_lseed415_lN1000_lpnsseed1000,d12_nl300_m50_w50_n600_p12_ds415,lmin1of100_lseed415_lN1000_lpnsseed1000,1196,2196,200,300,-181.31343847754104,25.846276589165647,0.28599290699292096,0.2935204512418493,0.9743542767903218,results/bootstrap_runs/nl300_m50_w50/boot_method3_out/boot3_d12_nl300_m50_w50_n600_p12_ds415_lmin1of100_lseed415_lN1000_lpnsseed1000_nsseed1196_bootseed2196.npz,results/bootstrap_runs/nl300_m50_w50/ns_runs_out/ns_out_d12_nl300_m50_w50_n600_p12_ds415_lmin1of100_lseed415_lN1000_lpnsseed1000_nsseed1196.npz,0.29663598705784444,results/nl300_m50_w50/combined_nl300_m50_w50.npz,0.9641207387866663,0.989497107728242
nl300_m50_w50,d12_nl300_m50_w50_n600_p12_ds415_lmin1of100_lseed415_lN1000_lpnsseed1000,d12_nl300_m50_w50_n600_p12_ds415,lmin1of100_lseed415_lN1000_lpnsseed1000,1197,2197,200,300,-181.02316149769595,25.558161209480314,0.2800461180353257,0.29187989087682575,0.959456703899845,results/bootstrap_runs/nl300_m50_w50/boot_method3_out/boot3_d12_nl300_m50_w50_n600_p12_ds415_lmin1of100_lseed415_lN1000_lpnsseed1000_nsseed1197_bootseed2197.npz,results/bootstrap_runs/nl300_m50_w50/ns_runs_out/ns_out_d12_nl300_m50_w50_n600_p12_ds415_lmin1of100_lseed415_lN1000_lpnsseed1000_nsseed1197.npz,0.29663598705784444,results/nl300_m50_w50/combined_nl300_m50_w50.npz,0.9440733095567272,0.9839665570310886
nl300_m50_w50,d12_nl300_m50_w50_n600_p12_ds415_lmin1of100_lseed415_lN1000_lpnsseed1000,d12_nl300_m50_w50_n600_p12_ds415,lmin1of100_lseed415_lN1000_lpnsseed1000,1198,2198,200,300,-182.16315824973267,26.590513187599157,0.3079147865157826,0.29771638174387355,1.034255437044384,results/bootstrap_runs/nl300_m50_w50/boot_method3_out/boot3_d12_nl300_m50_w50_n600_p12_ds415_lmin1of100_lseed415_lN1000_lpnsseed1000_nsseed1198_bootseed2198.npz,results/bootstrap_runs/nl300_m50_w50/ns_runs_out/ns_out_d12_nl300_m50_w50_n600_p12_ds415_lmin1of100_lseed415_lN1000_lpnsseed1000_nsseed1198.npz,0.29663598705784444,results/nl300_m50_w50/combined_nl300_m50_w50.npz,1.0380223571988207,1.0036421564920188
nl300_m50_w50,d12_nl300_m50_w50_n600_p12_ds415_lmin1of100_lseed415_lN1000_lpnsseed1000,d12_nl300_m50_w50_n600_p12_ds415,lmin1of100_lseed415_lN1000_lpnsseed1000,1199,2199,200,300,-181.66556743645134,26.187282782948536,0.26160062298414904,0.2954504063456817,0.8854298974226901,results/bootstrap_runs/nl300_m50_w50/boot_method3_out/boot3_d12_nl300_m50_w50_n600_p12_ds415_lmin1of100_lseed415_lN1000_lpnsseed1000_nsseed1199_bootseed2199.npz,results/bootstrap_runs/nl300_m50_w50/ns_runs_out/ns_out_d12_nl300_m50_w50_n600_p12_ds415_lmin1of100_lseed415_lN1000_lpnsseed1000_nsseed1199.npz,0.29663598705784444,results/nl300_m50_w50/combined_nl300_m50_w50.npz,0.8818910530000412,0.9960032471989599
nl300_m50_w50,d12_nl300_m50_w50_n600_p12_ds415_lmin1of100_lseed415_lN1000_lpnsseed1000,d12_nl300_m50_w50_n600_p12_ds415,lmin1of100_lseed415_lN1000_lpnsseed1000,1200,2200,200,300,-181.9654353340818,26.20109088946382,0.2654538018656912,0.2955282890546116,0.8982348279241624,results/bootstrap_runs/nl300_m50_w50/boot_method3_out/boot3_d12_nl300_m50_w50_n600_p12_ds415_lmin1of100_lseed415_lN1000_lpnsseed1000_nsseed1200_bootseed2200.npz,results/bootstrap_runs/nl300_m50_w50/ns_runs_out/ns_out_d12_nl300_m50_w50_n600_p12_ds415_lmin1of100_lseed415_lN1000_lpnsseed1000_nsseed1200.npz,0.29663598705784444,results/nl300_m50_w50/combined_nl300_m50_w50.npz,0.8948806397314406,0.9962658003358951
nl300_m50_w50,d12_nl300_m50_w50_n600_p12_ds415_lmin1of100_lseed415_lN1000_lpnsseed1000,d12_nl300_m50_w50_n600_p12_ds415,lmin1of100_lseed415_lN1000_lpnsseed1000,1201,2201,200,300,-182.11941385304326,26.331110332625762,0.27860698928279926,0.2962606416239241,0.9404117528256265,results/bootstrap_runs/nl300_m50_w50/boot_method3_out/boot3_d12_nl300_m50_w50_n600_p12_ds415_lmin1of100_lseed415_lN1000_lpnsseed1000_nsseed1201_bootseed2201.npz,results/bootstrap_runs/nl300_m50_w50/ns_runs_out/ns_out_d12_nl300_m50_w50_n600_p12_ds415_lmin1of100_lseed415_lN1000_lpnsseed1000_nsseed1201.npz,0.29663598705784444,results/nl300_m50_w50/combined_nl300_m50_w50.npz,0.9392218120469331,0.9987346598177681
nl300_m50_w50,d12_nl300_m50_w50_n600_p12_ds415_lmin1of100_lseed415_lN1000_lpnsseed1000,d12_nl300_m50_w50_n600_p12_ds415,lmin1of100_lseed415_lN1000_lpnsseed1000,1202,2202,200,300,-181.6434954036127,26.086782005796962,0.3270530383970733,0.29488292595422205,1.1090945240005023,results/bootstrap_runs/nl300_m50_w50/boot_method3_out/boot3_d12_nl300_m50_w50_n600_p12_ds415_lmin1of100_lseed415_lN1000_lpnsseed1000_nsseed1202_bootseed2202.npz,results/bootstrap_runs/nl300_m50_w50/ns_runs_out/ns_out_d12_nl300_m50_w50_n600_p12_ds415_lmin1of100_lseed415_lN1000_lpnsseed1000_nsseed1202.npz,0.29663598705784444,results/nl300_m50_w50/combined_nl300_m50_w50.npz,1.1025399906495414,0.9940901941095888
nl300_m50_w50,d12_nl300_m50_w50_n600_p12_ds415_lmin1of100_lseed415_lN1000_lpnsseed1000,d12_nl300_m50_w50_n600_p12_ds415,lmin1of100_lseed415_lN1000_lpnsseed1000,1203,2203,200,300,-181.33726729790192,25.808366665732784,0.3049945042244507,0.2933051122735094,1.039854034115985,results/bootstrap_runs/nl300_m50_w50/boot_method3_out/boot3_d12_nl300_m50_w50_n600_p12_ds415_lmin1of100_lseed415_lN1000_lpnsseed1000_nsseed1203_bootseed2203.npz,results/bootstrap_runs/nl300_m50_w50/ns_runs_out/ns_out_d12_nl300_m50_w50_n600_p12_ds415_lmin1of100_lseed415_lN1000_lpnsseed1000_nsseed1203.npz,0.29663598705784444,results/nl300_m50_w50/combined_nl300_m50_w50.npz,1.0281776909454223,0.9887711709648853
nl300_m50_w50,d12_nl300_m50_w50_n600_p12_ds415_lmin1of100_lseed415_lN1000_lpnsseed1000,d12_nl300_m50_w50_n600_p12_ds415,lmin1of100_lseed415_lN1000_lpnsseed1000,1204,2204,200,300,-181.35917812394717,25.840322406785173,0.28380281159207654,0.2934866402796169,0.9670041924964142,results/bootstrap_runs/nl300_m50_w50/boot_method3_out/boot3_d12_nl300_m50_w50_n600_p12_ds415_lmin1of100_lseed415_lN1000_lpnsseed1000_nsseed1204_bootseed2204.npz,results/bootstrap_runs/nl300_m50_w50/ns_runs_out/ns_out_d12_nl300_m50_w50_n600_p12_ds415_lmin1of100_lseed415_lN1000_lpnsseed1000_nsseed1204.npz,0.29663598705784444,results/nl300_m50_w50/combined_nl300_m50_w50.npz,0.95673763121915,0.9893831264053157
nl300_m50_w50,d12_nl300_m50_w50_n600_p12_ds415_lmin1of100_lseed415_lN1000_lpnsseed1000,d12_nl300_m50_w50_n600_p12_ds415,lmin1of100_lseed415_lN1000_lpnsseed1000,1205,2205,200,300,-182.1445613225801,26.510118892084677,0.29678398889573204,0.2972659801820847,0.9983785857834877,results/bootstrap_runs/nl300_m50_w50/boot_method3_out/boot3_d12_nl300_m50_w50_n600_p12_ds415_lmin1of100_lseed415_lN1000_lpnsseed1000_nsseed1205_bootseed2205.npz,results/bootstrap_runs/nl300_m50_w50/ns_runs_out/ns_out_d12_nl300_m50_w50_n600_p12_ds415_lmin1of100_lseed415_lN1000_lpnsseed1000_nsseed1205.npz,0.29663598705784444,results/nl300_m50_w50/combined_nl300_m50_w50.npz,1.0004989341966075,1.002123791959596
nl300_m50_w50,d12_nl300_m50_w50_n600_p12_ds415_lmin1of100_lseed415_lN1000_lpnsseed1000,d12_nl300_m50_w50_n600_p12_ds415,lmin1of100_lseed415_lN1000_lpnsseed1000,1206,2206,200,300,-181.82676120548095,26.16662946403121,0.3005501867752028,0.2953338758311301,1.0176624199624678,results/bootstrap_runs/nl300_m50_w50/boot_method3_out/boot3_d12_nl300_m50_w50_n600_p12_ds415_lmin1of100_lseed415_lN1000_lpnsseed1000_nsseed1206_bootseed2206.npz,results/bootstrap_runs/nl300_m50_w50/ns_runs_out/ns_out_d12_nl300_m50_w50_n600_p12_ds415_lmin1of100_lseed415_lN1000_lpnsseed1000_nsseed1206.npz,0.29663598705784444,results/nl300_m50_w50/combined_nl300_m50_w50.npz,1.013195296215341,0.995610407086378
nl300_m50_w50,d12_nl300_m50_w50_n600_p12_ds415_lmin1of100_lseed415_lN1000_lpnsseed1000,d12_nl300_m50_w50_n600_p12_ds415,lmin1of100_lseed415_lN1000_lpnsseed1000,1207,2207,200,300,-181.92845981025974,26.23192707165178,0.29599543878753476,0.2957021422064878,1.0009918649180505,results/bootstrap_runs/nl300_m50_w50/boot_method3_out/boot3_d12_nl300_m50_w50_n600_p12_ds415_lmin1of100_lseed415_lN1000_lpnsseed1000_nsseed1207_bootseed2207.npz,results/bootstrap_runs/nl300_m50_w50/ns_runs_out/ns_out_d12_nl300_m50_w50_n600_p12_ds415_lmin1of100_lseed415_lN1000_lpnsseed1000_nsseed1207.npz,0.29663598705784444,results/nl300_m50_w50/combined_nl300_m50_w50.npz,0.997840625216573,0.9968518828055256
nl300_m50_w50,d12_nl300_m50_w50_n600_p12_ds415_lmin1of100_lseed415_lN1000_lpnsseed1000,d12_nl300_m50_w50_n600_p12_ds415,lmin1of100_lseed415_lN1000_lpnsseed1000,1208,2208,200,300,-181.3668022262625,25.61651823891818,0.29939111838899674,0.2922129260141092,1.0245649378786925,results/bootstrap_runs/nl300_m50_w50/boot_method3_out/boot3_d12_nl300_m50_w50_n600_p12_ds415_lmin1of100_lseed415_lN1000_lpnsseed1000_nsseed1208_bootseed2208.npz,results/bootstrap_runs/nl300_m50_w50/ns_runs_out/ns_out_d12_nl300_m50_w50_n600_p12_ds415_lmin1of100_lseed415_lN1000_lpnsseed1000_nsseed1208.npz,0.29663598705784444,results/nl300_m50_w50/combined_nl300_m50_w50.npz,1.0092879200479983,0.9850892634855098
nl300_m50_w50,d12_nl300_m50_w50_n600_p12_ds415_lmin1of100_lseed415_lN1000_lpnsseed1000,d12_nl300_m50_w50_n600_p12_ds415,lmin1of100_lseed415_lN1000_lpnsseed1000,1209,2209,200,300,-181.90993233854016,26.245621651080256,0.2922033069365893,0.2957793189247701,0.9879098646883748,results/bootstrap_runs/nl300_m50_w50/boot_method3_out/boot3_d12_nl300_m50_w50_n600_p12_ds415_lmin1of100_lseed415_lN1000_lpnsseed1000_nsseed1209_bootseed2209.npz,results/bootstrap_runs/nl300_m50_w50/ns_runs_out/ns_out_d12_nl300_m50_w50_n600_p12_ds415_lmin1of100_lseed415_lN1000_lpnsseed1000_nsseed1209.npz,0.29663598705784444,results/nl300_m50_w50/combined_nl300_m50_w50.npz,0.9850568362752603,0.9971120559525798
nl300_m50_w50,d12_nl300_m50_w50_n600_p12_ds415_lmin1of100_lseed415_lN1000_lpnsseed1000,d12_nl300_m50_w50_n600_p12_ds415,lmin1of100_lseed415_lN1000_lpnsseed1000,1210,2210,200,300,-182.07664804645208,26.675966716355134,0.29043248912026204,0.29819438132620324,0.973970360637177,results/bootstrap_runs/nl300_m50_w50/boot_method3_out/boot3_d12_nl300_m50_w50_n600_p12_ds415_lmin1of100_lseed415_lN1000_lpnsseed1000_nsseed1210_bootseed2210.npz,results/bootstrap_runs/nl300_m50_w50/ns_runs_out/ns_out_d12_nl300_m50_w50_n600_p12_ds415_lmin1of100_lseed415_lN1000_lpnsseed1000_nsseed1210.npz,0.29663598705784444,results/nl300_m50_w50/combined_nl300_m50_w50.npz,0.9790871701066644,1.0052535576813035
nl300_m50_w50,d12_nl300_m50_w50_n600_p12_ds415_lmin1of100_lseed415_lN1000_lpnsseed1000,d12_nl300_m50_w50_n600_p12_ds415,lmin1of100_lseed415_lN1000_lpnsseed1000,1211,2211,200,300,-181.72884549321864,26.029770079834837,0.2808096767465307,0.29456052054903104,0.9533174242873071,results/bootstrap_runs/nl300_m50_w50/boot_method3_out/boot3_d12_nl300_m50_w50_n600_p12_ds415_lmin1of100_lseed415_lN1000_lpnsseed1000_nsseed1211_bootseed2211.npz,results/bootstrap_runs/nl300_m50_w50/ns_runs_out/ns_out_d12_nl300_m50_w50_n600_p12_ds415_lmin1of100_lseed415_lN1000_lpnsseed1000_nsseed1211.npz,0.29663598705784444,results/nl300_m50_w50/combined_nl300_m50_w50.npz,0.946647369160143,0.9930033219185618
nl300_m50_w50,d12_nl300_m50_w50_n600_p12_ds415_lmin1of100_lseed415_lN1000_lpnsseed1000,d12_nl300_m50_w50_n600_p12_ds415,lmin1of100_lseed415_lN1000_lpnsseed1000,1212,2212,200,300,-181.63519231702628,26.14037683545196,0.30733579667627864,0.29518568639333875,1.041160905975467,results/bootstrap_runs/nl300_m50_w50/boot_method3_out/boot3_d12_nl300_m50_w50_n600_p12_ds415_lmin1of100_lseed415_lN1000_lpnsseed1000_nsseed1212_bootseed2212.npz,results/bootstrap_runs/nl300_m50_w50/ns_runs_out/ns_out_d12_nl300_m50_w50_n600_p12_ds415_lmin1of100_lseed415_lN1000_lpnsseed1000_nsseed1212.npz,0.29663598705784444,results/nl300_m50_w50/combined_nl300_m50_w50.npz,1.0360705042046963,0.9951108404651426
nl300_m50_w50,d12_nl300_m50_w50_n600_p12_ds415_lmin1of100_lseed415_lN1000_lpnsseed1000,d12_nl300_m50_w50_n600_p12_ds415,lmin1of100_lseed415_lN1000_lpnsseed1000,1213,2213,200,300,-182.04649840188065,26.49709475176364,0.2961284862096769,0.2971929493991159,0.9964182757646466,results/bootstrap_runs/nl300_m50_w50/boot_method3_out/boot3_d12_nl300_m50_w50_n600_p12_ds415_lmin1of100_lseed415_lN1000_lpnsseed1000_nsseed1213_bootseed2213.npz,results/bootstrap_runs/nl300_m50_w50/ns_runs_out/ns_out_d12_nl300_m50_w50_n600_p12_ds415_lmin1of100_lseed415_lN1000_lpnsseed1000_nsseed1213.npz,0.29663598705784444,results/nl300_m50_w50/combined_nl300_m50_w50.npz,0.9982891460567508,1.0018775953207688
nl300_m50_w50,d12_nl300_m50_w50_n600_p12_ds415_lmin1of100_lseed415_lN1000_lpnsseed1000,d12_nl300_m50_w50_n600_p12_ds415,lmin1of100_lseed415_lN1000_lpnsseed1000,1214,2214,200,300,-181.5849244802278,25.893859305457465,0.29804562262626483,0.2937905109963984,1.0144834889848384,results/bootstrap_runs/nl300_m50_w50/boot_method3_out/boot3_d12_nl300_m50_w50_n600_p12_ds415_lmin1of100_lseed415_lN1000_lpnsseed1000_nsseed1214_bootseed2214.npz,results/bootstrap_runs/nl300_m50_w50/ns_runs_out/ns_out_d12_nl300_m50_w50_n600_p12_ds415_lmin1of100_lseed415_lN1000_lpnsseed1000_nsseed1214.npz,0.29663598705784444,results/nl300_m50_w50/combined_nl300_m50_w50.npz,1.0047520720004397,0.9904075156569214
nl300_m50_w50,d12_nl300_m50_w50_n600_p12_ds415_lmin1of100_lseed415_lN1000_lpnsseed1000,d12_nl300_m50_w50_n600_p12_ds415,lmin1of100_lseed415_lN1000_lpnsseed1000,1215,2215,200,300,-181.36723921143965,25.92502392986075,0.279380586411096,0.29396725401457413,0.950379957616793,results/bootstrap_runs/nl300_m50_w50/boot_method3_out/boot3_d12_nl300_m50_w50_n600_p12_ds415_lmin1of100_lseed415_lN1000_lpnsseed1000_nsseed1215_bootseed2215.npz,results/bootstrap_runs/nl300_m50_w50/ns_runs_out/ns_out_d12_nl300_m50_w50_n600_p12_ds415_lmin1of100_lseed415_lN1000_lpnsseed1000_nsseed1215.npz,0.29663598705784444,results/nl300_m50_w50/combined_nl300_m50_w50.npz,0.941829712510965,0.9910033402563867
nl300_m50_w50,d12_nl300_m50_w50_n600_p12_ds415_lmin1of100_lseed415_lN1000_lpnsseed1000,d12_nl300_m50_w50_n600_p12_ds415,lmin1of100_lseed415_lN1000_lpnsseed1000,1216,2216,200,300,-181.78999806983478,26.106588386226104,0.32627918252755517,0.29499484959473504,1.1060504377476374,results/bootstrap_runs/nl300_m50_w50/boot_method3_out/boot3_d12_nl300_m50_w50_n600_p12_ds415_lmin1of100_lseed415_lN1000_lpnsseed1000_nsseed1216_bootseed2216.npz,results/bootstrap_runs/nl300_m50_w50/ns_runs_out/ns_out_d12_nl300_m50_w50_n600_p12_ds415_lmin1of100_lseed415_lN1000_lpnsseed1000_nsseed1216.npz,0.29663598705784444,results/nl300_m50_w50/combined_nl300_m50_w50.npz,1.0999312179338856,0.9944675038272097
nl300_m50_w50,d12_nl300_m50_w50_n600_p12_ds415_lmin1of100_lseed415_lN1000_lpnsseed1000,d12_nl300_m50_w50_n600_p12_ds415,lmin1of100_lseed415_lN1000_lpnsseed1000,1217,2217,200,300,-181.83885268143314,26.193478188903086,0.29516883554810924,0.29548535321232133,0.9989288211386077,results/bootstrap_runs/nl300_m50_w50/boot_method3_out/boot3_d12_nl300_m50_w50_n600_p12_ds415_lmin1of100_lseed415_lN1000_lpnsseed1000_nsseed1217_bootseed2217.npz,results/bootstrap_runs/nl300_m50_w50/ns_runs_out/ns_out_d12_nl300_m50_w50_n600_p12_ds415_lmin1of100_lseed415_lN1000_lpnsseed1000_nsseed1217.npz,0.29663598705784444,results/nl300_m50_w50/combined_nl300_m50_w50.npz,0.995054033988637,0.99612105780915
nl300_m50_w50,d12_nl300_m50_w50_n600_p12_ds415_lmin1of100_lseed415_lN1000_lpnsseed1000,d12_nl300_m50_w50_n600_p12_ds415,lmin1of100_lseed415_lN1000_lpnsseed1000,1218,2218,200,300,-181.53081271391227,26.080004487007926,0.3073745267051515,0.2948446171969677,1.042496653414613,results/bootstrap_runs/nl300_m50_w50/boot_method3_out/boot3_d12_nl300_m50_w50_n600_p12_ds415_lmin1of100_lseed415_lN1000_lpnsseed1000_nsseed1218_bootseed2218.npz,results/bootstrap_runs/nl300_m50_w50/ns_runs_out/ns_out_d12_nl300_m50_w50_n600_p12_ds415_lmin1of100_lseed415_lN1000_lpnsseed1000_nsseed1218.npz,0.29663598705784444,results/nl300_m50_w50/combined_nl300_m50_w50.npz,1.036201068366034,0.9939610501118078
nl300_m50_w50,d12_nl300_m50_w50_n600_p12_ds415_lmin1of100_lseed415_lN1000_lpnsseed1000,d12_nl300_m50_w50_n600_p12_ds415,lmin1of100_lseed415_lN1000_lpnsseed1000,1219,2219,200,300,-182.28084795729202,26.669045387906483,0.28749550583790884,0.2981556941594245,0.9642462360091113,results/bootstrap_runs/nl300_m50_w50/boot_method3_out/boot3_d12_nl300_m50_w50_n600_p12_ds415_lmin1of100_lseed415_lN1000_lpnsseed1000_nsseed1219_bootseed2219.npz,results/bootstrap_runs/nl300_m50_w50/ns_runs_out/ns_out_d12_nl300_m50_w50_n600_p12_ds415_lmin1of100_lseed415_lN1000_lpnsseed1000_nsseed1219.npz,0.29663598705784444,results/nl300_m50_w50/combined_nl300_m50_w50.npz,0.9691862025555477,1.0051231380138772
nl300_m50_w50,d12_nl300_m50_w50_n600_p12_ds415_lmin1of100_lseed415_lN1000_lpnsseed1000,d12_nl300_m50_w50_n600_p12_ds415,lmin1of100_lseed415_lN1000_lpnsseed1000,1220,2220,200,300,-181.8718929523071,26.169583989630187,0.3113443404215217,0.29535054872490185,1.0541518943021058,results/bootstrap_runs/nl300_m50_w50/boot_method3_out/boot3_d12_nl300_m50_w50_n600_p12_ds415_lmin1of100_lseed415_lN1000_lpnsseed1000_nsseed1220_bootseed2220.npz,results/bootstrap_runs/nl300_m50_w50/ns_runs_out/ns_out_d12_nl300_m50_w50_n600_p12_ds415_lmin1of100_lseed415_lN1000_lpnsseed1000_nsseed1220.npz,0.29663598705784444,results/nl300_m50_w50/combined_nl300_m50_w50.npz,1.0495838468877652,0.9956666136644711
nl300_m50_w50,d12_nl300_m50_w50_n600_p12_ds415_lmin1of100_lseed415_lN1000_lpnsseed1000,d12_nl300_m50_w50_n600_p12_ds415,lmin1of100_lseed415_lN1000_lpnsseed1000,1221,2221,200,300,-181.5557135835188,25.95285943217978,0.2909809717583583,0.29412502688584535,0.9893104807816735,results/bootstrap_runs/nl300_m50_w50/boot_method3_out/boot3_d12_nl300_m50_w50_n600_p12_ds415_lmin1of100_lseed415_lN1000_lpnsseed1000_nsseed1221_bootseed2221.npz,results/bootstrap_runs/nl300_m50_w50/ns_runs_out/ns_out_d12_nl300_m50_w50_n600_p12_ds415_lmin1of100_lseed415_lN1000_lpnsseed1000_nsseed1221.npz,0.29663598705784444,results/nl300_m50_w50/combined_nl300_m50_w50.npz,0.9809361792020757,0.9915352139269958
nl300_m50_w50,d12_nl300_m50_w50_n600_p12_ds415_lmin1of100_lseed415_lN1000_lpnsseed1000,d12_nl300_m50_w50_n600_p12_ds415,lmin1of100_lseed415_lN1000_lpnsseed1000,1222,2222,200,300,-181.55909078514048,25.840026926889266,0.28862864549353645,0.2934849622887532,0.9834529280228037,results/bootstrap_runs/nl300_m50_w50/boot_method3_out/boot3_d12_nl300_m50_w50_n600_p12_ds415_lmin1of100_lseed415_lN1000_lpnsseed1000_nsseed1222_bootseed2222.npz,results/bootstrap_runs/nl300_m50_w50/ns_runs_out/ns_out_d12_nl300_m50_w50_n600_p12_ds415_lmin1of100_lseed415_lN1000_lpnsseed1000_nsseed1222.npz,0.29663598705784444,results/nl300_m50_w50/combined_nl300_m50_w50.npz,0.9730061694680809,0.9893774696713491
nl300_m50_w50,d12_nl300_m50_w50_n600_p12_ds415_lmin1of100_lseed415_lN1000_lpnsseed1000,d12_nl300_m50_w50_n600_p12_ds415,lmin1of100_lseed415_lN1000_lpnsseed1000,1223,2223,200,300,-181.23161214326493,25.767292100879086,0.2781901740822523,0.29307161866956166,0.9492224983952191,results/bootstrap_runs/nl300_m50_w50/boot_method3_out/boot3_d12_nl300_m50_w50_n600_p12_ds415_lmin1of100_lseed415_lN1000_lpnsseed1000_nsseed1223_bootseed2223.npz,results/bootstrap_runs/nl300_m50_w50/ns_runs_out/ns_out_d12_nl300_m50_w50_n600_p12_ds415_lmin1of100_lseed415_lN1000_lpnsseed1000_nsseed1223.npz,0.29663598705784444,results/nl300_m50_w50/combined_nl300_m50_w50.npz,0.9378166716771448,0.9879840324714624
nl300_m50_w50,d12_nl300_m50_w50_n600_p12_ds415_lmin1of100_lseed415_lN1000_lpnsseed1000,d12_nl300_m50_w50_n600_p12_ds415,lmin1of100_lseed415_lN1000_lpnsseed1000,1224,2224,200,300,-182.1282734124006,26.622434828601605,0.31281409531365845,0.2978950308895266,1.0500816155931936,results/bootstrap_runs/nl300_m50_w50/boot_method3_out/boot3_d12_nl300_m50_w50_n600_p12_ds415_lmin1of100_lseed415_lN1000_lpnsseed1000_nsseed1224_bootseed2224.npz,results/bootstrap_runs/nl300_m50_w50/ns_runs_out/ns_out_d12_nl300_m50_w50_n600_p12_ds415_lmin1of100_lseed415_lN1000_lpnsseed1000_nsseed1224.npz,0.29663598705784444,results/nl300_m50_w50/combined_nl300_m50_w50.npz,1.054538589253027,1.0042444069048058
nl300_m50_w50,d12_nl300_m50_w50_n600_p12_ds415_lmin1of100_lseed415_lN1000_lpnsseed1000,d12_nl300_m50_w50_n600_p12_ds415,lmin1of100_lseed415_lN1000_lpnsseed1000,1225,2225,200,300,-181.98182922231072,26.401359352945228,0.29614340318991655,0.29665557668192266,0.9982735079591804,results/bootstrap_runs/nl300_m50_w50/boot_method3_out/boot3_d12_nl300_m50_w50_n600_p12_ds415_lmin1of100_lseed415_lN1000_lpnsseed1000_nsseed1225_bootseed2225.npz,results/bootstrap_runs/nl300_m50_w50/ns_runs_out/ns_out_d12_nl300_m50_w50_n600_p12_ds415_lmin1of100_lseed415_lN1000_lpnsseed1000_nsseed1225.npz,0.29663598705784444,results/nl300_m50_w50/combined_nl300_m50_w50.npz,0.9983394332130314,1.0000660392701253
nl300_m50_w50,d12_nl300_m50_w50_n600_p12_ds415_lmin1of100_lseed415_lN1000_lpnsseed1000,d12_nl300_m50_w50_n600_p12_ds415,lmin1of100_lseed415_lN1000_lpnsseed1000,1226,2226,200,300,-181.54650879137387,26.207611314368425,0.30548858226788683,0.2955650594729155,1.033574749372162,results/bootstrap_runs/nl300_m50_w50/boot_method3_out/boot3_d12_nl300_m50_w50_n600_p12_ds415_lmin1of100_lseed415_lN1000_lpnsseed1000_nsseed1226_bootseed2226.npz,results/bootstrap_runs/nl300_m50_w50/ns_runs_out/ns_out_d12_nl300_m50_w50_n600_p12_ds415_lmin1of100_lseed415_lN1000_lpnsseed1000_nsseed1226.npz,0.29663598705784444,results/nl300_m50_w50/combined_nl300_m50_w50.npz,1.0298432947999534,0.9963897583851817
nl300_m50_w50,d12_nl300_m50_w50_n600_p12_ds415_lmin1of100_lseed415_lN1000_lpnsseed1000,d12_nl300_m50_w50_n600_p12_ds415,lmin1of100_lseed415_lN1000_lpnsseed1000,1227,2227,200,300,-182.05684075299666,26.279515120020932,0.30520637919943405,0.2959702412969978,1.0312063059514422,results/bootstrap_runs/nl300_m50_w50/boot_method3_out/boot3_d12_nl300_m50_w50_n600_p12_ds415_lmin1of100_lseed415_lN1000_lpnsseed1000_nsseed1227_bootseed2227.npz,results/bootstrap_runs/nl300_m50_w50/ns_runs_out/ns_out_d12_nl300_m50_w50_n600_p12_ds415_lmin1of100_lseed415_lN1000_lpnsseed1000_nsseed1227.npz,0.29663598705784444,results/nl300_m50_w50/combined_nl300_m50_w50.npz,1.0288919501190474,0.9977556810707635
nl300_m50_w50,d12_nl300_m50_w50_n600_p12_ds415_lmin1of100_lseed415_lN1000_lpnsseed1000,d12_nl300_m50_w50_n600_p12_ds415,lmin1of100_lseed415_lN1000_lpnsseed1000,1228,2228,200,300,-181.53020042391034,25.767671500126326,0.30542556949881133,0.2930737762641933,1.042145678784592,results/bootstrap_runs/nl300_m50_w50/boot_method3_out/boot3_d12_nl300_m50_w50_n600_p12_ds415_lmin1of100_lseed415_lN1000_lpnsseed1000_nsseed1228_bootseed2228.npz,results/bootstrap_runs/nl300_m50_w50/ns_runs_out/ns_out_d12_nl300_m50_w50_n600_p12_ds415_lmin1of100_lseed415_lN1000_lpnsseed1000_nsseed1228.npz,0.29663598705784444,results/nl300_m50_w50/combined_nl300_m50_w50.npz,1.0296308702398032,0.9879913060145447
nl300_m50_w50,d12_nl300_m50_w50_n600_p12_ds415_lmin1of100_lseed415_lN1000_lpnsseed1000,d12_nl300_m50_w50_n600_p12_ds415,lmin1of100_lseed415_lN1000_lpnsseed1000,1229,2229,200,300,-181.65086472396828,26.059057090886665,0.27462780369530354,0.2947261841714931,0.9318066003104263,results/bootstrap_runs/nl300_m50_w50/boot_method3_out/boot3_d12_nl300_m50_w50_n600_p12_ds415_lmin1of100_lseed415_lN1000_lpnsseed1000_nsseed1229_bootseed2229.npz,results/bootstrap_runs/nl300_m50_w50/ns_runs_out/ns_out_d12_nl300_m50_w50_n600_p12_ds415_lmin1of100_lseed415_lN1000_lpnsseed1000_nsseed1229.npz,0.29663598705784444,results/nl300_m50_w50/combined_nl300_m50_w50.npz,0.9258074396811157,0.9935617963777978
nl300_m50_w50,d12_nl300_m50_w50_n600_p12_ds415_lmin1of100_lseed415_lN1000_lpnsseed1000,d12_nl300_m50_w50_n600_p12_ds415,lmin1of100_lseed415_lN1000_lpnsseed1000,1230,2230,200,300,-181.98774186056335,26.16728150804644,0.27334164561013846,0.29533755550807983,0.9255228145296286,results/bootstrap_runs/nl300_m50_w50/boot_method3_out/boot3_d12_nl300_m50_w50_n600_p12_ds415_lmin1of100_lseed415_lN1000_lpnsseed1000_nsseed1230_bootseed2230.npz,results/bootstrap_runs/nl300_m50_w50/ns_runs_out/ns_out_d12_nl300_m50_w50_n600_p12_ds415_lmin1of100_lseed415_lN1000_lpnsseed1000_nsseed1230.npz,0.29663598705784444,results/nl300_m50_w50/combined_nl300_m50_w50.npz,0.9214716269635769,0.9956228117746502
nl300_m50_w50,d12_nl300_m50_w50_n600_p12_ds415_lmin1of100_lseed415_lN1000_lpnsseed1000,d12_nl300_m50_w50_n600_p12_ds415,lmin1of100_lseed415_lN1000_lpnsseed1000,1231,2231,200,300,-182.14639979829516,26.52225499817334,0.31156596711707385,0.29733401531035397,1.0478651989812358,results/bootstrap_runs/nl300_m50_w50/boot_method3_out/boot3_d12_nl300_m50_w50_n600_p12_ds415_lmin1of100_lseed415_lN1000_lpnsseed1000_nsseed1231_bootseed2231.npz,results/bootstrap_runs/nl300_m50_w50/ns_runs_out/ns_out_d12_nl300_m50_w50_n600_p12_ds415_lmin1of100_lseed415_lN1000_lpnsseed1000_nsseed1231.npz,0.29663598705784444,results/nl300_m50_w50/combined_nl300_m50_w50.npz,1.050330980429283,1.002353147571314
nl300_m50_w50,d12_nl300_m50_w50_n600_p12_ds415_lmin1of100_lseed415_lN1000_lpnsseed1000,d12_nl300_m50_w50_n600_p12_ds415,lmin1of100_lseed415_lN1000_lpnsseed1000,1232,2232,200,300,-182.31472752959542,26.854691584907826,0.30918431798449403,0.2991916419560537,1.0333989143650881,results/bootstrap_runs/nl300_m50_w50/boot_method3_out/boot3_d12_nl300_m50_w50_n600_p12_ds415_lmin1of100_lseed415_lN1000_lpnsseed1000_nsseed1232_bootseed2232.npz,results/bootstrap_runs/nl300_m50_w50/ns_runs_out/ns_out_d12_nl300_m50_w50_n600_p12_ds415_lmin1of100_lseed415_lN1000_lpnsseed1000_nsseed1232.npz,0.29663598705784444,results/nl300_m50_w50/combined_nl300_m50_w50.npz,1.0423021193453599,1.0086154580351403
nl300_m50_w50,d12_nl300_m50_w50_n600_p12_ds415_lmin1of100_lseed415_lN1000_lpnsseed1000,d12_nl300_m50_w50_n600_p12_ds415,lmin1of100_lseed415_lN1000_lpnsseed1000,1233,2233,200,300,-181.74767538928396,26.33998408544043,0.27794613894536596,0.29631055828550573,0.9380230679379133,results/bootstrap_runs/nl300_m50_w50/boot_method3_out/boot3_d12_nl300_m50_w50_n600_p12_ds415_lmin1of100_lseed415_lN1000_lpnsseed1000_nsseed1233_bootseed2233.npz,results/bootstrap_runs/nl300_m50_w50/ns_runs_out/ns_out_d12_nl300_m50_w50_n600_p12_ds415_lmin1of100_lseed415_lN1000_lpnsseed1000_nsseed1233.npz,0.29663598705784444,results/nl300_m50_w50/combined_nl300_m50_w50.npz,0.9369939962515946,0.9989029356297379
nl300_m50_w50,d12_nl300_m50_w50_n600_p12_ds415_lmin1of100_lseed415_lN1000_lpnsseed1000,d12_nl300_m50_w50_n600_p12_ds415,lmin1of100_lseed415_lN1000_lpnsseed1000,1234,2234,200,300,-181.59262289162984,26.223096897310533,0.3014074767304763,0.29565236848541415,1.0194657944887935,results/bootstrap_runs/nl300_m50_w50/boot_method3_out/boot3_d12_nl300_m50_w50_n600_p12_ds415_lmin1of100_lseed415_lN1000_lpnsseed1000_nsseed1234_bootseed2234.npz,results/bootstrap_runs/nl300_m50_w50/ns_runs_out/ns_out_d12_nl300_m50_w50_n600_p12_ds415_lmin1of100_lseed415_lN1000_lpnsseed1000_nsseed1234.npz,0.29663598705784444,results/nl300_m50_w50/combined_nl300_m50_w50.npz,1.0160853365094282,0.9966840888653254
nl300_m50_w50,d12_nl300_m50_w50_n600_p12_ds415_lmin1of100_lseed415_lN1000_lpnsseed1000,d12_nl300_m50_w50_n600_p12_ds415,lmin1of100_lseed415_lN1000_lpnsseed1000,1235,2235,200,300,-181.24926113799935,25.50621362952345,0.27834471949335937,0.29158311353439437,0.9545982142773387,results/bootstrap_runs/nl300_m50_w50/boot_method3_out/boot3_d12_nl300_m50_w50_n600_p12_ds415_lmin1of100_lseed415_lN1000_lpnsseed1000_nsseed1235_bootseed2235.npz,results/bootstrap_runs/nl300_m50_w50/ns_runs_out/ns_out_d12_nl300_m50_w50_n600_p12_ds415_lmin1of100_lseed415_lN1000_lpnsseed1000_nsseed1235.npz,0.29663598705784444,results/nl300_m50_w50/combined_nl300_m50_w50.npz,0.9383376651433791,0.9829660805030215
nl300_m50_w50,d12_nl300_m50_w50_n600_p12_ds415_lmin1of100_lseed415_lN1000_lpnsseed1000,d12_nl300_m50_w50_n600_p12_ds415,lmin1of100_lseed415_lN1000_lpnsseed1000,1236,2236,200,300,-181.52211188839038,26.005025833929267,0.28624449141395925,0.29442048068439614,0.9722302291897922,results/bootstrap_runs/nl300_m50_w50/boot_method3_out/boot3_d12_nl300_m50_w50_n600_p12_ds415_lmin1of100_lseed415_lN1000_lpnsseed1000_nsseed1236_bootseed2236.npz,results/bootstrap_runs/nl300_m50_w50/ns_runs_out/ns_out_d12_nl300_m50_w50_n600_p12_ds415_lmin1of100_lseed415_lN1000_lpnsseed1000_nsseed1236.npz,0.29663598705784444,results/nl300_m50_w50/combined_nl300_m50_w50.npz,0.9649688638693091,0.9925312286097766
nl300_m50_w50,d12_nl300_m50_w50_n600_p12_ds415_lmin1of100_lseed415_lN1000_lpnsseed1000,d12_nl300_m50_w50_n600_p12_ds415,lmin1of100_lseed415_lN1000_lpnsseed1000,1237,2237,200,300,-181.83329989012915,26.156209761034805,0.28618697248323727,0.2952750681485249,0.9692215948936256,results/bootstrap_runs/nl300_m50_w50/boot_method3_out/boot3_d12_nl300_m50_w50_n600_p12_ds415_lmin1of100_lseed415_lN1000_lpnsseed1000_nsseed1237_bootseed2237.npz,results/bootstrap_runs/nl300_m50_w50/ns_runs_out/ns_out_d12_nl300_m50_w50_n600_p12_ds415_lmin1of100_lseed415_lN1000_lpnsseed1000_nsseed1237.npz,0.29663598705784444,results/nl300_m50_w50/combined_nl300_m50_w50.npz,0.9647749597806904,0.9954121584409981
nl300_m50_w50,d12_nl300_m50_w50_n600_p12_ds415_lmin1of100_lseed415_lN1000_lpnsseed1000,d12_nl300_m50_w50_n600_p12_ds415,lmin1of100_lseed415_lN1000_lpnsseed1000,1238,2238,200,300,-182.04850534739327,26.446182539927666,0.26185453333823727,0.2969072949588118,0.8819403826859923,results/bootstrap_runs/nl300_m50_w50/boot_method3_out/boot3_d12_nl300_m50_w50_n600_p12_ds415_lmin1of100_lseed415_lN1000_lpnsseed1000_nsseed1238_bootseed2238.npz,results/bootstrap_runs/nl300_m50_w50/ns_runs_out/ns_out_d12_nl300_m50_w50_n600_p12_ds415_lmin1of100_lseed415_lN1000_lpnsseed1000_nsseed1238.npz,0.29663598705784444,results/nl300_m50_w50/combined_nl300_m50_w50.npz,0.882747019117324,1.0009146155989308
nl300_m50_w50,d12_nl300_m50_w50_n600_p12_ds415_lmin1of100_lseed415_lN1000_lpnsseed1000,d12_nl300_m50_w50_n600_p12_ds415,lmin1of100_lseed415_lN1000_lpnsseed1000,1239,2239,200,300,-182.25140145077995,26.472805313775943,0.3014146936700221,0.29705670229646924,1.0146705707693593,results/bootstrap_runs/nl300_m50_w50/boot_method3_out/boot3_d12_nl300_m50_w50_n600_p12_ds415_lmin1of100_lseed415_lN1000_lpnsseed1000_nsseed1239_bootseed2239.npz,results/bootstrap_runs/nl300_m50_w50/ns_runs_out/ns_out_d12_nl300_m50_w50_n600_p12_ds415_lmin1of100_lseed415_lN1000_lpnsseed1000_nsseed1239.npz,0.29663598705784444,results/nl300_m50_w50/combined_nl300_m50_w50.npz,1.0161096657879403,1.001418287925203
nl300_m50_w50,d12_nl300_m50_w50_n600_p12_ds415_lmin1of100_lseed415_lN1000_lpnsseed1000,d12_nl300_m50_w50_n600_p12_ds415,lmin1of100_lseed415_lN1000_lpnsseed1000,1240,2240,200,300,-181.87542261666079,26.192573762782704,0.29994550281021076,0.2954802518092803,1.015111842411088,results/bootstrap_runs/nl300_m50_w50/boot_method3_out/boot3_d12_nl300_m50_w50_n600_p12_ds415_lmin1of100_lseed415_lN1000_lpnsseed1000_nsseed1240_bootseed2240.npz,results/bootstrap_runs/nl300_m50_w50/ns_runs_out/ns_out_d12_nl300_m50_w50_n600_p12_ds415_lmin1of100_lseed415_lN1000_lpnsseed1000_nsseed1240.npz,0.29663598705784444,results/nl300_m50_w50/combined_nl300_m50_w50.npz,1.0111568248518712,0.9961038602900909
nl300_m50_w50,d12_nl300_m50_w50_n600_p12_ds415_lmin1of100_lseed415_lN1000_lpnsseed1000,d12_nl300_m50_w50_n600_p12_ds415,lmin1of100_lseed415_lN1000_lpnsseed1000,1241,2241,200,300,-182.4605263558745,26.839153864233822,0.2904021007905214,0.299105075540541,0.9709032862973268,results/bootstrap_runs/nl300_m50_w50/boot_method3_out/boot3_d12_nl300_m50_w50_n600_p12_ds415_lmin1of100_lseed415_lN1000_lpnsseed1000_nsseed1241_bootseed2241.npz,results/bootstrap_runs/nl300_m50_w50/ns_runs_out/ns_out_d12_nl300_m50_w50_n600_p12_ds415_lmin1of100_lseed415_lN1000_lpnsseed1000_nsseed1241.npz,0.29663598705784444,results/nl300_m50_w50/combined_nl300_m50_w50.npz,0.9789847269404053,1.0083236309497914
nl300_m50_w50,d12_nl300_m50_w50_n600_p12_ds415_lmin1of100_lseed415_lN1000_lpnsseed1000,d12_nl300_m50_w50_n600_p12_ds415,lmin1of100_lseed415_lN1000_lpnsseed1000,1242,2242,200,300,-181.7366844022081,26.175769819218775,0.2905492921469907,0.29538545337247496,0.9836276256319706,results/bootstrap_runs/nl300_m50_w50/boot_method3_out/boot3_d12_nl300_m50_w50_n600_p12_ds415_lmin1of100_lseed415_lN1000_lpnsseed1000_nsseed1242_bootseed2242.npz,results/bootstrap_runs/nl300_m50_w50/ns_runs_out/ns_out_d12_nl300_m50_w50_n600_p12_ds415_lmin1of100_lseed415_lN1000_lpnsseed1000_nsseed1242.npz,0.29663598705784444,results/nl300_m50_w50/combined_nl300_m50_w50.npz,0.9794809288946226,0.9957842819484825
nl300_m50_w50,d12_nl300_m50_w50_n600_p12_ds415_lmin1of100_lseed415_lN1000_lpnsseed1000,d12_nl300_m50_w50_n600_p12_ds415,lmin1of100_lseed415_lN1000_lpnsseed1000,1243,2243,200,300,-181.54541618960616,26.053657200538378,0.2783215960345969,0.29469564639097506,0.9444374202438858,results/bootstrap_runs/nl300_m50_w50/boot_method3_out/boot3_d12_nl300_m50_w50_n600_p12_ds415_lmin1of100_lseed415_lN1000_lpnsseed1000_nsseed1243_bootseed2243.npz,results/bootstrap_runs/nl300_m50_w50/ns_runs_out/ns_out_d12_nl300_m50_w50_n600_p12_ds415_lmin1of100_lseed415_lN1000_lpnsseed1000_nsseed1243.npz,0.29663598705784444,results/nl300_m50_w50/combined_nl300_m50_w50.npz,0.9382597128389678,0.9934588493927711
nl300_m50_w50,d12_nl300_m50_w50_n600_p12_ds415_lmin1of100_lseed415_lN1000_lpnsseed1000,d12_nl300_m50_w50_n600_p12_ds415,lmin1of100_lseed415_lN1000_lpnsseed1000,1244,2244,200,300,-181.55839270407833,26.032669173923527,0.29780466919651616,0.294576923592257,1.0109572249071583,results/bootstrap_runs/nl300_m50_w50/boot_method3_out/boot3_d12_nl300_m50_w50_n600_p12_ds415_lmin1of100_lseed415_lN1000_lpnsseed1000_nsseed1244_bootseed2244.npz,results/bootstrap_runs/nl300_m50_w50/ns_runs_out/ns_out_d12_nl300_m50_w50_n600_p12_ds415_lmin1of100_lseed415_lN1000_lpnsseed1000_nsseed1244.npz,0.29663598705784444,results/nl300_m50_w50/combined_nl300_m50_w50.npz,1.003939785426115,0.9930586187939971
nl300_m50_w50,d12_nl300_m50_w50_n600_p12_ds415_lmin1of100_lseed415_lN1000_lpnsseed1000,d12_nl300_m50_w50_n600_p12_ds415,lmin1of100_lseed415_lN1000_lpnsseed1000,1245,2245,200,300,-181.46167688190656,25.902779030632413,0.2975775156775025,0.2938411080308109,1.0127157417548935,results/bootstrap_runs/nl300_m50_w50/boot_method3_out/boot3_d12_nl300_m50_w50_n600_p12_ds415_lmin1of100_lseed415_lN1000_lpnsseed1000_nsseed1245_bootseed2245.npz,results/bootstrap_runs/nl300_m50_w50/ns_runs_out/ns_out_d12_nl300_m50_w50_n600_p12_ds415_lmin1of100_lseed415_lN1000_lpnsseed1000_nsseed1245.npz,0.29663598705784444,results/nl300_m50_w50/combined_nl300_m50_w50.npz,1.003174020215809,0.9905780850976503
nl300_m50_w50,d12_nl300_m50_w50_n600_p12_ds415_lmin1of100_lseed415_lN1000_lpnsseed1000,d12_nl300_m50_w50_n600_p12_ds415,lmin1of100_lseed415_lN1000_lpnsseed1000,1246,2246,200,300,-181.83502955528638,26.245829599704834,0.27283539900097353,0.2957804906779397,0.9224252700900752,results/bootstrap_runs/nl300_m50_w50/boot_method3_out/boot3_d12_nl300_m50_w50_n600_p12_ds415_lmin1of100_lseed415_lN1000_lpnsseed1000_nsseed1246_bootseed2246.npz,results/bootstrap_runs/nl300_m50_w50/ns_runs_out/ns_out_d12_nl300_m50_w50_n600_p12_ds415_lmin1of100_lseed415_lN1000_lpnsseed1000_nsseed1246.npz,0.29663598705784444,results/nl300_m50_w50/combined_nl300_m50_w50.npz,0.9197650012295043,0.9971160060908661
nl300_m50_w50,d12_nl300_m50_w50_n600_p12_ds415_lmin1of100_lseed415_lN1000_lpnsseed1000,d12_nl300_m50_w50_n600_p12_ds415,lmin1of100_lseed415_lN1000_lpnsseed1000,1247,2247,200,300,-181.82068302473604,26.195221163064726,0.29855863400863003,0.2954951841856013,1.0103671734328659,results/bootstrap_runs/nl300_m50_w50/boot_method3_out/boot3_d12_nl300_m50_w50_n600_p12_ds415_lmin1of100_lseed415_lN1000_lpnsseed1000_nsseed1247_bootseed2247.npz,results/bootstrap_runs/nl300_m50_w50/ns_runs_out/ns_out_d12_nl300_m50_w50_n600_p12_ds415_lmin1of100_lseed415_lN1000_lpnsseed1000_nsseed1247.npz,0.29663598705784444,results/nl300_m50_w50/combined_nl300_m50_w50.npz,1.0064815026991674,0.9961541993486424
nl300_m50_w50,d12_nl300_m50_w50_n600_p12_ds415_lmin1of100_lseed415_lN1000_lpnsseed1000,d12_nl300_m50_w50_n600_p12_ds415,lmin1of100_lseed415_lN1000_lpnsseed1000,1248,2248,200,300,-181.87748602758228,26.020693115182468,0.29607150999132886,0.29450915727235866,1.0053049376577632,results/bootstrap_runs/nl300_m50_w50/boot_method3_out/boot3_d12_nl300_m50_w50_n600_p12_ds415_lmin1of100_lseed415_lN1000_lpnsseed1000_nsseed1248_bootseed2248.npz,results/bootstrap_runs/nl300_m50_w50/ns_runs_out/ns_out_d12_nl300_m50_w50_n600_p12_ds415_lmin1of100_lseed415_lN1000_lpnsseed1000_nsseed1248.npz,0.29663598705784444,results/nl300_m50_w50/combined_nl300_m50_w50.npz,0.9980970715248871,0.9928301693716243
nl300_m50_w50,d12_nl300_m50_w50_n600_p12_ds415_lmin1of100_lseed415_lN1000_lpnsseed1000,d12_nl300_m50_w50_n600_p12_ds415,lmin1of100_lseed415_lN1000_lpnsseed1000,1249,2249,200,300,-181.7850699094132,26.22747058304151,0.28489338346798626,0.29567702302254006,0.9635289903682108,results/bootstrap_runs/nl300_m50_w50/boot_method3_out/boot3_d12_nl300_m50_w50_n600_p12_ds415_lmin1of100_lseed415_lN1000_lpnsseed1000_nsseed1249_bootseed2249.npz,results/bootstrap_runs/nl300_m50_w50/ns_runs_out/ns_out_d12_nl300_m50_w50_n600_p12_ds415_lmin1of100_lseed415_lN1000_lpnsseed1000_nsseed1249.npz,0.29663598705784444,results/nl300_m50_w50/combined_nl300_m50_w50.npz,0.96041409639361,0.9967672026418111
nl300_m50_w50,d12_nl300_m50_w50_n600_p12_ds415_lmin1of100_lseed415_lN1000_lpnsseed1000,d12_nl300_m50_w50_n600_p12_ds415,lmin1of100_lseed415_lN1000_lpnsseed1000,1250,2250,200,300,-181.20222077217582,25.51632092056916,0.29047908756025365,0.29164088031098084,0.9960163583737357,results/bootstrap_runs/nl300_m50_w50/boot_method3_out/boot3_d12_nl300_m50_w50_n600_p12_ds415_lmin1of100_lseed415_lN1000_lpnsseed1000_nsseed1250_bootseed2250.npz,results/bootstrap_runs/nl300_m50_w50/ns_runs_out/ns_out_d12_nl300_m50_w50_n600_p12_ds415_lmin1of100_lseed415_lN1000_lpnsseed1000_nsseed1250.npz,0.29663598705784444,results/nl300_m50_w50/combined_nl300_m50_w50.npz,0.9792442597452271,0.9831608201135436
nl300_m50_w50,d12_nl300_m50_w50_n600_p12_ds415_lmin1of100_lseed415_lN1000_lpnsseed1000,d12_nl300_m50_w50_n600_p12_ds415,lmin1of100_lseed415_lN1000_lpnsseed1000,1251,2251,200,300,-181.44191840859727,26.06923868304361,0.29571500439866194,0.2947837551101011,1.003159092970415,results/bootstrap_runs/nl300_m50_w50/boot_method3_out/boot3_d12_nl300_m50_w50_n600_p12_ds415_lmin1of100_lseed415_lN1000_lpnsseed1000_nsseed1251_bootseed2251.npz,results/bootstrap_runs/nl300_m50_w50/ns_runs_out/ns_out_d12_nl300_m50_w50_n600_p12_ds415_lmin1of100_lseed415_lN1000_lpnsseed1000_nsseed1251.npz,0.29663598705784444,results/nl300_m50_w50/combined_nl300_m50_w50.npz,0.9968952429935518,0.9937558757920286
nl300_m50_w50,d12_nl300_m50_w50_n600_p12_ds415_lmin1of100_lseed415_lN1000_lpnsseed1000,d12_nl300_m50_w50_n600_p12_ds415,lmin1of100_lseed415_lN1000_lpnsseed1000,1252,2252,200,300,-181.08456384237573,25.905064021300827,0.2875749220642627,0.29385406821130805,0.9786317535596273,results/bootstrap_runs/nl300_m50_w50/boot_method3_out/boot3_d12_nl300_m50_w50_n600_p12_ds415_lmin1of100_lseed415_lN1000_lpnsseed1000_nsseed1252_bootseed2252.npz,results/bootstrap_runs/nl300_m50_w50/ns_runs_out/ns_out_d12_nl300_m50_w50_n600_p12_ds415_lmin1of100_lseed415_lN1000_lpnsseed1000_nsseed1252.npz,0.29663598705784444,results/nl300_m50_w50/combined_nl300_m50_w50.npz,0.9694539253869598,0.9906217756175554
nl300_m50_w50,d12_nl300_m50_w50_n600_p12_ds415_lmin1of100_lseed415_lN1000_lpnsseed1000,d12_nl300_m50_w50_n600_p12_ds415,lmin1of100_lseed415_lN1000_lpnsseed1000,1253,2253,200,300,-181.7341668437433,26.389518464774827,0.3006429164741875,0.296589044890821,1.0136683119393666,results/bootstrap_runs/nl300_m50_w50/boot_method3_out/boot3_d12_nl300_m50_w50_n600_p12_ds415_lmin1of100_lseed415_lN1000_lpnsseed1000_nsseed1253_bootseed2253.npz,results/bootstrap_runs/nl300_m50_w50/ns_runs_out/ns_out_d12_nl300_m50_w50_n600_p12_ds415_lmin1of100_lseed415_lN1000_lpnsseed1000_nsseed1253.npz,0.29663598705784444,results/nl300_m50_w50/combined_nl300_m50_w50.npz,1.0135079005621854,0.9998417516111614
nl300_m50_w50,d12_nl300_m50_w50_n600_p12_ds415_lmin1of100_lseed415_lN1000_lpnsseed1000,d12_nl300_m50_w50_n600_p12_ds415,lmin1of100_lseed415_lN1000_lpnsseed1000,1254,2254,200,300,-182.33513629209097,26.716034503704538,0.29762212096195645,0.2984182439893409,0.997332190496326,results/bootstrap_runs/nl300_m50_w50/boot_method3_out/boot3_d12_nl300_m50_w50_n600_p12_ds415_lmin1of100_lseed415_lN1000_lpnsseed1000_nsseed1254_bootseed2254.npz,results/bootstrap_runs/nl300_m50_w50/ns_runs_out/ns_out_d12_nl300_m50_w50_n600_p12_ds415_lmin1of100_lseed415_lN1000_lpnsseed1000_nsseed1254.npz,0.29663598705784444,results/nl300_m50_w50/combined_nl300_m50_w50.npz,1.0033243906576976,1.0060082289717227
nl300_m50_w50,d12_nl300_m50_w50_n600_p12_ds415_lmin1of100_lseed415_lN1000_lpnsseed1000,d12_nl300_m50_w50_n600_p12_ds415,lmin1of100_lseed415_lN1000_lpnsseed1000,1255,2255,200,300,-182.03338314181477,26.46365374973151,0.3330382222052416,0.29700535208270523,1.1213206087697116,results/bootstrap_runs/nl300_m50_w50/boot_method3_out/boot3_d12_nl300_m50_w50_n600_p12_ds415_lmin1of100_lseed415_lN1000_lpnsseed1000_nsseed1255_bootseed2255.npz,results/bootstrap_runs/nl300_m50_w50/ns_runs_out/ns_out_d12_nl300_m50_w50_n600_p12_ds415_lmin1of100_lseed415_lN1000_lpnsseed1000_nsseed1255.npz,0.29663598705784444,results/nl300_m50_w50/combined_nl300_m50_w50.npz,1.1227168541094734,1.001245179415095
nl300_m50_w50,d12_nl300_m50_w50_n600_p12_ds415_lmin1of100_lseed415_lN1000_lpnsseed1000,d12_nl300_m50_w50_n600_p12_ds415,lmin1of100_lseed415_lN1000_lpnsseed1000,1256,2256,200,300,-181.7767838432935,26.20130534609213,0.292743745071612,0.29552949850560395,0.990573687404883,results/bootstrap_runs/nl300_m50_w50/boot_method3_out/boot3_d12_nl300_m50_w50_n600_p12_ds415_lmin1of100_lseed415_lN1000_lpnsseed1000_nsseed1256_bootseed2256.npz,results/bootstrap_runs/nl300_m50_w50/ns_runs_out/ns_out_d12_nl300_m50_w50_n600_p12_ds415_lmin1of100_lseed415_lN1000_lpnsseed1000_nsseed1256.npz,0.29663598705784444,results/nl300_m50_w50/combined_nl300_m50_w50.npz,0.9868787262636699,0.9962698775586365
nl300_m50_w50,d12_nl300_m50_w50_n600_p12_ds415_lmin1of100_lseed415_lN1000_lpnsseed1000,d12_nl300_m50_w50_n600_p12_ds415,lmin1of100_lseed415_lN1000_lpnsseed1000,1257,2257,200,300,-181.71700425859393,26.069075773363952,0.3339551067329825,0.29478283403981737,1.1328851892640195,results/bootstrap_runs/nl300_m50_w50/boot_method3_out/boot3_d12_nl300_m50_w50_n600_p12_ds415_lmin1of100_lseed415_lN1000_lpnsseed1000_nsseed1257_bootseed2257.npz,results/bootstrap_runs/nl300_m50_w50/ns_runs_out/ns_out_d12_nl300_m50_w50_n600_p12_ds415_lmin1of100_lseed415_lN1000_lpnsseed1000_nsseed1257.npz,0.29663598705784444,results/nl300_m50_w50/combined_nl300_m50_w50.npz,1.125807795761007,0.9937527707396281
nl300_m50_w50,d12_nl300_m50_w50_n600_p12_ds415_lmin1of100_lseed415_lN1000_lpnsseed1000,d12_nl300_m50_w50_n600_p12_ds415,lmin1of100_lseed415_lN1000_lpnsseed1000,1258,2258,200,300,-181.51674318842763,25.841897168172803,0.3039625774968759,0.2934955829773979,1.03566320969227,results/bootstrap_runs/nl300_m50_w50/boot_method3_out/boot3_d12_nl300_m50_w50_n600_p12_ds415_lmin1of100_lseed415_lN1000_lpnsseed1000_nsseed1258_bootseed2258.npz,results/bootstrap_runs/nl300_m50_w50/ns_runs_out/ns_out_d12_nl300_m50_w50_n600_p12_ds415_lmin1of100_lseed415_lN1000_lpnsseed1000_nsseed1258.npz,0.29663598705784444,results/nl300_m50_w50/combined_nl300_m50_w50.npz,1.0246989264913524,0.989413273448059
nl300_m50_w50,d12_nl300_m50_w50_n600_p12_ds415_lmin1of100_lseed415_lN1000_lpnsseed1000,d12_nl300_m50_w50_n600_p12_ds415,lmin1of100_lseed415_lN1000_lpnsseed1000,1259,2259,200,300,-181.96746174324886,26.109705321222737,0.3287701757360985,0.29501245917883273,1.1144281046679534,results/bootstrap_runs/nl300_m50_w50/boot_method3_out/boot3_d12_nl300_m50_w50_n600_p12_ds415_lmin1of100_lseed415_lN1000_lpnsseed1000_nsseed1259_bootseed2259.npz,results/bootstrap_runs/nl300_m50_w50/ns_runs_out/ns_out_d12_nl300_m50_w50_n600_p12_ds415_lmin1of100_lseed415_lN1000_lpnsseed1000_nsseed1259.npz,0.29663598705784444,results/nl300_m50_w50/combined_nl300_m50_w50.npz,1.1083286926747289,0.9945268681149765
nl300_m50_w50,d12_nl300_m50_w50_n600_p12_ds415_lmin1of100_lseed415_lN1000_lpnsseed1000,d12_nl300_m50_w50_n600_p12_ds415,lmin1of100_lseed415_lN1000_lpnsseed1000,1260,2260,200,300,-181.96342413164786,26.26836138128745,0.2881879732616628,0.2959074257336093,0.9739126098211002,results/bootstrap_runs/nl300_m50_w50/boot_method3_out/boot3_d12_nl300_m50_w50_n600_p12_ds415_lmin1of100_lseed415_lN1000_lpnsseed1000_nsseed1260_bootseed2260.npz,results/bootstrap_runs/nl300_m50_w50/ns_runs_out/ns_out_d12_nl300_m50_w50_n600_p12_ds415_lmin1of100_lseed415_lN1000_lpnsseed1000_nsseed1260.npz,0.29663598705784444,results/nl300_m50_w50/combined_nl300_m50_w50.npz,0.9715206038216319,0.9975439213176347
nl300_m50_w50,d12_nl300_m50_w50_n600_p12_ds415_lmin1of100_lseed415_lN1000_lpnsseed1000,d12_nl300_m50_w50_n600_p12_ds415,lmin1of100_lseed415_lN1000_lpnsseed1000,1261,2261,200,300,-181.68897784223424,26.230026175740175,0.29204434345776104,0.2956914279883686,0.9876659105222656,results/bootstrap_runs/nl300_m50_w50/boot_method3_out/boot3_d12_nl300_m50_w50_n600_p12_ds415_lmin1of100_lseed415_lN1000_lpnsseed1000_nsseed1261_bootseed2261.npz,results/bootstrap_runs/nl300_m50_w50/ns_runs_out/ns_out_d12_nl300_m50_w50_n600_p12_ds415_lmin1of100_lseed415_lN1000_lpnsseed1000_nsseed1261.npz,0.29663598705784444,results/nl300_m50_w50/combined_nl300_m50_w50.npz,0.9845209489056767,0.9968157637283178
nl300_m50_w50,d12_nl300_m50_w50_n600_p12_ds415_lmin1of100_lseed415_lN1000_lpnsseed1000,d12_nl300_m50_w50_n600_p12_ds415,lmin1of100_lseed415_lN1000_lpnsseed1000,1262,2262,200,300,-181.38823841934988,25.690956782546813,0.2739011418096283,0.29263718596324934,0.9359751765929912,results/bootstrap_runs/nl300_m50_w50/boot_method3_out/boot3_d12_nl300_m50_w50_n600_p12_ds415_lmin1of100_lseed415_lN1000_lpnsseed1000_nsseed1262_bootseed2262.npz,results/bootstrap_runs/nl300_m50_w50/ns_runs_out/ns_out_d12_nl300_m50_w50_n600_p12_ds415_lmin1of100_lseed415_lN1000_lpnsseed1000_nsseed1262.npz,0.29663598705784444,results/nl300_m50_w50/combined_nl300_m50_w50.npz,0.9233577642628277,0.986519501108895
nl300_m50_w50,d12_nl300_m50_w50_n600_p12_ds415_lmin1of100_lseed415_lN1000_lpnsseed1000,d12_nl300_m50_w50_n600_p12_ds415,lmin1of100_lseed415_lN1000_lpnsseed1000,1263,2263,200,300,-181.62508480985426,25.95181935821176,0.28720937947268377,0.29411913322219035,0.9765069559609825,results/bootstrap_runs/nl300_m50_w50/boot_method3_out/boot3_d12_nl300_m50_w50_n600_p12_ds415_lmin1of100_lseed415_lN1000_lpnsseed1000_nsseed1263_bootseed2263.npz,results/bootstrap_runs/nl300_m50_w50/ns_runs_out/ns_out_d12_nl300_m50_w50_n600_p12_ds415_lmin1of100_lseed415_lN1000_lpnsseed1000_nsseed1263.npz,0.29663598705784444,results/nl300_m50_w50/combined_nl300_m50_w50.npz,0.9682216319110247,0.9915153455903404
nl300_m50_w50,d12_nl300_m50_w50_n600_p12_ds415_lmin1of100_lseed415_lN1000_lpnsseed1000,d12_nl300_m50_w50_n600_p12_ds415,lmin1of100_lseed415_lN1000_lpnsseed1000,1264,2264,200,300,-182.07388184172078,26.42771380816936,0.31324996523546933,0.296803604022196,1.0554115953795609,results/bootstrap_runs/nl300_m50_w50/boot_method3_out/boot3_d12_nl300_m50_w50_n600_p12_ds415_lmin1of100_lseed415_lN1000_lpnsseed1000_nsseed1264_bootseed2264.npz,results/bootstrap_runs/nl300_m50_w50/ns_runs_out/ns_out_d12_nl300_m50_w50_n600_p12_ds415_lmin1of100_lseed415_lN1000_lpnsseed1000_nsseed1264.npz,0.29663598705784444,results/nl300_m50_w50/combined_nl300_m50_w50.npz,1.0560079656632664,1.0005650594387216
nl300_m50_w50,d12_nl300_m50_w50_n600_p12_ds415_lmin1of100_lseed415_lN1000_lpnsseed1000,d12_nl300_m50_w50_n600_p12_ds415,lmin1of100_lseed415_lN1000_lpnsseed1000,1265,2265,200,300,-181.61442828277004,25.890550509680114,0.25404085170786417,0.293771739676006,0.8647559223635326,results/bootstrap_runs/nl300_m50_w50/boot_method3_out/boot3_d12_nl300_m50_w50_n600_p12_ds415_lmin1of100_lseed415_lN1000_lpnsseed1000_nsseed1265_bootseed2265.npz,results/bootstrap_runs/nl300_m50_w50/ns_runs_out/ns_out_d12_nl300_m50_w50_n600_p12_ds415_lmin1of100_lseed415_lN1000_lpnsseed1000_nsseed1265.npz,0.29663598705784444,results/nl300_m50_w50/combined_nl300_m50_w50.npz,0.85640604239406,0.9903442349991072
nl300_m50_w50,d12_nl300_m50_w50_n600_p12_ds415_lmin1of100_lseed415_lN1000_lpnsseed1000,d12_nl300_m50_w50_n600_p12_ds415,lmin1of100_lseed415_lN1000_lpnsseed1000,1266,2266,200,300,-181.5316927955292,26.026492986261534,0.2943732328144195,0.2945419776888717,0.9994270939722201,results/bootstrap_runs/nl300_m50_w50/boot_method3_out/boot3_d12_nl300_m50_w50_n600_p12_ds415_lmin1of100_lseed415_lN1000_lpnsseed1000_nsseed1266_bootseed2266.npz,results/bootstrap_runs/nl300_m50_w50/ns_runs_out/ns_out_d12_nl300_m50_w50_n600_p12_ds415_lmin1of100_lseed415_lN1000_lpnsseed1000_nsseed1266.npz,0.29663598705784444,results/nl300_m50_w50/combined_nl300_m50_w50.npz,0.9923719496549699,0.9929408114310675
nl300_m50_w50,d12_nl300_m50_w50_n600_p12_ds415_lmin1of100_lseed415_lN1000_lpnsseed1000,d12_nl300_m50_w50_n600_p12_ds415,lmin1of100_lseed415_lN1000_lpnsseed1000,1267,2267,200,300,-181.44487181953426,25.85683691351467,0.28378460179277126,0.29358040871008784,0.966633308535959,results/bootstrap_runs/nl300_m50_w50/boot_method3_out/boot3_d12_nl300_m50_w50_n600_p12_ds415_lmin1of100_lseed415_lN1000_lpnsseed1000_nsseed1267_bootseed2267.npz,results/bootstrap_runs/nl300_m50_w50/ns_runs_out/ns_out_d12_nl300_m50_w50_n600_p12_ds415_lmin1of100_lseed415_lN1000_lpnsseed1000_nsseed1267.npz,0.29663598705784444,results/nl300_m50_w50/combined_nl300_m50_w50.npz,0.9566762435248048,0.989699232456375
nl300_m50_w50,d12_nl300_m50_w50_n600_p12_ds415_lmin1of100_lseed415_lN1000_lpnsseed1000,d12_nl300_m50_w50_n600_p12_ds415,lmin1of100_lseed415_lN1000_lpnsseed1000,1268,2268,200,300,-181.35855936512965,25.82201441508484,0.3006705310127617,0.2933826535151936,1.0248408602562138,results/bootstrap_runs/nl300_m50_w50/boot_method3_out/boot3_d12_nl300_m50_w50_n600_p12_ds415_lmin1of100_lseed415_lN1000_lpnsseed1000_nsseed1268_bootseed2268.npz,results/bootstrap_runs/nl300_m50_w50/ns_runs_out/ns_out_d12_nl300_m50_w50_n600_p12_ds415_lmin1of100_lseed415_lN1000_lpnsseed1000_nsseed1268.npz,0.29663598705784444,results/nl300_m50_w50/combined_nl300_m50_w50.npz,1.01360099290357,0.989032572969589
nl300_m50_w50,d12_nl300_m50_w50_n600_p12_ds415_lmin1of100_lseed415_lN1000_lpnsseed1000,d12_nl300_m50_w50_n600_p12_ds415,lmin1of100_lseed415_lN1000_lpnsseed1000,1269,2269,200,300,-181.76341524744794,25.96948319849266,0.2911077443353501,0.29421921078504637,0.9894246659101757,results/bootstrap_runs/nl300_m50_w50/boot_method3_out/boot3_d12_nl300_m50_w50_n600_p12_ds415_lmin1of100_lseed415_lN1000_lpnsseed1000_nsseed1269_bootseed2269.npz,results/bootstrap_runs/nl300_m50_w50/ns_runs_out/ns_out_d12_nl300_m50_w50_n600_p12_ds415_lmin1of100_lseed415_lN1000_lpnsseed1000_nsseed1269.npz,0.29663598705784444,results/nl300_m50_w50/combined_nl300_m50_w50.npz,0.9813635466912639,0.991852720579291
nl300_m50_w50,d12_nl300_m50_w50_n600_p12_ds415_lmin1of100_lseed415_lN1000_lpnsseed1000,d12_nl300_m50_w50_n600_p12_ds415,lmin1of100_lseed415_lN1000_lpnsseed1000,1270,2270,200,300,-181.43555560349782,25.95914217856874,0.30113257408896066,0.29416062606773613,1.0237011598541372,results/bootstrap_runs/nl300_m50_w50/boot_method3_out/boot3_d12_nl300_m50_w50_n600_p12_ds415_lmin1of100_lseed415_lN1000_lpnsseed1000_nsseed1270_bootseed2270.npz,results/bootstrap_runs/nl300_m50_w50/ns_runs_out/ns_out_d12_nl300_m50_w50_n600_p12_ds415_lmin1of100_lseed415_lN1000_lpnsseed1000_nsseed1270.npz,0.29663598705784444,results/nl300_m50_w50/combined_nl300_m50_w50.npz,1.0151586025543131,0.991655223580052
nl300_m50_w50,d12_nl300_m50_w50_n600_p12_ds415_lmin1of100_lseed415_lN1000_lpnsseed1000,d12_nl300_m50_w50_n600_p12_ds415,lmin1of100_lseed415_lN1000_lpnsseed1000,1271,2271,200,300,-181.52598829538582,26.073758159130538,0.3370580350195155,0.29480930649676207,1.1433086662860064,results/bootstrap_runs/nl300_m50_w50/boot_method3_out/boot3_d12_nl300_m50_w50_n600_p12_ds415_lmin1of100_lseed415_lN1000_lpnsseed1000_nsseed1271_bootseed2271.npz,results/bootstrap_runs/nl300_m50_w50/ns_runs_out/ns_out_d12_nl300_m50_w50_n600_p12_ds415_lmin1of100_lseed415_lN1000_lpnsseed1000_nsseed1271.npz,0.29663598705784444,results/nl300_m50_w50/combined_nl300_m50_w50.npz,1.1362681863471564,0.9938420129694979
nl300_m50_w50,d12_nl300_m50_w50_n600_p12_ds415_lmin1of100_lseed415_lN1000_lpnsseed1000,d12_nl300_m50_w50_n600_p12_ds415,lmin1of100_lseed415_lN1000_lpnsseed1000,1272,2272,200,300,-181.82882720475874,26.206009523492646,0.30856540922834025,0.29555602697002953,1.044016636681985,results/bootstrap_runs/nl300_m50_w50/boot_method3_out/boot3_d12_nl300_m50_w50_n600_p12_ds415_lmin1of100_lseed415_lN1000_lpnsseed1000_nsseed1272_bootseed2272.npz,results/bootstrap_runs/nl300_m50_w50/ns_runs_out/ns_out_d12_nl300_m50_w50_n600_p12_ds415_lmin1of100_lseed415_lN1000_lpnsseed1000_nsseed1272.npz,0.29663598705784444,results/nl300_m50_w50/combined_nl300_m50_w50.npz,1.040215694288534,0.9963593085972933
nl300_m50_w50,d12_nl300_m50_w50_n600_p12_ds415_lmin1of100_lseed415_lN1000_lpnsseed1000,d12_nl300_m50_w50_n600_p12_ds415,lmin1of100_lseed415_lN1000_lpnsseed1000,1273,2273,200,300,-181.26510787226277,25.8519383835353,0.3221100676608427,0.29355259825986496,1.0972822913858098,results/bootstrap_runs/nl300_m50_w50/boot_method3_out/boot3_d12_nl300_m50_w50_n600_p12_ds415_lmin1of100_lseed415_lN1000_lpnsseed1000_nsseed1273_bootseed2273.npz,results/bootstrap_runs/nl300_m50_w50/ns_runs_out/ns_out_d12_nl300_m50_w50_n600_p12_ds415_lmin1of100_lseed415_lN1000_lpnsseed1000_nsseed1273.npz,0.29663598705784444,results/nl300_m50_w50/combined_nl300_m50_w50.npz,1.0858765683006317,0.9896054796703468
nl300_m50_w50,d12_nl300_m50_w50_n600_p12_ds415_lmin1of100_lseed415_lN1000_lpnsseed1000,d12_nl300_m50_w50_n600_p12_ds415,lmin1of100_lseed415_lN1000_lpnsseed1000,1274,2274,200,300,-181.75603217571384,26.183951407863123,0.2754630079968061,0.29543161311242644,0.9324087056721947,results/bootstrap_runs/nl300_m50_w50/boot_method3_out/boot3_d12_nl300_m50_w50_n600_p12_ds415_lmin1of100_lseed415_lN1000_lpnsseed1000_nsseed1274_bootseed2274.npz,results/bootstrap_runs/nl300_m50_w50/ns_runs_out/ns_out_d12_nl300_m50_w50_n600_p12_ds415_lmin1of100_lseed415_lN1000_lpnsseed1000_nsseed1274.npz,0.29663598705784444,results/nl300_m50_w50/combined_nl300_m50_w50.npz,0.9286230262516679,0.9959398926699236
nl300_m50_w50,d12_nl300_m50_w50_n600_p12_ds415_lmin1of100_lseed415_lN1000_lpnsseed1000,d12_nl300_m50_w50_n600_p12_ds415,lmin1of100_lseed415_lN1000_lpnsseed1000,1275,2275,200,300,-181.79804751899567,26.08192240846837,0.28046927043736103,0.2948554584225315,0.9512093550442098,results/bootstrap_runs/nl300_m50_w50/boot_method3_out/boot3_d12_nl300_m50_w50_n600_p12_ds415_lmin1of100_lseed415_lN1000_lpnsseed1000_nsseed1275_bootseed2275.npz,results/bootstrap_runs/nl300_m50_w50/ns_runs_out/ns_out_d12_nl300_m50_w50_n600_p12_ds415_lmin1of100_lseed415_lN1000_lpnsseed1000_nsseed1275.npz,0.29663598705784444,results/nl300_m50_w50/combined_nl300_m50_w50.npz,0.9454998134891472,0.9939975973482755
nl300_m50_w50,d12_nl300_m50_w50_n600_p12_ds415_lmin1of100_lseed415_lN1000_lpnsseed1000,d12_nl300_m50_w50_n600_p12_ds415,lmin1of100_lseed415_lN1000_lpnsseed1000,1276,2276,200,300,-181.7041016517823,26.091452974445843,0.30058472303899436,0.29490932490312927,1.0192445530087233,results/bootstrap_runs/nl300_m50_w50/boot_method3_out/boot3_d12_nl300_m50_w50_n600_p12_ds415_lmin1of100_lseed415_lN1000_lpnsseed1000_nsseed1276_bootseed2276.npz,results/bootstrap_runs/nl300_m50_w50/ns_runs_out/ns_out_d12_nl300_m50_w50_n600_p12_ds415_lmin1of100_lseed415_lN1000_lpnsseed1000_nsseed1276.npz,0.29663598705784444,results/nl300_m50_w50/combined_nl300_m50_w50.npz,1.0133117226278412,0.9941791885339304
nl300_m50_w50,d12_nl300_m50_w50_n600_p12_ds415_lmin1of100_lseed415_lN1000_lpnsseed1000,d12_nl300_m50_w50_n600_p12_ds415,lmin1of100_lseed415_lN1000_lpnsseed1000,1277,2277,200,300,-181.563735692551,26.132769450504313,0.28645758629661827,0.29514273072816993,0.9705730701544847,results/bootstrap_runs/nl300_m50_w50/boot_method3_out/boot3_d12_nl300_m50_w50_n600_p12_ds415_lmin1of100_lseed415_lN1000_lpnsseed1000_nsseed1277_bootseed2277.npz,results/bootstrap_runs/nl300_m50_w50/ns_runs_out/ns_out_d12_nl300_m50_w50_n600_p12_ds415_lmin1of100_lseed415_lN1000_lpnsseed1000_nsseed1277.npz,0.29663598705784444,results/nl300_m50_w50/combined_nl300_m50_w50.npz,0.9656872355165681,0.9949660311127951
nl300_m50_w50,d12_nl300_m50_w50_n600_p12_ds415_lmin1of100_lseed415_lN1000_lpnsseed1000,d12_nl300_m50_w50_n600_p12_ds415,lmin1of100_lseed415_lN1000_lpnsseed1000,1278,2278,200,300,-181.88451753303434,26.156460466928603,0.2911068696217497,0.295276483243127,0.9858789512270637,results/bootstrap_runs/nl300_m50_w50/boot_method3_out/boot3_d12_nl300_m50_w50_n600_p12_ds415_lmin1of100_lseed415_lN1000_lpnsseed1000_nsseed1278_bootseed2278.npz,results/bootstrap_runs/nl300_m50_w50/ns_runs_out/ns_out_d12_nl300_m50_w50_n600_p12_ds415_lmin1of100_lseed415_lN1000_lpnsseed1000_nsseed1278.npz,0.29663598705784444,results/nl300_m50_w50/combined_nl300_m50_w50.npz,0.9813605979135075,0.9954169289161388
nl300_m50_w50,d12_nl300_m50_w50_n600_p12_ds415_lmin1of100_lseed415_lN1000_lpnsseed1000,d12_nl300_m50_w50_n600_p12_ds415,lmin1of100_lseed415_lN1000_lpnsseed1000,1279,2279,200,300,-181.8679383469761,26.310656856672225,0.2811733007896449,0.29614555462177844,0.9494429222439105,results/bootstrap_runs/nl300_m50_w50/boot_method3_out/boot3_d12_nl300_m50_w50_n600_p12_ds415_lmin1of100_lseed415_lN1000_lpnsseed1000_nsseed1279_bootseed2279.npz,results/bootstrap_runs/nl300_m50_w50/ns_runs_out/ns_out_d12_nl300_m50_w50_n600_p12_ds415_lmin1of100_lseed415_lN1000_lpnsseed1000_nsseed1279.npz,0.29663598705784444,results/nl300_m50_w50/combined_nl300_m50_w50.npz,0.9478731949499294,0.9983466859805841
nl300_m50_w50,d12_nl300_m50_w50_n600_p12_ds415_lmin1of100_lseed415_lN1000_lpnsseed1000,d12_nl300_m50_w50_n600_p12_ds415,lmin1of100_lseed415_lN1000_lpnsseed1000,1280,2280,200,300,-181.46501370652862,26.043674370984487,0.30026747714825813,0.29463918256620525,1.0191023289334173,results/bootstrap_runs/nl300_m50_w50/boot_method3_out/boot3_d12_nl300_m50_w50_n600_p12_ds415_lmin1of100_lseed415_lN1000_lpnsseed1000_nsseed1280_bootseed2280.npz,results/bootstrap_runs/nl300_m50_w50/ns_runs_out/ns_out_d12_nl300_m50_w50_n600_p12_ds415_lmin1of100_lseed415_lN1000_lpnsseed1000_nsseed1280.npz,0.29663598705784444,results/nl300_m50_w50/combined_nl300_m50_w50.npz,1.0122422438573022,0.993268502208905
nl300_m50_w50,d12_nl300_m50_w50_n600_p12_ds415_lmin1of100_lseed415_lN1000_lpnsseed1000,d12_nl300_m50_w50_n600_p12_ds415,lmin1of100_lseed415_lN1000_lpnsseed1000,1281,2281,200,300,-181.594911401715,26.19957200864446,0.2894954974524965,0.29551972302281543,0.9796148104475116,results/bootstrap_runs/nl300_m50_w50/boot_method3_out/boot3_d12_nl300_m50_w50_n600_p12_ds415_lmin1of100_lseed415_lN1000_lpnsseed1000_nsseed1281_bootseed2281.npz,results/bootstrap_runs/nl300_m50_w50/ns_runs_out/ns_out_d12_nl300_m50_w50_n600_p12_ds415_lmin1of100_lseed415_lN1000_lpnsseed1000_nsseed1281.npz,0.29663598705784444,results/nl300_m50_w50/combined_nl300_m50_w50.npz,0.9759284445688123,0.9962369230850897
nl300_m50_w50,d12_nl300_m50_w50_n600_p12_ds415_lmin1of100_lseed415_lN1000_lpnsseed1000,d12_nl300_m50_w50_n600_p12_ds415,lmin1of100_lseed415_lN1000_lpnsseed1000,1282,2282,200,300,-181.7161907825227,26.081037461966844,0.2728486523840864,0.29485045623144196,0.92537978699926,results/bootstrap_runs/nl300_m50_w50/boot_method3_out/boot3_d12_nl300_m50_w50_n600_p12_ds415_lmin1of100_lseed415_lN1000_lpnsseed1000_nsseed1282_bootseed2282.npz,results/bootstrap_runs/nl300_m50_w50/ns_runs_out/ns_out_d12_nl300_m50_w50_n600_p12_ds415_lmin1of100_lseed415_lN1000_lpnsseed1000_nsseed1282.npz,0.29663598705784444,results/nl300_m50_w50/combined_nl300_m50_w50.npz,0.9198096801750508,0.9939807342861124
nl300_m50_w50,d12_nl300_m50_w50_n600_p12_ds415_lmin1of100_lseed415_lN1000_lpnsseed1000,d12_nl300_m50_w50_n600_p12_ds415,lmin1of100_lseed415_lN1000_lpnsseed1000,1283,2283,200,300,-181.63066784989397,26.091687323685345,0.31405485217774637,0.29491064931424765,1.0649152647014088,results/bootstrap_runs/nl300_m50_w50/boot_method3_out/boot3_d12_nl300_m50_w50_n600_p12_ds415_lmin1of100_lseed415_lN1000_lpnsseed1000_nsseed1283_bootseed2283.npz,results/bootstrap_runs/nl300_m50_w50/ns_runs_out/ns_out_d12_nl300_m50_w50_n600_p12_ds415_lmin1of100_lseed415_lN1000_lpnsseed1000_nsseed1283.npz,0.29663598705784444,results/nl300_m50_w50/combined_nl300_m50_w50.npz,1.0587213483187567,0.9941836533027925
nl300_m50_w50,d12_nl300_m50_w50_n600_p12_ds415_lmin1of100_lseed415_lN1000_lpnsseed1000,d12_nl300_m50_w50_n600_p12_ds415,lmin1of100_lseed415_lN1000_lpnsseed1000,1284,2284,200,300,-181.73427306956515,26.10862232691391,0.29729418956428827,0.2950063407618776,1.0077552529769431,results/bootstrap_runs/nl300_m50_w50/boot_method3_out/boot3_d12_nl300_m50_w50_n600_p12_ds415_lmin1of100_lseed415_lN1000_lpnsseed1000_nsseed1284_bootseed2284.npz,results/bootstrap_runs/nl300_m50_w50/ns_runs_out/ns_out_d12_nl300_m50_w50_n600_p12_ds415_lmin1of100_lseed415_lN1000_lpnsseed1000_nsseed1284.npz,0.29663598705784444,results/nl300_m50_w50/combined_nl300_m50_w50.npz,1.002218889599243,0.9945062421045728
nl300_m50_w50,d12_nl300_m50_w50_n600_p12_ds415_lmin1of100_lseed415_lN1000_lpnsseed1000,d12_nl300_m50_w50_n600_p12_ds415,lmin1of100_lseed415_lN1000_lpnsseed1000,1285,2285,200,300,-181.5020096338135,26.006292628212442,0.31157610819987525,0.2944276517143753,1.0582433626245666,results/bootstrap_runs/nl300_m50_w50/boot_method3_out/boot3_d12_nl300_m50_w50_n600_p12_ds415_lmin1of100_lseed415_lN1000_lpnsseed1000_nsseed1285_bootseed2285.npz,results/bootstrap_runs/nl300_m50_w50/ns_runs_out/ns_out_d12_nl300_m50_w50_n600_p12_ds415_lmin1of100_lseed415_lN1000_lpnsseed1000_nsseed1285.npz,0.29663598705784444,results/nl300_m50_w50/combined_nl300_m50_w50.npz,1.0503651673898806,0.9925554031209352
nl300_m50_w50,d12_nl300_m50_w50_n600_p12_ds415_lmin1of100_lseed415_lN1000_lpnsseed1000,d12_nl300_m50_w50_n600_p12_ds415,lmin1of100_lseed415_lN1000_lpnsseed1000,1286,2286,200,300,-181.6058692675644,25.977776582063218,0.2783013921193424,0.29426618665228493,0.9457470981815281,results/bootstrap_runs/nl300_m50_w50/boot_method3_out/boot3_d12_nl300_m50_w50_n600_p12_ds415_lmin1of100_lseed415_lN1000_lpnsseed1000_nsseed1286_bootseed2286.npz,results/bootstrap_runs/nl300_m50_w50/ns_runs_out/ns_out_d12_nl300_m50_w50_n600_p12_ds415_lmin1of100_lseed415_lN1000_lpnsseed1000_nsseed1286.npz,0.29663598705784444,results/nl300_m50_w50/combined_nl300_m50_w50.npz,0.9381916027102715,0.992011082576109
nl300_m50_w50,d12_nl300_m50_w50_n600_p12_ds415_lmin1of100_lseed415_lN1000_lpnsseed1000,d12_nl300_m50_w50_n600_p12_ds415,lmin1of100_lseed415_lN1000_lpnsseed1000,1287,2287,200,300,-181.3812585935585,25.910550483319444,0.29209954466985255,0.2938851844021144,0.9939240226216418,results/bootstrap_runs/nl300_m50_w50/boot_method3_out/boot3_d12_nl300_m50_w50_n600_p12_ds415_lmin1of100_lseed415_lN1000_lpnsseed1000_nsseed1287_bootseed2287.npz,results/bootstrap_runs/nl300_m50_w50/ns_runs_out/ns_out_d12_nl300_m50_w50_n600_p12_ds415_lmin1of100_lseed415_lN1000_lpnsseed1000_nsseed1287.npz,0.29663598705784444,results/nl300_m50_w50/combined_nl300_m50_w50.npz,0.9847070396515738,0.990726672501831
nl300_m50_w50,d12_nl300_m50_w50_n600_p12_ds415_lmin1of100_lseed415_lN1000_lpnsseed1000,d12_nl300_m50_w50_n600_p12_ds415,lmin1of100_lseed415_lN1000_lpnsseed1000,1288,2288,200,300,-181.69751387660688,26.061781944718607,0.2951609437914288,0.29474159272555234,1.0014227753266807,results/bootstrap_runs/nl300_m50_w50/boot_method3_out/boot3_d12_nl300_m50_w50_n600_p12_ds415_lmin1of100_lseed415_lN1000_lpnsseed1000_nsseed1288_bootseed2288.npz,results/bootstrap_runs/nl300_m50_w50/ns_runs_out/ns_out_d12_nl300_m50_w50_n600_p12_ds415_lmin1of100_lseed415_lN1000_lpnsseed1000_nsseed1288.npz,0.29663598705784444,results/nl300_m50_w50/combined_nl300_m50_w50.npz,0.995027429810369,0.993613740695856
nl300_m50_w50,d12_nl300_m50_w50_n600_p12_ds415_lmin1of100_lseed415_lN1000_lpnsseed1000,d12_nl300_m50_w50_n600_p12_ds415,lmin1of100_lseed415_lN1000_lpnsseed1000,1289,2289,200,300,-181.3441281155686,25.86317611488848,0.2785201314853864,0.29361639438156084,0.9485850818106685,results/bootstrap_runs/nl300_m50_w50/boot_method3_out/boot3_d12_nl300_m50_w50_n600_p12_ds415_lmin1of100_lseed415_lN1000_lpnsseed1000_nsseed1289_bootseed2289.npz,results/bootstrap_runs/nl300_m50_w50/ns_runs_out/ns_out_d12_nl300_m50_w50_n600_p12_ds415_lmin1of100_lseed415_lN1000_lpnsseed1000_nsseed1289.npz,0.29663598705784444,results/nl300_m50_w50/combined_nl300_m50_w50.npz,0.9389290026738212,0.9898205450180434
nl300_m50_w50,d12_nl300_m50_w50_n600_p12_ds415_lmin1of100_lseed415_lN1000_lpnsseed1000,d12_nl300_m50_w50_n600_p12_ds415,lmin1of100_lseed415_lN1000_lpnsseed1000,1290,2290,200,300,-181.94486762410784,26.449115257476322,0.2954564425755294,0.29692375709080787,0.9950582784966252,results/bootstrap_runs/nl300_m50_w50/boot_method3_out/boot3_d12_nl300_m50_w50_n600_p12_ds415_lmin1of100_lseed415_lN1000_lpnsseed1000_nsseed1290_bootseed2290.npz,results/bootstrap_runs/nl300_m50_w50/ns_runs_out/ns_out_d12_nl300_m50_w50_n600_p12_ds415_lmin1of100_lseed415_lN1000_lpnsseed1000_nsseed1290.npz,0.29663598705784444,results/nl300_m50_w50/combined_nl300_m50_w50.npz,0.9960235961455174,1.0009701116705956
nl300_m50_w50,d12_nl300_m50_w50_n600_p12_ds415_lmin1of100_lseed415_lN1000_lpnsseed1000,d12_nl300_m50_w50_n600_p12_ds415,lmin1of100_lseed415_lN1000_lpnsseed1000,1291,2291,200,300,-181.34419264214208,25.935090304778683,0.309131605501431,0.2940243204497358,1.0513810729282096,results/bootstrap_runs/nl300_m50_w50/boot_method3_out/boot3_d12_nl300_m50_w50_n600_p12_ds415_lmin1of100_lseed415_lN1000_lpnsseed1000_nsseed1291_bootseed2291.npz,results/bootstrap_runs/nl300_m50_w50/ns_runs_out/ns_out_d12_nl300_m50_w50_n600_p12_ds415_lmin1of100_lseed415_lN1000_lpnsseed1000_nsseed1291.npz,0.29663598705784444,results/nl300_m50_w50/combined_nl300_m50_w50.npz,1.0421244184413467,0.9911957189213211
nl300_m50_w50,d12_nl300_m50_w50_n600_p12_ds415_lmin1of100_lseed415_lN1000_lpnsseed1000,d12_nl300_m50_w50_n600_p12_ds415,lmin1of100_lseed415_lN1000_lpnsseed1000,1292,2292,200,300,-181.57965719203037,26.20794069921951,0.28789586844248644,0.2955669168407244,0.9740463226391073,results/bootstrap_runs/nl300_m50_w50/boot_method3_out/boot3_d12_nl300_m50_w50_n600_p12_ds415_lmin1of100_lseed415_lN1000_lpnsseed1000_nsseed1292_bootseed2292.npz,results/bootstrap_runs/nl300_m50_w50/ns_runs_out/ns_out_d12_nl300_m50_w50_n600_p12_ds415_lmin1of100_lseed415_lN1000_lpnsseed1000_nsseed1292.npz,0.29663598705784444,results/nl300_m50_w50/combined_nl300_m50_w50.npz,0.970535879000906,0.9963960198230717
nl300_m50_w50,d12_nl300_m50_w50_n600_p12_ds415_lmin1of100_lseed415_lN1000_lpnsseed1000,d12_nl300_m50_w50_n600_p12_ds415,lmin1of100_lseed415_lN1000_lpnsseed1000,1293,2293,200,300,-181.83792698040233,26.241832841840182,0.29420619675324383,0.2957579688520113,0.9947532365576127,results/bootstrap_runs/nl300_m50_w50/boot_method3_out/boot3_d12_nl300_m50_w50_n600_p12_ds415_lmin1of100_lseed415_lN1000_lpnsseed1000_nsseed1293_bootseed2293.npz,results/bootstrap_runs/nl300_m50_w50/ns_runs_out/ns_out_d12_nl300_m50_w50_n600_p12_ds415_lmin1of100_lseed415_lN1000_lpnsseed1000_nsseed1293.npz,0.29663598705784444,results/nl300_m50_w50/combined_nl300_m50_w50.npz,0.9918088485193578,0.9970400819720435
nl300_m50_w50,d12_nl300_m50_w50_n600_p12_ds415_lmin1of100_lseed415_lN1000_lpnsseed1000,d12_nl300_m50_w50_n600_p12_ds415,lmin1of100_lseed415_lN1000_lpnsseed1000,1294,2294,200,300,-181.88945149480097,26.312574898595543,0.2924192575587636,0.2961563489025999,0.9873813566459607,results/bootstrap_runs/nl300_m50_w50/boot_method3_out/boot3_d12_nl300_m50_w50_n600_p12_ds415_lmin1of100_lseed415_lN1000_lpnsseed1000_nsseed1294_bootseed2294.npz,results/bootstrap_runs/nl300_m50_w50/ns_runs_out/ns_out_d12_nl300_m50_w50_n600_p12_ds415_lmin1of100_lseed415_lN1000_lpnsseed1000_nsseed1294.npz,0.29663598705784444,results/nl300_m50_w50/combined_nl300_m50_w50.npz,0.9857848350063521,0.9983830749599811
nl300_m50_w50,d12_nl300_m50_w50_n600_p12_ds415_lmin1of100_lseed415_lN1000_lpnsseed1000,d12_nl300_m50_w50_n600_p12_ds415,lmin1of100_lseed415_lN1000_lpnsseed1000,1295,2295,200,300,-182.21526008123513,26.675752600508805,0.2746869611706818,0.29819318458849686,0.9211711580522762,results/bootstrap_runs/nl300_m50_w50/boot_method3_out/boot3_d12_nl300_m50_w50_n600_p12_ds415_lmin1of100_lseed415_lN1000_lpnsseed1000_nsseed1295_bootseed2295.npz,results/bootstrap_runs/nl300_m50_w50/ns_runs_out/ns_out_d12_nl300_m50_w50_n600_p12_ds415_lmin1of100_lseed415_lN1000_lpnsseed1000_nsseed1295.npz,0.29663598705784444,results/nl300_m50_w50/combined_nl300_m50_w50.npz,0.9260068675252051,1.0052495233167673
nl300_m50_w50,d12_nl300_m50_w50_n600_p12_ds415_lmin1of100_lseed415_lN1000_lpnsseed1000,d12_nl300_m50_w50_n600_p12_ds415,lmin1of100_lseed415_lN1000_lpnsseed1000,1296,2296,200,300,-181.17944485917462,25.653670452742787,0.2915085903833623,0.2924247507350839,0.9968670218597482,results/bootstrap_runs/nl300_m50_w50/boot_method3_out/boot3_d12_nl300_m50_w50_n600_p12_ds415_lmin1of100_lseed415_lN1000_lpnsseed1000_nsseed1296_bootseed2296.npz,results/bootstrap_runs/nl300_m50_w50/ns_runs_out/ns_out_d12_nl300_m50_w50_n600_p12_ds415_lmin1of100_lseed415_lN1000_lpnsseed1000_nsseed1296.npz,0.29663598705784444,results/nl300_m50_w50/combined_nl300_m50_w50.npz,0.9827148528897733,0.9858033532460801
nl300_m50_w50,d12_nl300_m50_w50_n600_p12_ds415_lmin1of100_lseed415_lN1000_lpnsseed1000,d12_nl300_m50_w50_n600_p12_ds415,lmin1of100_lseed415_lN1000_lpnsseed1000,1297,2297,200,300,-182.06111277224014,26.544391274082276,0.2972997719833691,0.29745807140997355,0.9994678260843483,results/bootstrap_runs/nl300_m50_w50/boot_method3_out/boot3_d12_nl300_m50_w50_n600_p12_ds415_lmin1of100_lseed415_lN1000_lpnsseed1000_nsseed1297_bootseed2297.npz,results/bootstrap_runs/nl300_m50_w50/ns_runs_out/ns_out_d12_nl300_m50_w50_n600_p12_ds415_lmin1of100_lseed415_lN1000_lpnsseed1000_nsseed1297.npz,0.29663598705784444,results/nl300_m50_w50/combined_nl300_m50_w50.npz,1.0022377086883771,1.0027713574481736
nl300_m50_w50,d12_nl300_m50_w50_n600_p12_ds415_lmin1of100_lseed415_lN1000_lpnsseed1000,d12_nl300_m50_w50_n600_p12_ds415,lmin1of100_lseed415_lN1000_lpnsseed1000,1298,2298,200,300,-182.06280406159405,26.33250124472999,0.27735152356575155,0.2962684663427749,0.9361493208827126,results/bootstrap_runs/nl300_m50_w50/boot_method3_out/boot3_d12_nl300_m50_w50_n600_p12_ds415_lmin1of100_lseed415_lN1000_lpnsseed1000_nsseed1298_bootseed2298.npz,results/bootstrap_runs/nl300_m50_w50/ns_runs_out/ns_out_d12_nl300_m50_w50_n600_p12_ds415_lmin1of100_lseed415_lN1000_lpnsseed1000_nsseed1298.npz,0.29663598705784444,results/nl300_m50_w50/combined_nl300_m50_w50.npz,0.9349894674501095,0.998761038002453
nl300_m50_w50,d12_nl300_m50_w50_n600_p12_ds415_lmin1of100_lseed415_lN1000_lpnsseed1000,d12_nl300_m50_w50_n600_p12_ds415,lmin1of100_lseed415_lN1000_lpnsseed1000,1299,2299,200,300,-181.78263497275708,26.374046156907006,0.3089516770995444,0.2965020863159145,1.0419882063506467,results/bootstrap_runs/nl300_m50_w50/boot_method3_out/boot3_d12_nl300_m50_w50_n600_p12_ds415_lmin1of100_lseed415_lN1000_lpnsseed1000_nsseed1299_bootseed2299.npz,results/bootstrap_runs/nl300_m50_w50/ns_runs_out/ns_out_d12_nl300_m50_w50_n600_p12_ds415_lmin1of100_lseed415_lN1000_lpnsseed1000_nsseed1299.npz,0.29663598705784444,results/nl300_m50_w50/combined_nl300_m50_w50.npz,1.0415178554829168,0.9995486025034993
