label,ns_seed,tag_low,n_boot_files_for_this_ns_run,bootstrap_sd,skilling_sd,bootstrap_minus_skilling_sd,bootstrap_over_skilling,bootstrap_over_skilling_minus_1_pct,abs_bootstrap_over_skilling_minus_1_pct,H,empirical_multirun_sd,bootstrap_over_empirical,skilling_over_empirical
d36_ds36_nl900_m50_w50,1000,lmin1of100_lseed36_lN1000_lpnsseed1000,1,0.26910928500628367,0.26722684311363254,0.0018824418926511322,1.0070443592818654,0.704435928186542,0.704435928186542,64.26916711243018,0.16484774620517972,1.6324717274043503,1.621052451521087
d36_ds36_nl900_m50_w50,1001,lmin1of100_lseed36_lN1000_lpnsseed1000,1,0.25913748051809704,0.26777168174203647,-0.00863420122393943,0.9677553609561396,-3.2244639043860435,3.2244639043860435,64.53150618866263,0.16484774620517972,1.5719807306043387,1.6243575535982835
d36_ds36_nl900_m50_w50,1002,lmin1of100_lseed36_lN1000_lpnsseed1000,1,0.23613288736065638,0.26677224601195576,-0.03063935865129938,0.8851478776022067,-11.48521223977933,11.48521223977933,64.0506881180371,0.16484774620517972,1.43243018358741,1.618294772922855
d36_ds36_nl900_m50_w50,1003,lmin1of100_lseed36_lN1000_lpnsseed1000,1,0.256528553076557,0.26695899829909164,-0.010430445222534668,0.9609286621204326,-3.9071337879567403,3.9071337879567403,64.14039609556896,0.16484774620517972,1.5561544454315173,1.619427650329037
d36_ds36_nl900_m50_w50,1004,lmin1of100_lseed36_lN1000_lpnsseed1000,1,0.27323811684624394,0.26810149998407923,0.005136616862164711,1.0191592246312302,1.915922463123021,1.915922463123021,64.6905728643419,0.16484774620517972,1.6575180621890628,1.626358298222552
d36_ds36_nl900_m50_w50,1005,lmin1of100_lseed36_lN1000_lpnsseed1000,1,0.27730003443668255,0.2665699286250715,0.010730105811611046,1.0402524990982867,4.025249909828665,4.025249909828665,63.95357416245816,0.16484774620517972,1.6821584815089783,1.6170674744517408
d36_ds36_nl900_m50_w50,1006,lmin1of100_lseed36_lN1000_lpnsseed1000,1,0.27486583095066613,0.26762199237030954,0.0072438385803565986,1.02706742639571,2.7067426395710026,2.7067426395710026,64.4593777202286,0.16484774620517972,1.6673921074331892,1.623449507384897
d36_ds36_nl900_m50_w50,1007,lmin1of100_lseed36_lN1000_lpnsseed1000,1,0.2850944185108163,0.2681443452076672,0.01695007330314907,1.0632124958295202,6.3212495829520154,6.3212495829520154,64.71125088016376,0.16484774620517972,1.7294408026420338,1.6266182060743382
d36_ds36_nl900_m50_w50,1008,lmin1of100_lseed36_lN1000_lpnsseed1000,1,0.276744703764564,0.26725184237391636,0.009492861390647644,1.0355202841871003,3.5520284187100293,3.5520284187100293,64.28119252702736,0.16484774620517972,1.6787897325578864,1.6212041021251098
d36_ds36_nl900_m50_w50,1009,lmin1of100_lseed36_lN1000_lpnsseed1000,1,0.2752949130893386,0.26811859872469723,0.00717631436464139,1.0267654478233716,2.6765447823371646,2.6765447823371646,64.6988246838857,0.16484774620517972,1.669995007069672,1.626462022665328
d36_ds36_nl900_m50_w50,1010,lmin1of100_lseed36_lN1000_lpnsseed1000,1,0.2902841228757599,0.2677962986308399,0.022487824244919963,1.0839736186044888,8.397361860448882,8.397361860448882,64.5433718043402,0.16484774620517972,1.7609226062117602,1.624506884659036
d36_ds36_nl900_m50_w50,1011,lmin1of100_lseed36_lN1000_lpnsseed1000,1,0.26705492125127517,0.26702482861576526,3.0092635509904042e-05,1.0001126960203135,0.011269602031349635,0.011269602031349635,64.17203318755094,0.16484774620517972,1.620009538491852,1.6198269904364335
d36_ds36_nl900_m50_w50,1012,lmin1of100_lseed36_lN1000_lpnsseed1000,1,0.2617279384004103,0.2669902361631465,-0.005262297762736179,0.9802902988575185,-1.9709701142481495,1.9709701142481495,64.15540758580745,0.16484774620517972,1.5876949756695338,1.6196171455740371
d36_ds36_nl900_m50_w50,1013,lmin1of100_lseed36_lN1000_lpnsseed1000,1,0.24425251183628754,0.26752194337952395,-0.023269431543236407,0.9130186060654288,-8.698139393457115,8.698139393457115,64.4111911706015,0.16484774620517972,1.4816854792317011,1.6228425898316472
d36_ds36_nl900_m50_w50,1014,lmin1of100_lseed36_lN1000_lpnsseed1000,1,0.25341174438733355,0.26770135465355255,-0.014289610266219,0.946621075994509,-5.337892400549105,5.337892400549105,64.49761375501241,0.16484774620517972,1.5372472491793827,1.6239309351573108
d36_ds36_nl900_m50_w50,1015,lmin1of100_lseed36_lN1000_lpnsseed1000,1,0.28312277745820347,0.2674456828436227,0.015677094614580778,1.0586178638140413,5.861786381404133,5.861786381404133,64.37447394452246,0.16484774620517972,1.7174804264888845,1.6223799778902843
d36_ds36_nl900_m50_w50,1015,lmin1of100_lseed36_lN1000_lpnsseed1015,1,0.2595051265089553,0.2674456828436229,-0.007940556334667614,0.9703096484854814,-2.96903515145186,2.96903515145186,64.37447394452255,0.16484774620517972,1.5742109460566063,1.6223799778902857
d36_ds36_nl900_m50_w50,1016,lmin1of100_lseed36_lN1000_lpnsseed1000,1,0.2657353693888405,0.2675597145123193,-0.0018243451234787877,0.9931815403271602,-0.6818459672839783,0.6818459672839783,64.42938074692242,0.16484774620517972,1.6120048681653785,1.6230717172153382
d36_ds36_nl900_m50_w50,1016,lmin1of100_lseed36_lN1000_lpnsseed1015,1,0.26038872814902486,0.2675597145123162,-0.007170986363291332,0.9731985572777204,-2.680144272227958,2.680144272227958,64.42938074692093,0.16484774620517972,1.579571053552221,1.6230717172153193
d36_ds36_nl900_m50_w50,1017,lmin1of100_lseed36_lN1000_lpnsseed1000,1,0.25683252273146867,0.2672105533133016,-0.010378030581832953,0.9611615991466295,-3.8838400853370536,3.8838400853370536,64.26133182180074,0.16484774620517972,1.5579983872621406,1.6209536342748345
d36_ds36_nl900_m50_w50,1018,lmin1of100_lseed36_lN1000_lpnsseed1000,1,0.2809161202934065,0.2693574754815851,0.011558644811821395,1.0429119139580427,4.2911913958042724,4.2911913958042724,65.29810463803146,0.16484774620517972,1.7040943947378018,1.6339773013719345
d36_ds36_nl900_m50_w50,1019,lmin1of100_lseed36_lN1000_lpnsseed1000,1,0.2668079220171956,0.2680048767480516,-0.0011969547308560147,0.9955338322743237,-0.44661677256763177,0.44661677256763177,64.64395256466452,0.16484774620517972,1.618511190836118,1.6257721619953247
d36_ds36_nl900_m50_w50,1020,lmin1of100_lseed36_lN1000_lpnsseed1000,1,0.28537880127071985,0.267978469382926,0.01740033188779383,1.0649318280228317,6.493182802283171,6.493182802283171,64.63121404753423,0.16484774620517972,1.7311659263786336,1.6256119695405686
d36_ds36_nl900_m50_w50,1021,lmin1of100_lseed36_lN1000_lpnsseed1000,1,0.2563588117013228,0.26810486343251616,-0.011746051731193363,0.9561885913563447,-4.381140864365529,4.381140864365529,64.69219601655132,0.16484774620517972,1.5551247596812316,1.6263787015857423
d36_ds36_nl900_m50_w50,1022,lmin1of100_lseed36_lN1000_lpnsseed1000,1,0.29499189291905537,0.2672687187996338,0.027723174119421545,1.103727717347293,10.372771734729302,10.372771734729302,64.28931124391796,0.16484774620517972,1.7894808980396382,1.6213064779604243
d36_ds36_nl900_m50_w50,1023,lmin1of100_lseed36_lN1000_lpnsseed1000,1,0.23749161861760526,0.2671101475584188,-0.029618528940813516,0.889114924267953,-11.088507573204698,11.088507573204698,64.21304783581223,0.16484774620517972,1.4406725240999563,1.6203445525179152
d36_ds36_nl900_m50_w50,1024,lmin1of100_lseed36_lN1000_lpnsseed1000,1,0.2943063455589213,0.2674178806988393,0.026888464860082006,1.1005484928300784,10.054849283007838,10.054849283007838,64.36109062571279,0.16484774620517972,1.785322228140198,1.6222113244180751
d36_ds36_nl900_m50_w50,1025,lmin1of100_lseed36_lN1000_lpnsseed1000,1,0.2547974817662158,0.2664665471492968,-0.01166906538308099,0.9562081412923363,-4.379185870766367,4.379185870766367,63.903978674701584,0.16484774620517972,1.5456534143274185,1.6164403413658808
d36_ds36_nl900_m50_w50,1026,lmin1of100_lseed36_lN1000_lpnsseed1000,1,0.2632109921469613,0.26813623943093273,-0.004925247283971423,0.9816315493406474,-1.8368450659352553,1.8368450659352553,64.70733860654624,0.16484774620517972,1.5966914817224895,1.6265690347819117
d36_ds36_nl900_m50_w50,1027,lmin1of100_lseed36_lN1000_lpnsseed1000,1,0.2957915297720399,0.26820427334095653,0.02758725643108334,1.1028591233369829,10.285912333698288,10.285912333698288,64.74017901451549,0.16484774620517972,1.7943316580372255,1.6269817423353357
d36_ds36_nl900_m50_w50,1028,lmin1of100_lseed36_lN1000_lpnsseed1000,1,0.2353631778013212,0.2692865288939948,-0.03392335109267358,0.8740250719855817,-12.597492801441835,12.597492801441835,65.26371117939865,0.16484774620517972,1.4277609686478432,1.6335469249232202
d36_ds36_nl900_m50_w50,1029,lmin1of100_lseed36_lN1000_lpnsseed1000,1,0.2778659813132385,0.2689277981807254,0.0089381831325131,1.0332363675045093,3.323636750450931,3.323636750450931,65.08994457089968,0.16484774620517972,1.685591630518195,1.6313707913604178
d36_ds36_nl900_m50_w50,1030,lmin1of100_lseed36_lN1000_lpnsseed1000,1,0.25851297391599665,0.2658877305322726,-0.007374756616275957,0.972263644503217,-2.7736355496782994,2.7736355496782994,63.62665672284215,0.16484774620517972,1.5681923463741831,1.6129291218900395
d36_ds36_nl900_m50_w50,1030,lmin1of100_lseed36_lN1000_lpnsseed1030,1,0.2786495669660431,0.2658877305322729,0.012761836433770213,1.047997086620818,4.799708662081792,4.799708662081792,63.626656722842306,0.16484774620517972,1.6903450206666373,1.612929121890041
d36_ds36_nl900_m50_w50,1031,lmin1of100_lseed36_lN1000_lpnsseed1000,1,0.27500404940906586,0.2670858818819313,0.00791816752713459,1.029646522202304,2.9646522202303904,2.9646522202303904,64.20138147058405,0.16484774620517972,1.6682305687502623,1.6201973519825963
d36_ds36_nl900_m50_w50,1031,lmin1of100_lseed36_lN1000_lpnsseed1030,1,0.26930021314566965,0.267085881881931,0.002214331263738656,1.0082907087717858,0.8290708771785837,0.8290708771785837,64.20138147058393,0.16484774620517972,1.6336299363807008,1.6201973519825945
d36_ds36_nl900_m50_w50,1032,lmin1of100_lseed36_lN1000_lpnsseed1000,1,0.25798234987036267,0.26623420080140436,-0.008251850931041693,0.9690052934363714,-3.099470656362857,3.099470656362857,63.79258470872625,0.16484774620517972,1.5649734728508926,1.6150308811018428
d36_ds36_nl900_m50_w50,1033,lmin1of100_lseed36_lN1000_lpnsseed1000,1,0.26643455040515657,0.2678816168605559,-0.0014470664553993262,0.9945981121349114,-0.540188786508855,0.540188786508855,64.5845045866431,0.16484774620517972,1.6162462425997357,1.6250244424156932
d36_ds36_nl900_m50_w50,1034,lmin1of100_lseed36_lN1000_lpnsseed1000,1,0.2688104170999106,0.2671998703644245,0.001610546735486107,1.0060274981918573,0.6027498191857328,0.6027498191857328,64.25619365048874,0.16484774620517972,1.630658733819342,1.6208888293313455
d36_ds36_nl900_m50_w50,1035,lmin1of100_lseed36_lN1000_lpnsseed1000,1,0.2724626775521046,0.2664863424454314,0.005976335106673225,1.022426421751415,2.242642175141496,2.242642175141496,63.91347363894936,0.16484774620517972,1.652814089511304,1.6165604236635784
d36_ds36_nl900_m50_w50,1036,lmin1of100_lseed36_lN1000_lpnsseed1000,1,0.24997872411677557,0.2680750564887691,-0.01809633237199354,0.932495277221916,-6.750472277808395,6.750472277808395,64.67781232031108,0.16484774620517972,1.516421849077855,1.6261978865947386
d36_ds36_nl900_m50_w50,1037,lmin1of100_lseed36_lN1000_lpnsseed1000,1,0.2989892324490901,0.2668912582919355,0.032097974157154596,1.1202661127328668,12.02661127328668,12.02661127328668,64.10784937738738,0.16484774620517972,1.8137295736937136,1.6190167256502621
d36_ds36_nl900_m50_w50,1038,lmin1of100_lseed36_lN1000_lpnsseed1000,1,0.2439322315272824,0.26665816479191645,-0.02272593326463404,0.9147750331126446,-8.522496688735536,8.522496688735536,63.99591916517359,0.16484774620517972,1.479742593651655,1.6176027330092653
d36_ds36_nl900_m50_w50,1039,lmin1of100_lseed36_lN1000_lpnsseed1000,1,0.2592424918615403,0.2671744956200059,-0.007932003758465589,0.9703115234107261,-2.968847658927387,2.968847658927387,64.2439899988241,0.16484774620517972,1.5726177507994015,1.620734900964093
d36_ds36_nl900_m50_w50,1040,lmin1of100_lseed36_lN1000_lpnsseed1000,1,0.2776531404000265,0.268133061012137,0.009520079387889457,1.035505056153663,3.550505615366295,3.550505615366295,64.70580456696456,0.16484774620517972,1.684300494193243,1.6265497538462066
d36_ds36_nl900_m50_w50,1041,lmin1of100_lseed36_lN1000_lpnsseed1000,1,0.29335653672515954,0.2676614448235444,0.02569509190161512,1.0959984801642038,9.599848016420376,9.599848016420376,64.47838414052458,0.16484774620517972,1.7795604943244405,1.6236888340007778
d36_ds36_nl900_m50_w50,1042,lmin1of100_lseed36_lN1000_lpnsseed1000,1,0.27415542750723565,0.26768729370790456,0.006468133799331088,1.0241630213736965,2.4163021373696525,2.4163021373696525,64.49083849139575,0.16484774620517972,1.6630826554704898,1.623845638597475
d36_ds36_nl900_m50_w50,1043,lmin1of100_lseed36_lN1000_lpnsseed1000,1,0.2695191661253495,0.2672074231605175,0.0023117429648319976,1.0086514923032033,0.8651492303203279,0.8651492303203279,64.25982629287547,0.16484774620517972,1.6349581497455794,1.6209346461305851
d36_ds36_nl900_m50_w50,1044,lmin1of100_lseed36_lN1000_lpnsseed1000,1,0.27817802776347383,0.26781462440447595,0.01036340335899788,1.0386961816668614,3.8696181666861396,3.8696181666861396,64.55220574041947,0.16484774620517972,1.6874845678341044,1.6246180525339866
d36_ds36_nl900_m50_w50,1045,lmin1of100_lseed36_lN1000_lpnsseed1000,1,0.27672505269348013,0.26676848971193007,0.009956562981550066,1.0373228599535937,3.7322859953593746,3.7322859953593746,64.04888439286572,0.16484774620517972,1.6786705251587182,1.6182719864419224
d36_ds36_nl900_m50_w50,1045,lmin1of100_lseed36_lN1000_lpnsseed1045,1,0.27620271602158464,0.2667684897119332,0.009434226309651461,1.0353648450753643,3.5364845075364304,3.5364845075364304,64.04888439286722,0.16484774620517972,1.6755019245322627,1.6182719864419413
d36_ds36_nl900_m50_w50,1046,lmin1of100_lseed36_lN1000_lpnsseed1000,1,0.2723888185369689,0.26762761922259404,0.004761199314374853,1.0177903884815969,1.7790388481596864,1.7790388481596864,64.4620883136784,0.16484774620517972,1.6523660456839784,1.6234836410167726
d36_ds36_nl900_m50_w50,1046,lmin1of100_lseed36_lN1000_lpnsseed1045,1,0.27525240467828405,0.2676276192225903,0.007624785455693728,1.0284902786858934,2.8490278685893378,2.8490278685893378,64.46208831367663,0.16484774620517972,1.6697371423913059,1.6234836410167501
d36_ds36_nl900_m50_w50,1047,lmin1of100_lseed36_lN1000_lpnsseed1000,1,0.2536362004212232,0.26736659368069493,-0.01373039325947173,0.9486458159545939,-5.135418404540615,5.135418404540615,64.33640587477603,0.16484774620517972,1.5386088451918043,1.6219002069213242
d36_ds36_nl900_m50_w50,1048,lmin1of100_lseed36_lN1000_lpnsseed1000,1,0.2698646472203244,0.26812179536217573,0.001742851858148653,1.0065002244811707,0.6500224481170713,0.6500224481170713,64.7003674334128,0.16484774620517972,1.6370539084255002,1.626481414119273
d36_ds36_nl900_m50_w50,1049,lmin1of100_lseed36_lN1000_lpnsseed1000,1,0.2505527416411501,0.2689198211034493,-0.018367079462299207,0.9317005366620645,-6.829946333793546,6.829946333793546,65.08608316408007,0.16484774620517972,1.5199039562803403,1.6313224007851161
d36_ds36_nl900_m50_w50,1050,lmin1of100_lseed36_lN1000_lpnsseed1000,1,0.29106258923891504,0.26881934205382785,0.02224324718508719,1.0827442215100476,8.274422151004757,8.274422151004757,65.0374547960276,0.16484774620517972,1.7656449417066369,1.6307128744073858
d36_ds36_nl900_m50_w50,1051,lmin1of100_lseed36_lN1000_lpnsseed1000,1,0.3132729171061038,0.26702893727192406,0.046243979834179716,1.1731796572559774,17.317965725597738,17.317965725597738,64.17400800651583,0.16484774620517972,1.900377313719442,1.6198519143814274
d36_ds36_nl900_m50_w50,1052,lmin1of100_lseed36_lN1000_lpnsseed1000,1,0.26784769158132166,0.26743403429245194,0.00041365728886971764,1.0015467638214566,0.1546763821456576,0.1546763821456576,64.36886642814272,0.16484774620517972,1.6248186447629185,1.6223093154066357
d36_ds36_nl900_m50_w50,1053,lmin1of100_lseed36_lN1000_lpnsseed1000,1,0.27638500157897944,0.2685819678504506,0.007803033728528863,1.0290527089029062,2.9052708902906232,2.9052708902906232,64.92264610897843,0.16484774620517972,1.6766077058461784,1.6292729141480455
d36_ds36_nl900_m50_w50,1054,lmin1of100_lseed36_lN1000_lpnsseed1000,1,0.27626643768479403,0.2678672484920244,0.008399189192769607,1.0313557900043897,3.1355790004389705,3.1355790004389705,64.57757653321917,0.16484774620517972,1.6758884731183143,1.624937280966039
d36_ds36_nl900_m50_w50,1055,lmin1of100_lseed36_lN1000_lpnsseed1000,1,0.2801037752907338,0.2683383261476821,0.01176544914305172,1.0438455784977079,4.384557849770787,4.384557849770787,64.80491155176584,0.16484774620517972,1.69916654451617,1.6277949339610114
d36_ds36_nl900_m50_w50,1056,lmin1of100_lseed36_lN1000_lpnsseed1000,1,0.2864010741234379,0.2678022996720512,0.01859877445138669,1.0694496442867094,6.944964428670941,6.944964428670941,64.5462645386752,0.16484774620517972,1.7373672416907986,1.6245432881971458
d36_ds36_nl900_m50_w50,1057,lmin1of100_lseed36_lN1000_lpnsseed1000,1,0.28113061842460746,0.267987753197963,0.013142865226644485,1.049042782999624,4.904278299962406,4.904278299962406,64.63569227768308,0.16484774620517972,1.7053955840845703,1.6256682870532473
d36_ds36_nl900_m50_w50,1058,lmin1of100_lseed36_lN1000_lpnsseed1000,1,0.24779837525297893,0.26895674042248735,-0.02115836516950842,0.9213317162593804,-7.866828374061963,7.866828374061963,65.10395539682033,0.16484774620517972,1.5031954088383697,1.631546360893082
d36_ds36_nl900_m50_w50,1059,lmin1of100_lseed36_lN1000_lpnsseed1000,1,0.2723081544950281,0.2683470665084179,0.003961087986610212,1.0147610631193018,1.476106311930181,1.476106311930181,64.80913329330592,0.16484774620517972,1.6518767211781986,1.6278479547692237
d36_ds36_nl900_m50_w50,1100,lmin1of100_lseed36_lN1000_lpnsseed1100,1,0.2559787663401478,0.26777446615265577,-0.011795699812507943,0.9559491239699333,-4.405087603006674,4.405087603006674,64.53284825100582,0.16484774620517972,1.5528193271234705,1.62437444440015
d36_ds36_nl900_m50_w50,1101,lmin1of100_lseed36_lN1000_lpnsseed1100,1,0.2644395731013057,0.26670829220622183,-0.002268719104916106,0.9914936311647862,-0.8506368835213829,0.8506368835213829,64.01998181840348,0.16484774620517972,1.6041443039941101,1.6179068161129735
d36_ds36_nl900_m50_w50,1102,lmin1of100_lseed36_lN1000_lpnsseed1100,1,0.2630603990878848,0.26834568755082105,-0.005285288462936244,0.9803041796155741,-1.9695820384425855,1.9695820384425855,64.80846722441059,0.16484774620517972,1.5957779535576029,1.6278395897316145
d36_ds36_nl900_m50_w50,1103,lmin1of100_lseed36_lN1000_lpnsseed1100,1,0.2620658449320121,0.26717612898432735,-0.005110284052315228,0.9808729766699517,-1.9127023330048343,1.9127023330048343,64.24477550914493,0.16484774620517972,1.5897447855054612,1.6207448092847043
d36_ds36_nl900_m50_w50,1104,lmin1of100_lseed36_lN1000_lpnsseed1100,1,0.24819581313419367,0.2678585033207275,-0.019662690186533854,0.9265929961424813,-7.340700385751875,7.340700385751875,64.5733600210982,0.16484774620517972,1.505606347964708,1.6248842309759832
d36_ds36_nl900_m50_w50,1105,lmin1of100_lseed36_lN1000_lpnsseed1100,1,0.27140656171112276,0.26854948364486714,0.002857078066255625,1.010638925934536,1.063892593453608,1.063892593453608,64.9069426493323,0.16484774620517972,1.6464074757401495,1.6290758583415135
d36_ds36_nl900_m50_w50,1106,lmin1of100_lseed36_lN1000_lpnsseed1100,1,0.26579670430722163,0.2669683982933671,-0.0011716939861454723,0.9956111135488857,-0.4388886451114349,0.4388886451114349,64.14491311859332,0.16484774620517972,1.6123769382712372,1.6194846726086367
d36_ds36_nl900_m50_w50,1107,lmin1of100_lseed36_lN1000_lpnsseed1100,1,0.2675452752733135,0.2682919927370997,-0.000746717463786184,0.99721677320233,-0.27832267976699576,0.27832267976699576,64.78253403015957,0.16484774620517972,1.6229841258509539,1.627513866056542
d36_ds36_nl900_m50_w50,1108,lmin1of100_lseed36_lN1000_lpnsseed1100,1,0.2760475626237065,0.26754344598313573,0.008504116640570769,1.0317859277371602,3.178592773716016,3.178592773716016,64.42154593967796,0.16484774620517972,1.6745607324234848,1.6229730290041975
d36_ds36_nl900_m50_w50,1109,lmin1of100_lseed36_lN1000_lpnsseed1100,1,0.27226043139608436,0.267425003882134,0.00483542751395033,1.0180814338366113,1.8081433836611316,1.8081433836611316,64.36451943122347,0.16484774620517972,1.6515872231411168,1.622254535098589
d36_ds36_nl900_m50_w50,1110,lmin1of100_lseed36_lN1000_lpnsseed1100,1,0.2704852037557642,0.2686155851888374,0.0018696185669268006,1.0069602013807668,0.6960201380766806,0.6960201380766806,64.9388993457074,0.16484774620517972,1.640818330746855,1.629476843768927
d36_ds36_nl900_m50_w50,1111,lmin1of100_lseed36_lN1000_lpnsseed1100,1,0.286890032394258,0.2685688646899535,0.018321167704304475,1.068217765024457,6.821776502445709,6.821776502445709,64.91631157276551,0.16484774620517972,1.7403333621387633,1.6291934277079896
d36_ds36_nl900_m50_w50,1112,lmin1of100_lseed36_lN1000_lpnsseed1100,1,0.2742582528165902,0.2670987983148963,0.007159454501693918,1.0268045178295908,2.6804517829590813,2.6804517829590813,64.2075912551355,0.16484774620517972,1.6637064147375809,1.6202757056954153
d36_ds36_nl900_m50_w50,1113,lmin1of100_lseed36_lN1000_lpnsseed1100,1,0.25209028050454935,0.2673473293824921,-0.01525704887794277,0.9429317326147119,-5.7068267385288145,5.7068267385288145,64.32713507515567,0.16484774620517972,1.5292309801480826,1.6217833457652193
d36_ds36_nl900_m50_w50,1114,lmin1of100_lseed36_lN1000_lpnsseed1100,1,0.26160317636065894,0.26771293555132064,-0.006109759190661701,0.9771779455554531,-2.282205444454688,2.282205444454688,64.50319427535501,0.16484774620517972,1.5869381437284038,1.6240011872416413
d36_ds36_nl900_m50_w50,1115,lmin1of100_lseed36_lN1000_lpnsseed1100,1,0.28139053801515607,0.2691944216891612,0.012196116325994877,1.0453059771798605,4.530597717986051,4.530597717986051,65.21907300170575,0.16484774620517972,1.7069723092538975,1.6329881838609133
d36_ds36_nl900_m50_w50,1116,lmin1of100_lseed36_lN1000_lpnsseed1100,1,0.27163020089553336,0.2676464688578977,0.0039837320376356344,1.0148843063561983,1.4884306356198307,1.4884306356198307,64.47116906289146,0.16484774620517972,1.6477641165772783,1.6235979867432846
d36_ds36_nl900_m50_w50,1117,lmin1of100_lseed36_lN1000_lpnsseed1100,1,0.23766518026130065,0.26813015733612316,-0.030464977074822513,0.8863798933417543,-11.362010665824574,11.362010665824574,64.70440314578475,0.16484774620517972,1.4417253843767317,1.626532139556168
d36_ds36_nl900_m50_w50,1118,lmin1of100_lseed36_lN1000_lpnsseed1100,1,0.2593455659141255,0.26809353096024713,-0.00874796504612163,0.9673697272187489,-3.263027278125108,3.263027278125108,64.68672720845969,0.16484774620517972,1.5732430189935867,1.6263099565010812
d36_ds36_nl900_m50_w50,1119,lmin1of100_lseed36_lN1000_lpnsseed1100,1,0.2619477690736822,0.26874039421087437,-0.006792625137192143,0.9747242123494761,-2.527578765052385,2.527578765052385,64.99925953255455,0.16484774620517972,1.5890285133024857,1.6302339607141696
d36_ds36_nl900_m50_w50,1120,lmin1of100_lseed36_lN1000_lpnsseed1100,1,0.28511679923564015,0.26740115103864126,0.01771564819699889,1.0662512039614924,6.625120396149242,6.625120396149242,64.35303801911122,0.16484774620517972,1.7295765686766873,1.6221098388922903
d36_ds36_nl900_m50_w50,1121,lmin1of100_lseed36_lN1000_lpnsseed1100,1,0.27127040317992607,0.26793307742598144,0.003337325753944631,1.0124558183931829,1.2455818393182883,1.2455818393182883,64.60932058106127,0.16484774620517972,1.6455815103609976,1.6253366126855948
d36_ds36_nl900_m50_w50,1122,lmin1of100_lseed36_lN1000_lpnsseed1100,1,0.2524692469645039,0.26590076826126685,-0.01343152129676295,0.9494867149704302,-5.051328502956975,5.051328502956975,63.63289670573874,0.16484774620517972,1.5315298678713207,1.6130082114092739
d36_ds36_nl900_m50_w50,1123,lmin1of100_lseed36_lN1000_lpnsseed1100,1,0.26501443465367447,0.2671430228734993,-0.002128588219824812,0.9920320276497254,-0.7967972350274577,0.7967972350274577,64.22885520299187,0.16484774620517972,1.607631531242296,1.6205439808743063
d36_ds36_nl900_m50_w50,1124,lmin1of100_lseed36_lN1000_lpnsseed1100,1,0.2610953211456873,0.26738864428764336,-0.006293323141956075,0.9764637606106188,-2.353623938938121,2.353623938938121,64.3470183845855,0.16484774620517972,1.5838573905688214,1.6220339703937163
d36_ds36_nl900_m50_w50,1125,lmin1of100_lseed36_lN1000_lpnsseed1100,1,0.2695864416496937,0.267837813406057,0.0017486282436366962,1.0065286832408002,0.6528683240800248,0.6528683240800248,64.56338486112404,0.16484774620517972,1.6353662567770244,1.624758721740056
d36_ds36_nl900_m50_w50,1126,lmin1of100_lseed36_lN1000_lpnsseed1100,1,0.27010163824450895,0.2690668760545198,0.001034762189989158,1.003845743501253,0.3845743501253107,0.3845743501253107,65.1572854107645,0.16484774620517972,1.6384915442418224,1.6322144660662965
d36_ds36_nl900_m50_w50,1127,lmin1of100_lseed36_lN1000_lpnsseed1100,1,0.2803131297322219,0.2679677270350977,0.012345402697124197,1.046070483314236,4.607048331423602,4.607048331423602,64.62603245912096,0.16484774620517972,1.7004365311936191,1.625546804270945
d36_ds36_nl900_m50_w50,1128,lmin1of100_lseed36_lN1000_lpnsseed1100,1,0.2624381294403801,0.2664087680035693,-0.003970638563189188,0.9850956911330486,-1.4904308866951377,1.4904308866951377,63.876268502261624,0.16484774620517972,1.5920031391495844,1.616089841301078
d36_ds36_nl900_m50_w50,1129,lmin1of100_lseed36_lN1000_lpnsseed1100,1,0.2794574994749262,0.2670507267373926,0.0124067727375336,1.046458487078876,4.645848707887601,4.645848707887601,64.18448158587258,0.16484774620517972,1.6952461038023297,1.6199840937164207
d36_ds36_nl900_m50_w50,1130,lmin1of100_lseed36_lN1000_lpnsseed1100,1,0.27719375023388415,0.26851596074620687,0.008677789487677279,1.032317592829721,3.231759282972102,3.231759282972102,64.89073905791265,0.16484774620517972,1.6815137398898474,1.628872501611246
d36_ds36_nl900_m50_w50,1131,lmin1of100_lseed36_lN1000_lpnsseed1100,1,0.25978414807528843,0.2671197378956046,-0.0073355898203161796,0.9725381962482194,-2.7461803751780645,2.7461803751780645,64.21765893607487,0.16484774620517972,1.575903547701192,1.6204027294563725
d36_ds36_nl900_m50_w50,1132,lmin1of100_lseed36_lN1000_lpnsseed1100,1,0.2487804266830572,0.26847583283226345,-0.019695406149206257,0.9266399290340914,-7.3360070965908575,7.3360070965908575,64.87134553347973,0.16484774620517972,1.5091527328096415,1.6286290775131482
d36_ds36_nl900_m50_w50,1133,lmin1of100_lseed36_lN1000_lpnsseed1100,1,0.2766512586974522,0.2676440356414811,0.009007223055971125,1.0336537410011133,3.365374100111329,3.365374100111329,64.46999683301257,0.16484774620517972,1.678222875750542,1.6235832263569727
d36_ds36_nl900_m50_w50,1134,lmin1of100_lseed36_lN1000_lpnsseed1100,1,0.2432825793104424,0.2672130899509623,-0.02393051064051993,0.9104440929712255,-8.955590702877448,8.955590702877448,64.26255189702698,0.16484774620517972,1.4758016710015422,1.6209690220354747
d36_ds36_nl900_m50_w50,1135,lmin1of100_lseed36_lN1000_lpnsseed1100,1,0.2620642402055061,0.26814180176575114,-0.006077561560245026,0.9773345240457719,-2.2665475954228076,2.2665475954228076,64.71002326876506,0.16484774620517972,1.5897350509076704,1.626602777037699
d36_ds36_nl900_m50_w50,1136,lmin1of100_lseed36_lN1000_lpnsseed1100,1,0.2617250422091438,0.2671186470322758,-0.005393604823132003,0.9798082055182007,-2.019179448179931,2.019179448179931,64.21713443311818,0.16484774620517972,1.587677406783497,1.6203961120572639
d36_ds36_nl900_m50_w50,1137,lmin1of100_lseed36_lN1000_lpnsseed1100,1,0.2656479886395446,0.26787406010390064,-0.0022260714643560497,0.9916898580493662,-0.8310141950633843,0.8310141950633843,64.58086086889335,0.16484774620517972,1.6114747987449136,1.6249786015908763
d36_ds36_nl900_m50_w50,1138,lmin1of100_lseed36_lN1000_lpnsseed1100,1,0.27116348799732803,0.2675723145137217,0.0035911734836063247,1.013421319354855,1.342131935485491,1.342131935485491,64.435449144807,0.16484774620517972,1.644932941089902,1.6231481513898565
d36_ds36_nl900_m50_w50,1139,lmin1of100_lseed36_lN1000_lpnsseed1100,1,0.2594094152701746,0.2676654087167,-0.008255993446525445,0.9691555457759442,-3.0844454224055795,3.0844454224055795,64.48029392113027,0.16484774620517972,1.5736303421904085,1.6237128797839133
d36_ds36_nl900_m50_w50,1140,lmin1of100_lseed36_lN1000_lpnsseed1100,1,0.2970773926392714,0.26855425409422723,0.02852313854504418,1.1062099672978418,10.620996729784181,10.620996729784181,64.90924865289608,0.16484774620517972,1.8021319640579767,1.629104796858842
d36_ds36_nl900_m50_w50,1141,lmin1of100_lseed36_lN1000_lpnsseed1100,1,0.24877949327169308,0.26783226909747276,-0.01905277582577969,0.9288630309933051,-7.113696900669487,7.113696900669487,64.56071193291096,0.16484774620517972,1.509147070546216,1.6247250888350764
d36_ds36_nl900_m50_w50,1142,lmin1of100_lseed36_lN1000_lpnsseed1100,1,0.25107290076507555,0.2681042997201051,-0.01703139895502953,0.936474726541835,-6.3525273458165055,6.3525273458165055,64.69192397556715,0.16484774620517972,1.523059347457348,1.6263752819914556
d36_ds36_nl900_m50_w50,1143,lmin1of100_lseed36_lN1000_lpnsseed1100,1,0.25402986587163207,0.26734439297028323,-0.013314527098651163,0.9501970961473235,-4.980290385267649,4.980290385267649,64.3257220073843,0.16484774620517972,1.5409968999846122,1.621765532890755
d36_ds36_nl900_m50_w50,1144,lmin1of100_lseed36_lN1000_lpnsseed1100,1,0.28734067809619873,0.267993069868629,0.019347608227569757,1.0721944348674912,7.219443486749122,7.219443486749122,64.63825694785066,0.16484774620517972,1.7430670707414873,1.6257005390602561
d36_ds36_nl900_m50_w50,1145,lmin1of100_lseed36_lN1000_lpnsseed1100,1,0.28509762871174427,0.26689144767486134,0.01820618103688293,1.0682156779300866,6.821567793008665,6.821567793008665,64.10794035778491,0.16484774620517972,1.7294602763746256,1.6190178744856585
d36_ds36_nl900_m50_w50,1146,lmin1of100_lseed36_lN1000_lpnsseed1100,1,0.26762683414645455,0.2673598403075689,0.0002669938388856763,1.00099863105311,0.0998631053110044,0.0998631053110044,64.33315578835985,0.16484774620517972,1.6234788785850285,1.6218592395846059
d36_ds36_nl900_m50_w50,1147,lmin1of100_lseed36_lN1000_lpnsseed1100,1,0.2715125608548789,0.2672362732455462,0.004276287609332685,1.0160018980859065,1.6001898085906463,1.6001898085906463,64.27370316435142,0.16484774620517972,1.6470504881330772,1.6211096566217373
d36_ds36_nl900_m50_w50,1148,lmin1of100_lseed36_lN1000_lpnsseed1100,1,0.26412806440219483,0.26691193003685365,-0.002783865634658822,0.9895700966447081,-1.0429903355291925,1.0429903355291925,64.11778055639843,0.16484774620517972,1.6022546287860355,1.619142124664771
d36_ds36_nl900_m50_w50,1149,lmin1of100_lseed36_lN1000_lpnsseed1100,1,0.2729379284815953,0.2679641569871463,0.0049737714944489975,1.0185613313003186,1.8561331300318562,1.8561331300318562,64.6243104868488,0.16484774620517972,1.6556970584352415,1.6255251476330257
d36_ds36_nl900_m50_w50,1150,lmin1of100_lseed36_lN1000_lpnsseed1100,1,0.2625562388034182,0.2683680734182475,-0.005811834614829259,0.9783437927589411,-2.165620724105888,2.165620724105888,64.81928054719968,0.16484774620517972,1.592719614598943,1.6279753869623423
d36_ds36_nl900_m50_w50,1151,lmin1of100_lseed36_lN1000_lpnsseed1100,1,0.270751279805888,0.2689014015656066,0.0018498782402813774,1.006879392333067,0.6879392333067003,0.6879392333067003,65.07716738755286,0.16484774620517972,1.6424324022537387,1.6312106641173927
d36_ds36_nl900_m50_w50,1152,lmin1of100_lseed36_lN1000_lpnsseed1100,1,0.2832467022878089,0.2676539081234427,0.015592794164366208,1.0582573005329508,5.825730053295075,5.825730053295075,64.47475308037708,0.16484774620517972,1.71823217974277,1.6236431148430992
d36_ds36_nl900_m50_w50,1153,lmin1of100_lseed36_lN1000_lpnsseed1100,1,0.3100987113584596,0.2678493716555885,0.04224933970287115,1.157735444521397,15.7735444521397,15.7735444521397,64.5689573066642,0.16484774620517972,1.8811219352219202,1.624828836435571
d36_ds36_nl900_m50_w50,1154,lmin1of100_lseed36_lN1000_lpnsseed1100,1,0.26779346352528055,0.26852146616625683,-0.0007280026409762774,0.997288847512379,-0.27111524876209936,0.27111524876209936,64.89340001286858,0.16484774620517972,1.6244896863313387,1.628905898610457
d36_ds36_nl900_m50_w50,1155,lmin1of100_lseed36_lN1000_lpnsseed1100,1,0.26064140587556756,0.2677069969778957,-0.007065591102328128,0.9736069987632354,-2.639300123676458,2.639300123676458,64.50033260783073,0.16484774620517972,1.5811038480996706,1.6239651626458451
d36_ds36_nl900_m50_w50,1156,lmin1of100_lseed36_lN1000_lpnsseed1100,1,0.2544290167123521,0.2685406625567763,-0.014111645844424203,0.9474506180551311,-5.254938194486892,5.254938194486892,64.90267870178914,0.16484774620517972,1.5434182302721564,1.629022347824725
d36_ds36_nl900_m50_w50,1157,lmin1of100_lseed36_lN1000_lpnsseed1100,1,0.29252379693305036,0.2671872058239502,0.025336591109100137,1.0948271120653674,9.482711206536742,9.482711206536742,64.25010266040896,0.16484774620517972,1.774508925156654,1.6208120036496736
d36_ds36_nl900_m50_w50,1158,lmin1of100_lseed36_lN1000_lpnsseed1100,1,0.274085161635036,0.2677909858586102,0.00629417577642577,1.0235040614091058,2.350406140910577,2.350406140910577,64.54081089641375,0.16484774620517972,1.6626564083799642,1.6244746563007355
d36_ds36_nl900_m50_w50,1159,lmin1of100_lseed36_lN1000_lpnsseed1100,1,0.27555573877588235,0.26795019012893107,0.007605548646951288,1.0283841882825002,2.8384188282500222,2.8384188282500222,64.61757395111728,0.16484774620517972,1.6715772288018338,1.625440421826718
d36_ds36_nl900_m50_w50,1160,lmin1of100_lseed36_lN1000_lpnsseed1100,1,0.2636218261632428,0.2688226201490078,-0.0052007939857650065,0.9806534361472922,-1.9346563852707832,1.9346563852707832,65.03904099339996,0.16484774620517972,1.599183684532288,1.630732760000337
d36_ds36_nl900_m50_w50,1161,lmin1of100_lseed36_lN1000_lpnsseed1100,1,0.2757093070427497,0.26878249270318944,0.006926814339560272,1.02577107708875,2.577107708875004,2.577107708875004,65.01962554536607,0.16484774620517972,1.6725088051830859,1.6304893387419812
d36_ds36_nl900_m50_w50,1162,lmin1of100_lseed36_lN1000_lpnsseed1100,1,0.24678659576434717,0.2666758559071094,-0.01988926014276224,0.9254178445397389,-7.458215546026114,7.458215546026114,64.00441091141043,0.16484774620517972,1.4970577484097434,1.617710050916851
d36_ds36_nl900_m50_w50,1163,lmin1of100_lseed36_lN1000_lpnsseed1100,1,0.26261521652644393,0.2671968453628939,-0.004581628836449969,0.9828529830499031,-1.7147016950096905,1.7147016950096905,64.25473875469402,0.16484774620517972,1.593077385477729,1.6208704790560142
d36_ds36_nl900_m50_w50,1164,lmin1of100_lseed36_lN1000_lpnsseed1100,1,0.26289123037144074,0.2685105669379417,-0.005619336566500932,0.9790721958149242,-2.0927804185075782,2.0927804185075782,64.88813210160137,0.16484774620517972,1.594751741672161,1.6288397816718512
d36_ds36_nl900_m50_w50,1165,lmin1of100_lseed36_lN1000_lpnsseed1100,1,0.26309204360903077,0.2678342799529607,-0.004742236343929951,0.9822941397017483,-1.7705860298251719,1.7705860298251719,64.56168136612884,0.16484774620517972,1.595969915667334,1.6247372870939805
d36_ds36_nl900_m50_w50,1166,lmin1of100_lseed36_lN1000_lpnsseed1100,1,0.2676365928810501,0.2668905094805078,0.0007460834005422745,1.0027954662082008,0.2795466208200814,0.2795466208200814,64.10748964568852,0.16484774620517972,1.6235380770564676,1.619012183207645
d36_ds36_nl900_m50_w50,1167,lmin1of100_lseed36_lN1000_lpnsseed1100,1,0.2879549497240439,0.26760445809098815,0.020350491633055745,1.076046908105456,7.6046908105456,7.6046908105456,64.45093139115428,0.16484774620517972,1.7467933675334408,1.623343140875648
d36_ds36_nl900_m50_w50,1168,lmin1of100_lseed36_lN1000_lpnsseed1100,1,0.27551418708842285,0.2671981592624046,0.008316027826018257,1.0311230730367846,3.112307303678463,3.112307303678463,64.25537068189558,0.16484774620517972,1.6713251678036338,1.6208784494380237
d36_ds36_nl900_m50_w50,1169,lmin1of100_lseed36_lN1000_lpnsseed1100,1,0.25562811348858105,0.26749709836604973,-0.01186898487746868,0.9556294817776795,-4.437051822232052,4.437051822232052,64.39922787083049,0.16484774620517972,1.5506921955148265,1.622691874920184
d36_ds36_nl900_m50_w50,1170,lmin1of100_lseed36_lN1000_lpnsseed1100,1,0.25105139553023414,0.2686124042534466,-0.01756100872321248,0.9346232398610939,-6.537676013890614,6.537676013890614,64.93736134693533,0.16484774620517972,1.522928892323223,1.6294575475670439
d36_ds36_nl900_m50_w50,1171,lmin1of100_lseed36_lN1000_lpnsseed1100,1,0.2727587160441114,0.26678359820897923,0.00597511783513216,1.022396871004235,2.239687100423504,2.239687100423504,64.05613944599706,0.16484774620517972,1.6546099192925512,1.6183636376618933
d36_ds36_nl900_m50_w50,1172,lmin1of100_lseed36_lN1000_lpnsseed1100,1,0.29519544358254757,0.26773390314602596,0.027461540436521603,1.1025702763595975,10.257027635959748,10.257027635959748,64.51329860442506,0.16484774620517972,1.790715677817815,1.6241283809412095
d36_ds36_nl900_m50_w50,1173,lmin1of100_lseed36_lN1000_lpnsseed1100,1,0.26476950824408,0.26761647452207526,-0.0028469662779952443,0.9893617674955194,-1.0638232504480594,1.0638232504480594,64.45671969206211,0.16484774620517972,1.6061457577620228,1.6234160349937887
d36_ds36_nl900_m50_w50,1174,lmin1of100_lseed36_lN1000_lpnsseed1100,1,0.2860465687523505,0.26743013046147174,0.01861643829087878,1.0696123441990424,6.961234419904239,6.961234419904239,64.3669872107758,0.16484774620517972,1.7352167399141705,1.622285633972888
d36_ds36_nl900_m50_w50,1175,lmin1of100_lseed36_lN1000_lpnsseed1100,1,0.27937147954657204,0.2661923712456412,0.01317910830093083,1.049509714494294,4.950971449429398,4.950971449429398,63.77254065843953,0.16484774620517972,1.694724289398831,1.6147771344979245
d36_ds36_nl900_m50_w50,1176,lmin1of100_lseed36_lN1000_lpnsseed1100,1,0.29021357962901506,0.26759754650695067,0.022616033122064394,1.0845150989509427,8.451509895094267,8.451509895094267,64.44760220688565,0.16484774620517972,1.7604946765107559,1.623301213799321
d36_ds36_nl900_m50_w50,1177,lmin1of100_lseed36_lN1000_lpnsseed1100,1,0.2839428609799732,0.26715943274818216,0.01678342823179102,1.0628217692302508,6.282176923025085,6.282176923025085,64.23674625569743,0.16484774620517972,1.7224552201433212,1.620643526516031
d36_ds36_nl900_m50_w50,1178,lmin1of100_lseed36_lN1000_lpnsseed1100,1,0.2526288058538746,0.2668742748619048,-0.014245469008030198,0.946621048374177,-5.337895162582296,5.337895162582296,64.09969072476076,0.16484774620517972,1.532497784588678,1.6189137007049919
d36_ds36_nl900_m50_w50,1179,lmin1of100_lseed36_lN1000_lpnsseed1100,1,0.29309487608567975,0.26742137928677673,0.025673496798903017,1.0960039053996926,9.600390539969261,9.600390539969261,64.36277468967789,0.16484774620517972,1.777973207597729,1.6222325475649968
d36_ds36_nl900_m50_w50,1180,lmin1of100_lseed36_lN1000_lpnsseed1100,1,0.2845746065761134,0.268470228161155,0.016104378414958376,1.0599857143388405,5.998571433884048,5.998571433884048,64.86863706801238,0.16484774620517972,1.7262875175855554,1.628595078436804
d36_ds36_nl900_m50_w50,1181,lmin1of100_lseed36_lN1000_lpnsseed1100,1,0.28507615151705823,0.268378333230239,0.01669781828681921,1.062217460276476,6.221746027647601,6.221746027647601,64.8242367726971,0.16484774620517972,1.7293299913377935,1.6280376250713111
d36_ds36_nl900_m50_w50,1182,lmin1of100_lseed36_lN1000_lpnsseed1100,1,0.27812054872790537,0.26738837988210934,0.01073216884579603,1.0401370053946541,4.013700539465415,4.013700539465415,64.34689112638131,0.16484774620517972,1.6871358882986442,1.6220323664559004
d36_ds36_nl900_m50_w50,1183,lmin1of100_lseed36_lN1000_lpnsseed1100,1,0.24785393084362875,0.26821725014338715,-0.020363319299758403,0.9240790095011701,-7.592099049882995,7.592099049882995,64.74644394703229,0.16484774620517972,1.5035324203652405,1.6270604622616274
d36_ds36_nl900_m50_w50,1184,lmin1of100_lseed36_lN1000_lpnsseed1100,1,0.27260024388610177,0.2675298864975812,0.005070357388520574,1.0189524895887339,1.8952489588733856,1.8952489588733856,64.4150161524678,0.16484774620517972,1.6536485949089448,1.6228907744034118
d36_ds36_nl900_m50_w50,1185,lmin1of100_lseed36_lN1000_lpnsseed1100,1,0.2669710981616338,0.2681548657744242,-0.0011837676127904317,0.9955855076156395,-0.44144923843605355,0.44144923843605355,64.71632883464952,0.16484774620517972,1.619501050559375,1.6266820259748171
d36_ds36_nl900_m50_w50,1186,lmin1of100_lseed36_lN1000_lpnsseed1100,1,0.2734234858668424,0.2674025440100804,0.0060209418567619966,1.0225163970636533,2.251639706365327,2.251639706365327,64.35370848875668,0.16484774620517972,1.6586425484187244,1.6221182889407213
d36_ds36_nl900_m50_w50,1187,lmin1of100_lseed36_lN1000_lpnsseed1100,1,0.27948648478450955,0.26828003655353844,0.011206448230971111,1.041771457820473,4.177145782047309,4.177145782047309,64.77676021185113,0.16484774620517972,1.6954219345931691,1.6274413374121626
d36_ds36_nl900_m50_w50,1188,lmin1of100_lseed36_lN1000_lpnsseed1100,1,0.2527706219080733,0.26741689533115015,-0.014646273423076839,0.9452305606759067,-5.476943932409329,5.476943932409329,64.36061631769618,0.16484774620517972,1.5333580696545244,1.6222053469770008
d36_ds36_nl900_m50_w50,1189,lmin1of100_lseed36_lN1000_lpnsseed1100,1,0.26576733248370676,0.2675305621025341,-0.0017632296188273555,0.9934092404061425,-0.6590759593857465,0.6590759593857465,64.41534149300807,0.16484774620517972,1.6121987628081749,1.6228948727606443
d36_ds36_nl900_m50_w50,1190,lmin1of100_lseed36_lN1000_lpnsseed1100,1,0.26060412709822595,0.2673972212757777,-0.006793094177551751,0.9745954945038648,-2.5404505496135155,2.5404505496135155,64.3511465514065,0.16484774620517972,1.5808777074444311,1.6220860001504573
d36_ds36_nl900_m50_w50,1191,lmin1of100_lseed36_lN1000_lpnsseed1100,1,0.27945671361805813,0.2677092571616477,0.011747456456410454,1.043881397979888,4.388139797988799,4.388139797988799,64.50142173303709,0.16484774620517972,1.695241336634527,1.623978873380775
d36_ds36_nl900_m50_w50,1192,lmin1of100_lseed36_lN1000_lpnsseed1100,1,0.2491856143999371,0.2666200416765829,-0.017434427276645764,0.9346094645885842,-6.539053541141582,6.539053541141582,63.97762196126051,0.16484774620517972,1.5116106840173917,1.6173714704278155
d36_ds36_nl900_m50_w50,1193,lmin1of100_lseed36_lN1000_lpnsseed1100,1,0.28384330458289103,0.2675631467296311,0.016280157853259924,1.0608460397190305,6.0846039719030465,6.0846039719030465,64.43103373907589,0.16484774620517972,1.721851290763794,1.6230925377445284
d36_ds36_nl900_m50_w50,1194,lmin1of100_lseed36_lN1000_lpnsseed1100,1,0.2997489192557368,0.26711786464802595,0.032631054607710874,1.122159761387386,12.215976138738593,12.215976138738593,64.21675825270898,0.16484774620517972,1.818337988574322,1.6203913659550704
d36_ds36_nl900_m50_w50,1195,lmin1of100_lseed36_lN1000_lpnsseed1100,1,0.26399683040792377,0.268356671467109,-0.004359841059185243,0.9837535581457695,-1.624644185423052,1.624644185423052,64.8137728088153,0.16484774620517972,1.6014585366507648,1.6279062204047101
d36_ds36_nl900_m50_w50,1196,lmin1of100_lseed36_lN1000_lpnsseed1100,1,0.2672775258813258,0.26723373281352086,4.379306780494252e-05,1.0001638755232878,0.0163875523287782,0.0163875523287782,64.27248115810342,0.16484774620517972,1.6213599035115447,1.6210942458437083
d36_ds36_nl900_m50_w50,1197,lmin1of100_lseed36_lN1000_lpnsseed1100,1,0.2510782369519275,0.2673221291021252,-0.016243892150197725,0.9392347644216463,-6.076523557835367,6.076523557835367,64.31500863692396,0.16484774620517972,1.5230917178535153,1.6216304757324345
d36_ds36_nl900_m50_w50,1198,lmin1of100_lseed36_lN1000_lpnsseed1100,1,0.24703129743650484,0.2684897645468642,-0.02145846711035934,0.9200771502534734,-7.992284974652664,7.992284974652664,64.87807829978752,0.16484774620517972,1.4985421585869567,1.6287135901311334
d36_ds36_nl900_m50_w50,1199,lmin1of100_lseed36_lN1000_lpnsseed1100,1,0.2648399039870257,0.2680114483715128,-0.0031715443844870794,0.9881663846684238,-1.183361533157623,1.183361533157623,64.64712281237647,0.16484774620517972,1.6065727926749425,1.6258120268015623
d36_ds36_nl900_m50_w50,1200,lmin1of100_lseed36_lN1000_lpnsseed1100,1,0.2607400820881284,0.2677790559644496,-0.007038973876321242,0.9737135010392458,-2.628649896075419,2.628649896075419,64.53506053189066,0.16484774620517972,1.5817024381006406,1.6244022871332144
d36_ds36_nl900_m50_w50,1201,lmin1of100_lseed36_lN1000_lpnsseed1100,1,0.3008908321977721,0.2678870948778199,0.03300373731995215,1.1232001763093693,12.320017630936931,12.320017630936931,64.5871460418703,0.16484774620517972,1.8252650650331894,1.6250576731840243
d36_ds36_nl900_m50_w50,1202,lmin1of100_lseed36_lN1000_lpnsseed1100,1,0.2567992683068415,0.2686485734103023,-0.011849305103460772,0.9558929163366018,-4.410708366339822,4.410708366339822,64.95485039585152,0.16484774620517972,1.5577966591500332,1.6296769570384397
d36_ds36_nl900_m50_w50,1203,lmin1of100_lseed36_lN1000_lpnsseed1100,1,0.29331432472010166,0.26746128065482366,0.025853044065277997,1.0966608849026003,9.666088490260027,9.666088490260027,64.3819829845665,0.16484774620517972,1.779304427705214,1.6224745973895498
d36_ds36_nl900_m50_w50,1204,lmin1of100_lseed36_lN1000_lpnsseed1100,1,0.275357995479501,0.2677519222452846,0.007606073234216415,1.0284071657466891,2.840716574668911,2.840716574668911,64.52198267944044,0.16484774620517972,1.6703776776952315,1.624237688466932
d36_ds36_nl900_m50_w50,1205,lmin1of100_lseed36_lN1000_lpnsseed1100,1,0.24941012801677512,0.2674782862914115,-0.018068158274636398,0.9324499998667124,-6.75500001332876,6.75500001332876,64.39017027365126,0.16484774620517972,1.5129726293397048,1.622577757044318
d36_ds36_nl900_m50_w50,1206,lmin1of100_lseed36_lN1000_lpnsseed1100,1,0.26826620965590436,0.26685178812789534,0.0014144215280090244,1.0053004011625026,0.5300401162502633,0.5300401162502633,64.08888914434962,0.16484774620517972,1.6273574606352434,1.6187772915970295
d36_ds36_nl900_m50_w50,1207,lmin1of100_lseed36_lN1000_lpnsseed1100,1,0.2529947847940194,0.2675080919328862,-0.014513307138866838,0.9457462873963902,-5.425371260360978,5.425371260360978,64.40452132461616,0.16484774620517972,1.53471788737182,1.6227585641354725
d36_ds36_nl900_m50_w50,1208,lmin1of100_lseed36_lN1000_lpnsseed1100,1,0.28155177848660135,0.26691911979451677,0.014632658692084577,1.0548205715025183,5.482057150251829,5.482057150251829,64.12123486069164,0.16484774620517972,1.7079504267905765,1.6191857391989617
d36_ds36_nl900_m50_w50,1209,lmin1of100_lseed36_lN1000_lpnsseed1100,1,0.25596878280628066,0.2666713058171953,-0.010702523010914622,0.9598662369087011,-4.013376309129891,4.013376309129891,64.00222681162327,0.16484774620517972,1.552758764973869,1.6176824491447983
d36_ds36_nl900_m50_w50,1210,lmin1of100_lseed36_lN1000_lpnsseed1100,1,0.26612724208312716,0.2685908243955642,-0.0024635823124370404,0.9908277495406588,-0.9172250459341225,0.9172250459341225,64.92692785453993,0.16484774620517972,1.6143820477344513,1.6293266397543549
d36_ds36_nl900_m50_w50,1211,lmin1of100_lseed36_lN1000_lpnsseed1100,1,0.2765079695057347,0.2674141321672736,0.009093837338461086,1.034006569752913,3.400656975291305,3.400656975291305,64.35928627449847,0.16484774620517972,1.6773536543324998,1.6221885850622029
d36_ds36_nl900_m50_w50,1212,lmin1of100_lseed36_lN1000_lpnsseed1100,1,0.27838380438800453,0.26761315225388677,0.010770652134117764,1.0402470956431153,4.024709564311535,4.024709564311535,64.45511933333579,0.16484774620517972,1.6887328507452615,1.623395881438372
d36_ds36_nl900_m50_w50,1213,lmin1of100_lseed36_lN1000_lpnsseed1100,1,0.280424662600718,0.268371924040391,0.012052738560327014,1.044910579239701,4.49105792397011,4.49105792397011,64.82114065182726,0.16484774620517972,1.7011131122877718,1.6279987456204508
d36_ds36_nl900_m50_w50,1214,lmin1of100_lseed36_lN1000_lpnsseed1100,1,0.2630716201300422,0.2666074941587149,-0.0035358740286726698,0.9867375294913213,-1.326247050867868,1.326247050867868,63.971600347430275,0.16484774620517972,1.5958460226845137,1.6172953546291051
d36_ds36_nl900_m50_w50,1215,lmin1of100_lseed36_lN1000_lpnsseed1100,1,0.25488228919095923,0.266719576713004,-0.01183728752204477,0.9556189775496609,-4.438102245033915,4.438102245033915,64.02539934176762,0.16484774620517972,1.5461678734370863,1.6179752702292227
d36_ds36_nl900_m50_w50,1216,lmin1of100_lseed36_lN1000_lpnsseed1100,1,0.25151056032652475,0.2674132635507225,-0.015902703224197734,0.9405313595405064,-5.946864045949363,5.946864045949363,64.35886817056335,0.16484774620517972,1.525714279487201,1.6221833158573085
d36_ds36_nl900_m50_w50,1217,lmin1of100_lseed36_lN1000_lpnsseed1100,1,0.2638939773423256,0.26731528174946184,-0.0034213044071362275,0.9872012389836253,-1.2798761016374671,1.2798761016374671,64.31171387111476,0.16484774620517972,1.6008346090086474,1.6215889382967037
d36_ds36_nl900_m50_w50,1218,lmin1of100_lseed36_lN1000_lpnsseed1100,1,0.270386168517564,0.2679112629196524,0.002474905597911581,1.0092377810881874,0.9237781088187402,0.9237781088187402,64.5988003192828,0.16484774620517972,1.6402175628232405,1.6252042814476422
d36_ds36_nl900_m50_w50,1219,lmin1of100_lseed36_lN1000_lpnsseed1100,1,0.2717075584282789,0.2680425775051055,0.0036649809231733554,1.0136731296844195,1.3673129684419472,1.3673129684419472,64.66214102002243,0.16484774620517972,1.6482333831249036,1.6260008624654358
d72_ds72_nl1800_m50_w50,1000,lmin1of100_lseed72_lN1000_lpnsseed1000,1,0.25318298275221174,0.2433003870017516,0.009882595750460132,1.0406189068264367,4.061890682643665,4.061890682643665,106.55114096736378,0.11853261539365136,2.135977358732711,2.0526028738481954
d72_ds72_nl1800_m50_w50,1001,lmin1of100_lseed72_lN1000_lpnsseed1000,1,0.24821876740531965,0.2437216106931529,0.004497156712166744,1.0184520227786804,1.845202277868041,1.845202277868041,106.9204023339566,0.11853261539365136,2.0940967731200026,2.0561565260645276
d72_ds72_nl1800_m50_w50,1002,lmin1of100_lseed72_lN1000_lpnsseed1000,1,0.22487911273112984,0.24302933331589627,-0.018150220584766424,0.9253167494757751,-7.468325052422486,7.468325052422486,106.31386233354421,0.11853261539365136,1.8971918571466402,2.050316130364512
d72_ds72_nl1800_m50_w50,1003,lmin1of100_lseed72_lN1000_lpnsseed1000,1,0.23261758268569652,0.2434201465621215,-0.010802563876424975,0.9556217345647349,-4.437826543526513,4.437826543526513,106.65606195418447,0.11853261539365136,1.9624774321663672,2.053613224965246
d72_ds72_nl1800_m50_w50,1015,lmin1of100_lseed72_lN1000_lpnsseed1015,1,0.2367214547105773,0.24284971829711005,-0.006128263586532762,0.9747652019960952,-2.5234798003904824,2.5234798003904824,106.15677421857428,0.11853261539365136,1.9970997343171437,2.0488008088794536
d72_ds72_nl1800_m50_w50,1025,lmin1of100_lseed72_lN1000_lpnsseed1015,1,0.2480654835965875,0.24350457651560456,0.0045609070809829455,1.0187302725322318,1.8730272532231806,1.8730272532231806,106.73006181127906,0.11853261539365136,2.092803594797538,2.0543255179759305
d72_ds72_nl1800_m50_w50,1026,lmin1of100_lseed72_lN1000_lpnsseed1015,1,0.2502353860749898,0.2437373502289405,0.006498035846049299,1.0266599921593704,2.6659992159370427,2.6659992159370427,106.93421261392535,0.11853261539365136,2.1111099695552022,2.0562893126037878
d72_ds72_nl1800_m50_w50,1027,lmin1of100_lseed72_lN1000_lpnsseed1015,1,0.2326572759446565,0.243021281481524,-0.010364005536867504,0.9573535063526712,-4.264649364732875,4.264649364732875,106.30681785525982,0.11853261539365136,1.962812304208363,2.050248201091666
d72_ds72_nl1800_m50_w50,1028,lmin1of100_lseed72_lN1000_lpnsseed1015,1,0.23591875412056054,0.2441385235996906,-0.008219769479130057,0.9663315344176986,-3.366846558230141,3.366846558230141,107.28651366978603,0.11853261539365136,1.990327753564412,2.0596738103592602
d72_ds72_nl1800_m50_w50,1029,lmin1of100_lseed72_lN1000_lpnsseed1015,1,0.2402279402238829,0.24263777930735128,-0.002409839083468368,0.9900681621372086,-0.9931837862791393,0.9931837862791393,105.97156550496523,0.11853261539365136,2.026682187228188,2.047012786325029
d72_ds72_nl1800_m50_w50,1030,lmin1of100_lseed72_lN1000_lpnsseed1030,1,0.2601677779825093,0.24341584629698293,0.016751931685526356,1.0688202183233704,6.8820218323370375,6.8820218323370375,106.65229361125756,0.11853261539365136,2.1949045595466035,2.0535769457932704
d72_ds72_nl1800_m50_w50,1031,lmin1of100_lseed72_lN1000_lpnsseed1030,1,0.24352595695276075,0.24359442435041195,-6.846739765120624e-05,0.9997189287159023,-0.028107128409771143,0.028107128409771143,106.80883843429544,0.11853261539365136,2.054505893960086,2.055083518923678
d72_ds72_nl1800_m50_w50,1032,lmin1of100_lseed72_lN1000_lpnsseed1030,1,0.2412943918446516,0.24337793268012547,-0.0020835408354738794,0.9914390725053438,-0.8560927494656201,0.8560927494656201,106.61907260817303,0.11853261539365136,2.035679302640068,2.0532570876957204
d72_ds72_nl1800_m50_w50,1033,lmin1of100_lseed72_lN1000_lpnsseed1030,1,0.2534840368714346,0.24301459612508783,0.010469440746346786,1.0430815305470698,4.308153054706976,4.308153054706976,106.30096907371119,0.11853261539365136,2.1385172007687876,2.0501918001052033
d72_ds72_nl1800_m50_w50,1034,lmin1of100_lseed72_lN1000_lpnsseed1030,1,0.24918823626024034,0.24286200979168474,0.006326226468555601,1.0260486457885363,2.6048645788536273,2.6048645788536273,106.16752044010147,0.11853261539365136,2.1022756937630764,2.048904506030941
d72_ds72_nl1800_m50_w50,1035,lmin1of100_lseed72_lN1000_lpnsseed1030,1,0.2519564007045278,0.24299874432090154,0.00895765638362625,1.036862973957581,3.686297395758098,3.686297395758098,106.28710153476278,0.11853261539365136,2.125629303527733,2.050058066413986
d72_ds72_nl1800_m50_w50,1036,lmin1of100_lseed72_lN1000_lpnsseed1030,1,0.25670508200364034,0.24299513396918343,0.013709948034456909,1.0564206690500872,5.642066905008725,5.642066905008725,106.28394323886253,0.11853261539365136,2.1656915368914533,2.050027607694197
d72_ds72_nl1800_m50_w50,1037,lmin1of100_lseed72_lN1000_lpnsseed1030,1,0.2558792904486826,0.24328442785650725,0.012594862592175321,1.0517701141135263,5.177011411352628,5.177011411352628,106.53716310744255,0.11853261539365136,2.1587247492928223,2.0524682345745124
d72_ds72_nl1800_m50_w50,1038,lmin1of100_lseed72_lN1000_lpnsseed1030,1,0.2585629985283915,0.24306254872594632,0.015500449802445165,1.063771444361517,6.377144436151694,6.377144436151694,106.34292466767545,0.11853261539365136,2.1813658432296785,2.0505963520565733
d72_ds72_nl1800_m50_w50,1039,lmin1of100_lseed72_lN1000_lpnsseed1030,1,0.2514870635907154,0.24325949749922968,0.0082275660914857,1.033822178274917,3.382217827491707,3.382217827491707,106.5153296224399,0.11853261539365136,2.121669742589558,2.0522579097015243
d72_ds72_nl1800_m50_w50,1040,lmin1of100_lseed72_lN1000_lpnsseed1030,1,0.24596377266213057,0.24334553394166444,0.002618238720466126,1.010759345684535,1.075934568453496,1.075934568453496,106.59068800083678,0.11853261539365136,2.0750725177646294,2.0529837558506965
d72_ds72_nl1800_m50_w50,1041,lmin1of100_lseed72_lN1000_lpnsseed1030,1,0.261293076182296,0.24311335114063728,0.01817972504165874,1.07477880156052,7.477880156051997,7.477880156051997,106.38738270509545,0.11853261539365136,2.2043981339189362,2.0510249464524892
d72_ds72_nl1800_m50_w50,1042,lmin1of100_lseed72_lN1000_lpnsseed1030,1,0.25058875196239033,0.24316931447074097,0.007419437491649361,1.0305114052231377,3.0511405223137666,3.0511405223137666,106.43636790030621,0.11853261539365136,2.114091139642667,2.0514970808934434
d72_ds72_nl1800_m50_w50,1043,lmin1of100_lseed72_lN1000_lpnsseed1030,1,0.2704386113790009,0.24309865451987672,0.02733995685912416,1.1124644515746949,11.246445157469488,11.246445157469488,106.37452049287388,0.11853261539365136,2.281554409989722,2.050900958462249
d72_ds72_nl1800_m50_w50,1044,lmin1of100_lseed72_lN1000_lpnsseed1030,1,0.26039984130077126,0.24280329806802003,0.017596543232751227,1.0724724226267373,7.247242262673725,7.247242262673725,106.116194794874,0.11853261539365136,2.196862360928875,2.048409184777211
d72_ds72_nl1800_m50_w50,1045,lmin1of100_lseed72_lN1000_lpnsseed1045,1,0.2301589684822474,0.2435673679041415,-0.01340839942189409,0.944949935053816,-5.505006494618403,5.505006494618403,106.78511287395254,0.11853261539365136,1.9417353419384247,2.0548552573082515
d72_ds72_nl1800_m50_w50,1046,lmin1of100_lseed72_lN1000_lpnsseed1045,1,0.26312900368046604,0.2423039568090794,0.020825046871386643,1.0859459628543973,8.594596285439726,8.594596285439726,105.68017347360518,0.11853261539365136,2.2198869299104262,2.0441964939723865
d72_ds72_nl1800_m50_w50,1047,lmin1of100_lseed72_lN1000_lpnsseed1045,1,0.24345136568678263,0.24230935351017904,0.0011420121766035907,1.0047130338142545,0.4713033814254475,0.4713033814254475,105.68488103733766,0.11853261539365136,2.053876605002525,2.044242023222557
d72_ds72_nl1800_m50_w50,1048,lmin1of100_lseed72_lN1000_lpnsseed1045,1,0.27133371219155544,0.24337851396261415,0.027955198228941297,1.1148630492223137,11.486304922231373,11.486304922231373,106.61958190557067,0.11853261539365136,2.2891059249004657,2.0532619916834265
d72_ds72_nl1800_m50_w50,1049,lmin1of100_lseed72_lN1000_lpnsseed1045,1,0.2658962842425909,0.24260478081448203,0.023291503428108845,1.096005954004343,9.600595400434297,9.600595400434297,105.94274341327716,0.11853261539365136,2.2432330828062734,2.0467343946540137
d72_ds72_nl1800_m50_w50,1050,lmin1of100_lseed72_lN1000_lpnsseed1045,1,0.2463086731817972,0.24302680702775065,0.0032818661540465477,1.0135041322979312,1.3504132297931237,1.3504132297931237,106.3116520813864,0.11853261539365136,2.077982269806472,2.050294817343305
d72_ds72_nl1800_m50_w50,1051,lmin1of100_lseed72_lN1000_lpnsseed1045,1,0.23760403791902812,0.24320401704096717,-0.005599979121939047,0.9769741503858641,-2.3025849614135896,2.3025849614135896,106.4667490287535,0.11853261539365136,2.004545644504139,2.0517898490071893
d72_ds72_nl1800_m50_w50,1052,lmin1of100_lseed72_lN1000_lpnsseed1045,1,0.25662020608733355,0.24249518294267106,0.01412502314466249,1.0582486751829698,5.824867518296983,5.824867518296983,105.84704475071909,0.11853261539365136,2.164975481516948,2.0458097725873614
d72_ds72_nl1800_m50_w50,1053,lmin1of100_lseed72_lN1000_lpnsseed1045,1,0.2343382149385956,0.24353538134718106,-0.00919716640858545,0.9622347834729029,-3.776521652709708,3.776521652709708,106.75706754225043,0.11853261539365136,1.9769935402197059,2.054585402831033
d72_ds72_nl1800_m50_w50,1054,lmin1of100_lseed72_lN1000_lpnsseed1045,1,0.2394604450956096,0.24377612789671474,-0.004315682801105142,0.9822965323211071,-1.770346767889286,1.770346767889286,106.96824095816775,0.11853261539365136,2.020207217231749,2.0566164602639105
d72_ds72_nl1800_m50_w50,1055,lmin1of100_lseed72_lN1000_lpnsseed1045,1,0.2262866412252362,0.2434799415906514,-0.017193300365415193,0.9293851466650945,-7.0614853334905465,7.0614853334905465,106.70846752257663,0.11853261539365136,1.909066466421327,2.0541176855167262
d72_ds72_nl1800_m50_w50,1056,lmin1of100_lseed72_lN1000_lpnsseed1045,1,0.2601030702315536,0.2432599895339495,0.016843080697604096,1.0692390093819908,6.923900938199079,6.923900938199079,106.515760514503,0.11853261539365136,2.1943586528293615,2.0522620607507376
d72_ds72_nl1800_m50_w50,1057,lmin1of100_lseed72_lN1000_lpnsseed1045,1,0.24195151499815745,0.24356335456876305,-0.0016118395706055944,0.9933822574686598,-0.6617742531340176,0.6617742531340176,106.78159383982018,0.11853261539365136,2.0412231198529383,2.0548213988182056
d72_ds72_nl1800_m50_w50,1058,lmin1of100_lseed72_lN1000_lpnsseed1045,1,0.2586340024981746,0.24276718864299676,0.015866813855177825,1.0653581480424477,6.535814804244766,6.535814804244766,106.08463418692388,0.11853261539365136,2.1819648679752923,2.048104547737833
d72_ds72_nl1800_m50_w50,1059,lmin1of100_lseed72_lN1000_lpnsseed1045,1,0.26006793075446655,0.24341836206322606,0.016649568691240485,1.0683989841609232,6.839898416092316,6.839898416092316,106.65449818117887,0.11853261539365136,2.194062198752394,2.0535981700464836
ladderstress_d12_nl25_m250_w250,50000,lmin1of25_lseed415_lN5000_lpnsseed50000,1,1.3542302399197166,0.9961749228222488,0.35805531709746774,1.359430165219444,35.9430165219444,35.9430165219444,24.809111921497834,0.9615583535430523,1.408370313595412,1.0360004872836317
ladderstress_d12_nl25_m250_w250,50001,lmin1of25_lseed415_lN5000_lpnsseed50000,1,1.139133510837053,1.017033302349419,0.12210020848763414,1.1200552707621019,12.005527076210187,12.005527076210187,25.858918452194114,0.9615583535430523,1.1846743431011648,1.0576927532291287
ladderstress_d12_nl25_m250_w250,50002,lmin1of25_lseed415_lN5000_lpnsseed50000,1,1.2772352278356374,1.0486820466958655,0.22855318113977185,1.2179432573103408,21.794325731034082,21.794325731034082,27.493350876555738,0.9615583535430523,1.3282971575561806,1.0906067664347032
nl100_m20_w20,1000,lmin1of100_lseed415_lN1000_lpnsseed1000,1,0.5251187166038548,0.5119627760281785,0.013155940575676262,1.02569706469236,2.5697064692359994,2.5697064692359994,26.210588403847883,0.583743127326304,0.8995715615685888,0.8770343530605693
nl100_m20_w20,1001,lmin1of100_lseed415_lN1000_lpnsseed1000,1,0.4589241492318234,0.5115506165610642,-0.052626467329240756,0.8971236362043193,-10.287636379568067,10.287636379568067,26.16840333040049,0.583743127326304,0.7861748220211446,0.876328289986213
nl100_m20_w20,1002,lmin1of100_lseed415_lN1000_lpnsseed1000,1,0.48567676380665503,0.5042575693146223,-0.018580805507967257,0.9631521535051581,-3.684784649484185,3.684784649484185,25.42756962110911,0.583743127326304,0.832004251649491,0.8638347000747636
nl100_m20_w20,1003,lmin1of100_lseed415_lN1000_lpnsseed1000,1,0.5338204392722611,0.5152479312819348,0.01857250799032628,1.0360457691583893,3.6045769158389307,3.6045769158389307,26.548043069031337,0.583743127326304,0.9144783283655915,0.8826620942706511
nl100_m20_w20,1004,lmin1of100_lseed415_lN1000_lpnsseed1000,1,0.5266661040275216,0.520498686016711,0.006167418010810555,1.011849055869879,1.1849055869878944,1.1849055869878944,27.091888214512274,0.583743127326304,0.9022223635245008,0.8916570690960097
nl100_m20_w20,1005,lmin1of100_lseed415_lN1000_lpnsseed1000,1,0.4924432523537363,0.5042650154995165,-0.011821763145780206,0.9765564479342875,-2.344355206571247,2.344355206571247,25.42832058567276,0.583743127326304,0.8435958031904462,0.8638474560020639
nl100_m20_w20,1006,lmin1of100_lseed415_lN1000_lpnsseed1000,1,0.5223171920858556,0.5096533945210954,0.012663797564760215,1.0248478626864832,2.48478626864832,2.48478626864832,25.97465825468753,0.583743127326304,0.8947723195957866,0.8730781925526748
nl100_m20_w20,1007,lmin1of100_lseed415_lN1000_lpnsseed1000,1,0.4943721402790895,0.5042798734517889,-0.00990773317269944,0.9803527094887188,-1.9647290511281224,1.9647290511281224,25.429819076855217,0.583743127326304,0.8469001468907104,0.863872908896628
nl100_m20_w20,1008,lmin1of100_lseed415_lN1000_lpnsseed1000,1,0.4830071890642769,0.5194226487285111,-0.03641545966423415,0.9298924300790982,-7.010756992090183,7.010756992090183,26.979988801214223,0.583743127326304,0.8274310504974611,0.88981372869879
nl100_m20_w20,1009,lmin1of100_lseed415_lN1000_lpnsseed1000,1,0.4958172914843974,0.5086584381204486,-0.012841146636051237,0.9747548734598785,-2.5245126540121454,2.5245126540121454,25.87334066711343,0.583743127326304,0.8493758097938903,0.8713737503861282
nl100_m20_w20,1010,lmin1of100_lseed415_lN1000_lpnsseed1000,1,0.5272413881526553,0.5066843693997405,0.020557018752914824,1.040571645770854,4.057164577085404,4.057164577085404,25.67290501940127,0.583743127326304,0.9032078725578468,0.8679920082665252
nl100_m20_w20,1011,lmin1of100_lseed415_lN1000_lpnsseed1000,1,0.49550516653012533,0.5100944258795945,-0.014589259349469197,0.9713989045767127,-2.860109542328726,2.860109542328726,26.01963233134331,0.583743127326304,0.8488411140695882,0.8738337155521818
nl100_m20_w20,1012,lmin1of100_lseed415_lN1000_lpnsseed1000,1,0.49071190921804975,0.5182239757445815,-0.02751206652653171,0.94691085743958,-5.308914256041996,5.308914256041996,26.855608903652058,0.583743127326304,0.84062986996633,0.8877603032658948
nl100_m20_w20,1013,lmin1of100_lseed415_lN1000_lpnsseed1000,1,0.5297687084084162,0.5138089825517537,0.0159597258566625,1.031061593702393,3.106159370239303,3.106159370239303,26.399967055086826,0.583743127326304,0.9075373800714285,0.8801970567176235
nl100_m20_w20,1014,lmin1of100_lseed415_lN1000_lpnsseed1000,1,0.5278127845203104,0.5142737557778886,0.013539028742421855,1.0263265013824063,2.632650138240633,2.632650138240633,26.447749588189538,0.583743127326304,0.9041867215427972,0.8809932514895665
nl100_m20_w20,1015,lmin1of100_lseed415_lN1000_lpnsseed1000,1,0.5006202217919806,0.5187704228125554,-0.01815020102057474,0.9650130380946316,-3.498696190536843,3.498696190536843,26.912275158511747,0.583743127326304,0.8576036245342229,0.8886964120479832
nl100_m20_w20,1016,lmin1of100_lseed415_lN1000_lpnsseed1000,1,0.48648139004705454,0.5135082330746208,-0.02702684302756625,0.9473682381570719,-5.263176184292806,5.263176184292806,26.369070543541913,0.583743127326304,0.833382642593612,0.8796818481214891
nl100_m20_w20,1017,lmin1of100_lseed415_lN1000_lpnsseed1000,1,0.5380687881247334,0.5160925363880877,0.021976251736645636,1.042581998744737,4.258199874473689,4.258199874473689,26.635150611548966,0.583743127326304,0.921756099449477,0.8841089723007556
nl100_m20_w20,1018,lmin1of100_lseed415_lN1000_lpnsseed1000,1,0.5385436468152794,0.5112227406256306,0.027320906189648886,1.0534422748022003,5.344227480220032,5.344227480220032,26.134869053278074,0.583743127326304,0.922569571451659,0.8757666115353928
nl100_m20_w20,1019,lmin1of100_lseed415_lN1000_lpnsseed1000,1,0.5384575081200585,0.513079583263958,0.025377924856100575,1.0494619659091846,4.946196590918461,4.946196590918461,26.32506587623168,0.583743127326304,0.9224220087803596,0.8789475357320206
nl100_m20_w20,1020,lmin1of100_lseed415_lN1000_lpnsseed1000,1,0.5204374448010642,0.5223990539917013,-0.001961609190637037,0.9962449985779105,-0.375500142208951,0.375500142208951,27.290077161142445,0.583743127326304,0.8915521578554658,0.8949125557750469
nl100_m20_w20,1021,lmin1of100_lseed415_lN1000_lpnsseed1000,1,0.5709549645583998,0.5147559378575469,0.05619902670085286,1.109176062999404,10.917606299940408,10.917606299940408,26.49736755596027,0.583743127326304,0.9780928251327303,0.8818192690597723
nl100_m20_w20,1022,lmin1of100_lseed415_lN1000_lpnsseed1000,1,0.4770164158631872,0.5137049406396921,-0.03668852477650486,0.9285805491167393,-7.141945088326073,7.141945088326073,26.389276603762955,0.583743127326304,0.817168363160089,0.8800188243630293
nl100_m20_w20,1023,lmin1of100_lseed415_lN1000_lpnsseed1000,1,0.47612362457821356,0.5114893362174373,-0.03536571163922375,0.9308573822853081,-6.914261771469188,6.914261771469188,26.162134106415458,0.583743127326304,0.8156389382415244,0.8762233117162203
nl100_m20_w20,1024,lmin1of100_lseed415_lN1000_lpnsseed1000,1,0.5398068364692197,0.508311747518855,0.03149508895036468,1.0619601831043584,6.196018310435836,6.196018310435836,25.838083266567217,0.583743127326304,0.9247335192478857,0.8707798408643467
nl100_m20_w20,1025,lmin1of100_lseed415_lN1000_lpnsseed1000,1,0.5521571338832837,0.5156265063928499,0.03653062749043379,1.070847070578256,7.084707057825601,7.084707057825601,26.587069409489565,0.583743127326304,0.9458905947420874,0.8833106245799485
nl100_m20_w20,1026,lmin1of100_lseed415_lN1000_lpnsseed1000,1,0.4583310597236171,0.5128396041749985,-0.054508544451381424,0.8937122952134928,-10.628770478650718,10.628770478650718,26.30044596103691,0.583743127326304,0.785158810901797,0.8785364318102346
nl100_m20_w20,1027,lmin1of100_lseed415_lN1000_lpnsseed1000,1,0.5111692397433916,0.5159882592493432,-0.004819019505951649,0.9906606024079649,-0.9339397592035059,0.9339397592035059,26.624388368316747,0.583743127326304,0.8756749601227517,0.8839303369835021
nl100_m20_w20,1028,lmin1of100_lseed415_lN1000_lpnsseed1000,1,0.45745146668412573,0.5103151282359275,-0.05286366155180178,0.8964097699111088,-10.359023008889123,10.359023008889123,26.04215301064511,0.583743127326304,0.7836519956635258,0.8742117968451365
nl100_m20_w20,1029,lmin1of100_lseed415_lN1000_lpnsseed1000,1,0.4585265803317607,0.518319708232237,-0.05979312790047636,0.8846404507665651,-11.535954923343494,11.535954923343494,26.865531994195138,0.583743127326304,0.7854937537884724,0.8879243008928889
nl100_m20_w20,1030,lmin1of100_lseed415_lN1000_lpnsseed1000,1,0.5082887495493335,0.5176997194825227,-0.00941096993318924,0.9818215664814418,-1.817843351855819,1.817843351855819,26.801299955228263,0.583743127326304,0.8707404434505785,0.8868622091599137
nl100_m20_w20,1031,lmin1of100_lseed415_lN1000_lpnsseed1000,1,0.5009455751723609,0.5029279471942594,-0.0019823720218984375,0.9960583379130993,-0.39416620869007213,0.39416620869007213,25.293652006903176,0.583743127326304,0.8581609816407134,0.8615569479983444
nl100_m20_w20,1032,lmin1of100_lseed415_lN1000_lpnsseed1000,1,0.5268478455385047,0.5104483143742232,0.0163995311642815,1.0321277016741377,3.21277016741377,3.21277016741377,26.055748164748586,0.583743127326304,0.9025337016841731,0.8744399556568826
nl100_m20_w20,1033,lmin1of100_lseed415_lN1000_lpnsseed1000,1,0.5264356752474953,0.5112502347945923,0.015185440452903043,1.0297025593719369,2.9702559371936887,2.9702559371936887,26.13768025775257,0.583743127326304,0.9018276200675943,0.8758137113086915
nl100_m20_w20,1034,lmin1of100_lseed415_lN1000_lpnsseed1000,1,0.4790698701602738,0.5096532824643832,-0.030583412304109436,0.9399917289726339,-6.000827102736606,6.000827102736606,25.97464683267204,0.583743127326304,0.8206860993028543,0.8730780005903084
nl100_m20_w20,1035,lmin1of100_lseed415_lN1000_lpnsseed1000,1,0.5151079351971045,0.523824755420774,-0.008716820223669486,0.9833592816424502,-1.6640718357549766,1.6640718357549766,27.439237439163367,0.583743127326304,0.8824222694602564,0.897354899611458
nl100_m20_w20,1036,lmin1of100_lseed415_lN1000_lpnsseed1000,1,0.476273692816589,0.5112512982959324,-0.03497760547934342,0.931584319500159,-6.841568049984104,6.841568049984104,26.13778900092764,0.583743127326304,0.8158960174795495,0.8758155331739783
nl100_m20_w20,1037,lmin1of100_lseed415_lN1000_lpnsseed1000,1,0.47311879331696804,0.5154218363543126,-0.042303043037344557,0.9179253961443253,-8.207460385567467,8.207460385567467,26.56596693908518,0.583743127326304,0.8104914150920727,0.8829600079663109
nl100_m20_w20,1038,lmin1of100_lseed415_lN1000_lpnsseed1000,1,0.5100115078316706,0.5147776550875266,-0.004766147255856001,0.9907413478251195,-0.9258652174880533,0.9258652174880533,26.499603417741252,0.583743127326304,0.8736916701146556,0.8818564724613424
nl100_m20_w20,1039,lmin1of100_lseed415_lN1000_lpnsseed1000,1,0.5299410114461807,0.5162636582588018,0.013677353187378838,1.026492961432746,2.6492961432746043,2.6492961432746043,26.652816483876094,0.583743127326304,0.9078325493500008,0.8844021181429994
nl100_m20_w20,1040,lmin1of100_lseed415_lN1000_lpnsseed1000,1,0.5327192934572161,0.5035017013423009,0.02921759211491526,1.0580287852792218,5.802878527922184,5.802878527922184,25.35139632545916,0.583743127326304,0.9125919749962791,0.8625398360550646
nl100_m20_w20,1041,lmin1of100_lseed415_lN1000_lpnsseed1000,1,0.5012735283742709,0.5148545048992277,-0.013580976524956823,0.9736217195426599,-2.637828045734014,2.637828045734014,26.50751612150288,0.583743127326304,0.8587227924553641,0.8819881225110021
nl100_m20_w20,1042,lmin1of100_lseed415_lN1000_lpnsseed1000,1,0.5597713575022291,0.5127203616240759,0.0470509958781532,1.0917673636543632,9.176736365436323,9.176736365436323,26.288216922392312,0.583743127326304,0.9589343862019037,0.8783321595107579
nl100_m20_w20,1043,lmin1of100_lseed415_lN1000_lpnsseed1000,1,0.4777261754875985,0.512195308722983,-0.03446913323538453,0.9327031453659274,-6.7296854634072645,6.7296854634072645,26.234403427783185,0.583743127326304,0.818384239786615,0.8774327006965741
nl100_m20_w20,1044,lmin1of100_lseed415_lN1000_lpnsseed1000,1,0.4774832765123908,0.5141883111551758,-0.03670503464278502,0.9286155794550766,-7.138442054492344,7.138442054492344,26.438961932861186,0.583743127326304,0.8179681338594751,0.880846877821573
nl100_m20_w20,1045,lmin1of100_lseed415_lN1000_lpnsseed1000,1,0.4984553415646379,0.5131146308791559,-0.014659289314517987,0.9714307711526347,-2.8569228847365347,2.8569228847365347,26.328662442225237,0.583743127326304,0.8538950066062337,0.8790075751801224
nl100_m20_w20,1046,lmin1of100_lseed415_lN1000_lpnsseed1000,1,0.5095651011524864,0.5060299967340459,0.0035351044184405156,1.0069859582263034,0.6985958226303435,0.6985958226303435,25.606635759465856,0.583743127326304,0.8729269387486029,0.8668710140568087
nl100_m20_w20,1047,lmin1of100_lseed415_lN1000_lpnsseed1000,1,0.4648051260002283,0.5085010004798663,-0.043695874479638075,0.9140692458060008,-8.59307541939992,8.59307541939992,25.857326748902498,0.583743127326304,0.7962494190366869,0.871104046755863
nl100_m20_w20,1048,lmin1of100_lseed415_lN1000_lpnsseed1000,1,0.5435644527450904,0.5090735717184788,0.034490881026611575,1.0677522522141167,6.775225221411674,6.775225221411674,25.915590142220918,0.583743127326304,0.9311706250568766,0.8720849083914165
nl100_m20_w20,1049,lmin1of100_lseed415_lN1000_lpnsseed1000,1,0.48134378138548056,0.510826680310254,-0.02948289892477346,0.942283948624479,-5.771605137552105,5.771605137552105,26.094389731679453,0.583743127326304,0.8245814962998551,0.8750881276323949
nl100_m20_w20,1050,lmin1of100_lseed415_lN1000_lpnsseed1000,1,0.49102144880692317,0.517247464452264,-0.026226015645340828,0.9492969662536428,-5.070303374635721,5.070303374635721,26.754493948229605,0.583743127326304,0.8411601367470135,0.886087459087343
nl100_m20_w20,1051,lmin1of100_lseed415_lN1000_lpnsseed1000,1,0.49346070736159847,0.5137041561202453,-0.020243448758646865,0.9605931769921122,-3.940682300788778,3.940682300788778,26.38919600152134,0.583743127326304,0.8453387873220494,0.8800174804166767
nl100_m20_w20,1052,lmin1of100_lseed415_lN1000_lpnsseed1000,1,0.5316887948658859,0.5086705698847412,0.023018224981144697,1.045251733329806,4.525173332980592,4.525173332980592,25.874574866686746,0.583743127326304,0.9108266461331366,0.8713945330964072
nl100_m20_w20,1053,lmin1of100_lseed415_lN1000_lpnsseed1000,1,0.49523296380857995,0.5127609634239296,-0.017527999615349676,0.9658164313088353,-3.418356869116468,3.418356869116468,26.292380561143652,0.583743127326304,0.8483748084142357,0.8784017137341023
nl100_m20_w20,1054,lmin1of100_lseed415_lN1000_lpnsseed1000,1,0.48312790639410275,0.5152783535186204,-0.032150447124517645,0.9376056709835069,-6.239432901649311,6.239432901649311,26.55117816048604,0.583743127326304,0.8276378492145249,0.8827142100648446
nl100_m20_w20,1055,lmin1of100_lseed415_lN1000_lpnsseed1000,1,0.5455606184540848,0.5179149208674197,0.02764569758666502,1.0533788397916073,5.337883979160729,5.337883979160729,26.823586525710564,0.583743127326304,0.9345902211352705,0.8872308668362494
nl100_m20_w20,1056,lmin1of100_lseed415_lN1000_lpnsseed1000,1,0.5173336160734339,0.514907681487351,0.0024259345860828674,1.0047113971558461,0.471139715584612,0.471139715584612,26.512992045467925,0.583743127326304,0.8862350439018563,0.8820792183811443
nl100_m20_w20,1057,lmin1of100_lseed415_lN1000_lpnsseed1000,1,0.5528767401195387,0.5181760524500852,0.034700687669453445,1.0669669844937424,6.696698449374239,6.696698449374239,26.850642133275347,0.583743127326304,0.9471233394247546,0.8876782067199094
nl100_m20_w20,1058,lmin1of100_lseed415_lN1000_lpnsseed1000,1,0.5378146005501787,0.5107301220268052,0.02708447852337348,1.0530309009695573,5.3030900969557315,5.3030900969557315,26.084525754551535,0.583743127326304,0.9213206552229747,0.8749227153492712
nl100_m20_w20,1059,lmin1of100_lseed415_lN1000_lpnsseed1000,1,0.48822504541316014,0.5143973291920341,-0.026172283778873928,0.9491204905360165,-5.087950946398346,5.087950946398346,26.460461227989782,0.583743127326304,0.8363696676813283,0.8812049429140318
nl100_m20_w20,1060,lmin1of100_lseed415_lN1000_lpnsseed1000,1,0.5273534598388258,0.510592076766848,0.01676138307197772,1.0328273465936124,3.2827346593612416,3.2827346593612416,26.07042688570828,0.583743127326304,0.9033998605760764,0.8746862324623729
nl100_m20_w20,1061,lmin1of100_lseed415_lN1000_lpnsseed1000,1,0.5056449903001978,0.5177519937650599,-0.012107003464862043,0.976616210829396,-2.338378917060402,2.338378917060402,26.80671270476946,0.583743127326304,0.8662114663622406,0.8869517593063567
nl100_m20_w20,1062,lmin1of100_lseed415_lN1000_lpnsseed1000,1,0.5594649406185811,0.5195833418733229,0.03988159874525821,1.0767568848559843,7.675688485598431,7.675688485598431,26.996684915225032,0.583743127326304,0.9584094688721676,0.8900890092756215
nl100_m20_w20,1063,lmin1of100_lseed415_lN1000_lpnsseed1000,1,0.5200554243899499,0.5104496876369344,0.00960573675301546,1.0188181851917357,1.8818185191735726,1.8818185191735726,26.0558883608644,0.583743127326304,0.8908977254634922,0.8744423081688814
nl100_m20_w20,1064,lmin1of100_lseed415_lN1000_lpnsseed1000,1,0.4914921479326263,0.5187284149662522,-0.027236267033625916,0.9474941679541541,-5.250583204584592,5.250583204584592,26.907916849340037,0.583743127326304,0.8419664830724239,0.8886244491513997
nl100_m20_w20,1065,lmin1of100_lseed415_lN1000_lpnsseed1000,1,0.5337759177221216,0.5179391658486316,0.015836751873489985,1.0305764709790615,3.0576470979061465,3.0576470979061465,26.826097951997642,0.583743127326304,0.914402059287541,0.8872724004836311
nl100_m20_w20,1066,lmin1of100_lseed415_lN1000_lpnsseed1000,1,0.4886545781944154,0.5151008838190366,-0.026446305624621247,0.9486580076730906,-5.134199232690939,5.134199232690939,26.532892051115272,0.583743127326304,0.8371054926720611,0.8824101898695292
nl100_m20_w20,1067,lmin1of100_lseed415_lN1000_lpnsseed1000,1,0.4875411468309531,0.4995358806710487,-0.011994733840095584,0.9759882436793479,-2.401175632065211,2.401175632065211,24.95360960778002,0.583743127326304,0.8351980931476126,0.8557460589884005
nl100_m20_w20,1068,lmin1of100_lseed415_lN1000_lpnsseed1000,1,0.5256838487560214,0.5146672245238182,0.011016624232203176,1.0214053347624692,2.1405334762469197,2.1405334762469197,26.48823519990503,0.583743127326304,0.900539679437068,0.8816672958209008
nl100_m20_w20,1069,lmin1of100_lseed415_lN1000_lpnsseed1000,1,0.518627773299558,0.5041279511531463,0.014499822146411656,1.028762186491038,2.87621864910379,2.87621864910379,25.414499113386906,0.583743127326304,0.8884520416968482,0.863612653500837
nl100_m20_w20,1070,lmin1of100_lseed415_lN1000_lpnsseed1000,1,0.4999637102713506,0.5082190478526579,-0.00825533758130731,0.9837563396803248,-1.6243660319675168,1.6243660319675168,25.828660060026223,0.583743127326304,0.8564789662900445,0.8706210387100126
nl100_m20_w20,1071,lmin1of100_lseed415_lN1000_lpnsseed1000,1,0.550607479714851,0.5106007054476102,0.04000677426724086,1.0783523677903453,7.835236779034527,7.835236779034527,26.07130804035972,0.583743127326304,0.9432359096659128,0.8747010141023754
nl100_m20_w20,1072,lmin1of100_lseed415_lN1000_lpnsseed1000,1,0.5329548299822312,0.5171625384396444,0.015792291542586767,1.0305364181834098,3.0536418183409797,3.0536418183409797,26.745709116533668,0.583743127326304,0.9129954684405512,0.8859419738411037
nl100_m20_w20,1073,lmin1of100_lseed415_lN1000_lpnsseed1000,1,0.5305876672464259,0.5048744468567552,0.02571322038967072,1.0509299303019908,5.092993030199078,5.092993030199078,25.48982070889145,0.583743127326304,0.908940323934358,0.8648914620532016
nl100_m20_w20,1074,lmin1of100_lseed415_lN1000_lpnsseed1000,1,0.4645258885052368,0.5192817332204038,-0.054755844715167035,0.8945546488308178,-10.544535116918219,10.544535116918219,26.96535184563867,0.583743127326304,0.7957710622356904,0.8895723288406835
nl100_m20_w20,1075,lmin1of100_lseed415_lN1000_lpnsseed1000,1,0.5033227443302475,0.5096620658849641,-0.006339321554716615,0.9875617159309097,-1.243828406909031,1.243828406909031,25.975542140212955,0.583743127326304,0.8622332679711316,0.8730930473123504
nl100_m20_w20,1076,lmin1of100_lseed415_lN1000_lpnsseed1000,1,0.539932678313453,0.5191785482034517,0.02075413011000138,1.0399749376814937,3.997493768149374,3.997493768149374,26.954636491464374,0.583743127326304,0.9249490966797087,0.889395564417906
nl100_m20_w20,1077,lmin1of100_lseed415_lN1000_lpnsseed1000,1,0.5425091818580985,0.5239454600072503,0.018563721850848203,1.0354306378579772,3.5430637857977176,3.5430637857977176,27.451884506220907,0.583743127326304,0.9293628592133192,0.8975616764981155
nl100_m20_w20,1078,lmin1of100_lseed415_lN1000_lpnsseed1000,1,0.48840826278975463,0.5193758454774395,-0.030967582687684903,0.9403753891188033,-5.9624610881196745,5.9624610881196745,26.97512688654052,0.583743127326304,0.8366835341202081,0.8897335508793339
nl100_m20_w20,1079,lmin1of100_lseed415_lN1000_lpnsseed1000,1,0.490387707902642,0.5152730309108259,-0.024885323008183857,0.9517045886057822,-4.829541139421778,4.829541139421778,26.550629638402892,0.583743127326304,0.8400744864419147,0.8827050919998167
nl100_m20_w20,1080,lmin1of100_lseed415_lN1000_lpnsseed1000,1,0.5769248289884931,0.5164982459743859,0.060426583014107194,1.1169928135963192,11.699281359631918,11.699281359631918,26.677043809461722,0.583743127326304,0.9883196940252805,0.8848039861986603
nl100_m20_w20,1081,lmin1of100_lseed415_lN1000_lpnsseed1000,1,0.4913553004480657,0.5119485597177085,-0.020593259269642783,0.9597747490861229,-4.022525091387708,4.022525091387708,26.209132779703612,0.583743127326304,0.8417320520733175,0.8770099993511986
nl100_m20_w20,1082,lmin1of100_lseed415_lN1000_lpnsseed1000,1,0.5214730932778657,0.5115945940192156,0.009878499258650142,1.0193092330805182,1.930923308051824,1.930923308051824,26.172902862968606,0.583743127326304,0.8933263088960871,0.876403626989927
nl100_m20_w20,1083,lmin1of100_lseed415_lN1000_lpnsseed1000,1,0.5066728975010993,0.5135297789511752,-0.006856881450075902,0.9866475485334457,-1.3352451466554283,1.3352451466554283,26.37128338696429,0.583743127326304,0.8679723559603923,0.879718757980545
nl100_m20_w20,1084,lmin1of100_lseed415_lN1000_lpnsseed1000,1,0.5540747956063932,0.5173703091912157,0.03670448641517743,1.0709443231726152,7.094432317261523,7.094432317261523,26.767203683261414,0.583743127326304,0.9491757070343603,0.8862979022312553
nl100_m20_w20,1085,lmin1of100_lseed415_lN1000_lpnsseed1000,1,0.48229382896558887,0.509624775040707,-0.027330946075118157,0.9463704525100157,-5.362954748998428,5.362954748998428,25.97174113352912,0.583743127326304,0.8262090059622982,0.8730291650283262
nl100_m20_w20,1086,lmin1of100_lseed415_lN1000_lpnsseed1000,1,0.5273881603827508,0.5061415635655911,0.02124659681715968,1.0419775777106404,4.197757771064037,4.197757771064037,25.61792823686213,0.583743127326304,0.9034593054625352,0.8670621372175322
nl100_m20_w20,1087,lmin1of100_lseed415_lN1000_lpnsseed1000,1,0.48951379155855723,0.5126034928411324,-0.023089701282575148,0.9549560203840999,-4.504397961590012,4.504397961590012,26.276234087292885,0.583743127326304,0.8385773958498806,0.8781319536711127
nl100_m20_w20,1088,lmin1of100_lseed415_lN1000_lpnsseed1000,1,0.49970654586397983,0.5097442842613381,-0.010037738397358276,0.9803082865129056,-1.969171348709442,1.969171348709442,25.983923533710385,0.583743127326304,0.8560384225040325,0.8732338941549516
nl100_m20_w20,1089,lmin1of100_lseed415_lN1000_lpnsseed1000,1,0.5219474168865503,0.4988685344218117,0.023078882464738604,1.046262453677274,4.6262453677274,4.6262453677274,24.886981463616635,0.583743127326304,0.8941388642590207,0.854602839962776
nl100_m20_w20,1090,lmin1of100_lseed415_lN1000_lpnsseed1000,1,0.4608549493945839,0.5055499988827589,-0.04469504948817499,0.9115912380833767,-8.840876191662328,8.840876191662328,25.55808013703575,0.583743127326304,0.7894824415414019,0.8660487382494934
nl100_m20_w20,1091,lmin1of100_lseed415_lN1000_lpnsseed1000,1,0.5369185636199492,0.5176677008028531,0.019250862817096093,1.0371876838891818,3.718768388918181,3.718768388918181,26.797984845451225,0.583743127326304,0.9197856702470768,0.8868073585275538
nl100_m20_w20,1092,lmin1of100_lseed415_lN1000_lpnsseed1000,1,0.5200270446071873,0.5163863514741902,0.003640693132997086,1.0070503279620067,0.7050327962006664,0.7050327962006664,26.66548639888259,0.583743127326304,0.8908491085608957,0.8846123017145823
nl100_m20_w20,1093,lmin1of100_lseed415_lN1000_lpnsseed1000,1,0.47925574832773926,0.5151712680846866,-0.035915519756947345,0.9302843112922917,-6.971568870770827,6.971568870770827,26.540143545998404,0.583743127326304,0.8210045238953918,0.8825307639069013
nl100_m20_w20,1094,lmin1of100_lseed415_lN1000_lpnsseed1000,1,0.5300283071026168,0.5220432147666754,0.007985092335941468,1.0152958454589058,1.5295845458905832,1.5295845458905832,27.252911808392508,0.583743127326304,0.9079820939910419,0.8943029739086945
nl100_m20_w20,1095,lmin1of100_lseed415_lN1000_lpnsseed1000,1,0.5032224407438897,0.5146963676718856,-0.011473926927995981,0.9777073870175231,-2.2292612982476867,2.2292612982476867,26.491235089463295,0.583743127326304,0.8620614396760095,0.8817172204310644
nl100_m20_w20,1096,lmin1of100_lseed415_lN1000_lpnsseed1000,1,0.5177321158194341,0.518908912232464,-0.0011767964130299235,0.997732171513557,-0.22678284864430243,0.22678284864430243,26.926645919427912,0.583743127326304,0.8869177067501977,0.8889336558174182
nl100_m20_w20,1097,lmin1of100_lseed415_lN1000_lpnsseed1000,1,0.5122297166744846,0.5131101569270918,-0.0008804402526072508,0.9982841106520284,-0.1715889347971622,0.1715889347971622,26.32820331417448,0.583743127326304,0.8774916443481408,0.8789999109321773
nl100_m20_w20,1098,lmin1of100_lseed415_lN1000_lpnsseed1000,1,0.516736418907866,0.5163190715988386,0.0004173473090274271,1.0008083127894831,0.08083127894831232,0.08083127894831232,26.658538369668662,0.583743127326304,0.885211996027523,0.8844970457531807
nl100_m20_w20,1099,lmin1of100_lseed415_lN1000_lpnsseed1000,1,0.5437046277606473,0.5094874876857651,0.03421714007488219,1.0671599222785746,6.715992227857459,6.715992227857459,25.95775001083527,0.583743127326304,0.9314107563903263,0.8727939804950697
nl100_m20_w20,1100,lmin1of100_lseed415_lN1000_lpnsseed1000,1,0.4997802158451744,0.5016607377947313,-0.0018805219495569014,0.9962514069611595,-0.3748593038840453,0.3748593038840453,25.16634958447542,0.583743127326304,0.8561646252424391,0.8593861140472326
nl100_m20_w20,1101,lmin1of100_lseed415_lN1000_lpnsseed1000,1,0.4965691781717184,0.5055374487067468,-0.008968270535028355,0.9822599284029883,-1.7740071597011742,1.7740071597011742,25.55681120449266,0.583743127326304,0.8506638535448545,0.8660272387655172
nl100_m20_w20,1102,lmin1of100_lseed415_lN1000_lpnsseed1000,1,0.44107859044213044,0.5097580180479971,-0.0686794276058667,0.8652705299882109,-13.472947001178914,13.472947001178914,25.985323696422217,0.583743127326304,0.7556039117109363,0.8732574212613381
nl100_m20_w20,1103,lmin1of100_lseed415_lN1000_lpnsseed1000,1,0.46704512681259813,0.5053060644864673,-0.03826093767386918,0.9242816574688194,-7.571834253118059,7.571834253118059,25.53342188068019,0.583743127326304,0.8000867247067848,0.8656308585608555
nl100_m20_w20,1104,lmin1of100_lseed415_lN1000_lpnsseed1000,1,0.5240854650603431,0.5131907575622354,0.010894707498107725,1.0212293525118417,2.122935251184166,2.122935251184166,26.336475364730113,0.583743127326304,0.8978015166718819,0.8791379864509637
nl100_m20_w20,1105,lmin1of100_lseed415_lN1000_lpnsseed1000,1,0.54109855585613,0.5167569870214664,0.02434156883466354,1.0471044793704016,4.710447937040163,4.710447937040163,26.703778363550402,0.583743127326304,0.9269463408237503,0.8852472308982008
nl100_m20_w20,1106,lmin1of100_lseed415_lN1000_lpnsseed1000,1,0.5059841907504261,0.5126980724500542,-0.006713881699628055,0.9869048040934811,-1.3095195906518864,1.3095195906518864,26.28593134940009,0.583743127326304,0.8667925446385397,0.8782939763219917
nl100_m20_w20,1107,lmin1of100_lseed415_lN1000_lpnsseed1000,1,0.5131918520600653,0.5165599034757202,-0.0033680514156548824,0.9934798434934794,-0.6520156506520602,0.6520156506520602,26.68341338788454,0.583743127326304,0.8791398614157877,0.8849096105708337
nl100_m20_w20,1108,lmin1of100_lseed415_lN1000_lpnsseed1000,1,0.5380814167481069,0.5204633964056116,0.017618020342495377,1.0338506424547196,3.385064245471958,3.385064245471958,27.088214699806475,0.583743127326304,0.9217777333202369,0.8915966150890202
nl100_m20_w20,1109,lmin1of100_lseed415_lN1000_lpnsseed1000,1,0.48189994541618403,0.5103541273234073,-0.02845418190722332,0.9442462000719901,-5.575379992800988,5.575379992800988,26.04613352760367,0.583743127326304,0.8255342510384862,0.8742786054903338
nl100_m20_w20,1110,lmin1of100_lseed415_lN1000_lpnsseed1000,1,0.5043289825282454,0.5186816231099775,-0.014352640581732024,0.9723286117297262,-2.7671388270273822,2.7671388270273822,26.90306261520007,0.583743127326304,0.8639570367846624,0.8885442908521678
nl100_m20_w20,1111,lmin1of100_lseed415_lN1000_lpnsseed1000,1,0.5374294601016663,0.514319919754788,0.023109540346878288,1.044932228870109,4.493222887010906,4.493222887010906,26.452497985657157,0.583743127326304,0.9206608779502614,0.8810723341797746
nl100_m20_w20,1112,lmin1of100_lseed415_lN1000_lpnsseed1000,1,0.4957514629432873,0.5253962142886782,-0.029644751345390907,0.9435763895148612,-5.6423610485138775,5.6423610485138775,27.604118198887473,0.583743127326304,0.8492630400874415,0.9000469379316381
nl100_m20_w20,1113,lmin1of100_lseed415_lN1000_lpnsseed1000,1,0.49442042484099646,0.5092622508764773,-0.014841826035480787,0.9708562218975844,-2.914377810241564,2.914377810241564,25.934804016777605,0.583743127326304,0.8469828623174909,0.8724081313111667
nl100_m20_w20,1114,lmin1of100_lseed415_lN1000_lpnsseed1000,1,0.5080632043167566,0.5148189730016568,-0.006755768684900243,0.9868773898414996,-1.3122610158500359,1.3122610158500359,26.50385749624807,0.583743127326304,0.8703540659122083,0.8819272534473549
nl100_m20_w20,1115,lmin1of100_lseed415_lN1000_lpnsseed1000,1,0.5167735203728462,0.512324416635644,0.004449103737202198,1.0086841532293518,0.8684153229351788,0.8684153229351788,26.247630788105297,0.583743127326304,0.8852755538892663,0.8776538731723038
nl100_m20_w20,1116,lmin1of100_lseed415_lN1000_lpnsseed1000,1,0.5255654197312889,0.5175079714753777,0.008057448255911148,1.0155697084876585,1.5569708487658485,1.5569708487658485,26.781450054056045,0.583743127326304,0.9003368007748817,0.8865337290491101
nl100_m20_w20,1117,lmin1of100_lseed415_lN1000_lpnsseed1000,1,0.5323212164516913,0.5027798031502556,0.02954141330143567,1.0587561654552127,5.875616545521267,5.875616545521267,25.278753045580984,0.583743127326304,0.9119100363371497,0.861303165063576
nl100_m20_w20,1118,lmin1of100_lseed415_lN1000_lpnsseed1000,1,0.45966218318462276,0.5157815687947215,-0.056119385610098715,0.8911954420138771,-10.880455798612287,10.880455798612287,26.603062670834397,0.583743127326304,0.7874391348982482,0.8835762592308981
nl100_m20_w20,1119,lmin1of100_lseed415_lN1000_lpnsseed1000,1,0.5164824983158495,0.5180695441548603,-0.0015870458390108144,0.9969366162189677,-0.3063383781032325,0.3063383781032325,26.839605258082475,0.583743127326304,0.8847770091640723,0.887495749248054
nl100_m20_w20,1120,lmin1of100_lseed415_lN1000_lpnsseed1000,1,0.4969941727422707,0.5082604187242661,-0.011266245981995382,0.9778337136496411,-2.216628635035889,2.216628635035889,25.83286532417663,0.583743127326304,0.8513919042073075,0.8706919104165416
nl100_m20_w20,1121,lmin1of100_lseed415_lN1000_lpnsseed1000,1,0.4934855365673722,0.5134344086761701,-0.019948872108797866,0.9611462111387632,-3.8853788861236804,3.8853788861236804,26.361489201264835,0.583743127326304,0.8453813217941681,0.8795553808536193
nl100_m20_w20,1122,lmin1of100_lseed415_lN1000_lpnsseed1000,1,0.4993117049742675,0.5112962609836559,-0.011984556009388359,0.9765604466061772,-2.3439553393822754,2.3439553393822754,26.142386649586676,0.583743127326304,0.8553620275775161,0.8758925579570013
nl100_m20_w20,1123,lmin1of100_lseed415_lN1000_lpnsseed1000,1,0.5201976545538136,0.521402251356949,-0.0012045968031353382,0.9976896977333711,-0.2310302266628872,0.2310302266628872,27.1860307720095,0.583743127326304,0.8911413774350626,0.893204950857593
nl100_m20_w20,1124,lmin1of100_lseed415_lN1000_lpnsseed1000,1,0.5044170598189354,0.5121478110557625,-0.007730751236827094,0.9849052342508492,-1.5094765749150807,1.5094765749150807,26.22953803692089,0.583743127326304,0.8641079204294829,0.877351333285127
nl100_m20_w20,1125,lmin1of100_lseed415_lN1000_lpnsseed1000,1,0.5161118391139625,0.5039701260107387,0.012141713103223872,1.024092128633365,2.4092128633365073,2.4092128633365073,25.398588791127974,0.583743127326304,0.8841420394581596,0.8633422860480662
nl100_m20_w20,1126,lmin1of100_lseed415_lN1000_lpnsseed1000,1,0.47986842839237737,0.5170650857720904,-0.03719665737971306,0.9280619434511415,-7.193805654885854,7.193805654885854,26.735630292449926,0.583743127326304,0.8220540952495666,0.8857750294044293
nl100_m20_w20,1127,lmin1of100_lseed415_lN1000_lpnsseed1000,1,0.5512501724457842,0.5060810280422731,0.04516914440351116,1.0892527913528862,8.925279135288623,8.925279135288623,25.611800694432404,0.583743127326304,0.9443368951865079,0.8669584348860027
nl100_m20_w20,1128,lmin1of100_lseed415_lN1000_lpnsseed1000,1,0.5321257199203044,0.5138957278751489,0.01822999204515552,1.0354741070149245,3.5474107014924483,3.5474107014924483,26.40888191283291,0.583743127326304,0.9115751346959394,0.880345658592891
nl100_m20_w20,1129,lmin1of100_lseed415_lN1000_lpnsseed1000,1,0.5106653186697647,0.5085622555979994,0.002103063071765332,1.004135310964618,0.4135310964618055,0.4135310964618055,25.863556781892488,0.583743127326304,0.8748117018674726,0.8712089818125095
nl100_m20_w20,1130,lmin1of100_lseed415_lN1000_lpnsseed1000,1,0.5316017203749395,0.5136177094299932,0.017984010944946283,1.0350143903038405,3.501439030384046,3.501439030384046,26.380315144011295,0.583743127326304,0.9106774803667741,0.879869390124551
nl100_m20_w20,1131,lmin1of100_lseed415_lN1000_lpnsseed1000,1,0.5444386839513241,0.511540139608505,0.032898544342819136,1.0643127328541553,6.431273285415529,6.431273285415529,26.167331443068875,0.583743127326304,0.9326682550336747,0.8763103421045699
nl100_m20_w20,1132,lmin1of100_lseed415_lN1000_lpnsseed1000,1,0.5592664376669744,0.5254870039504139,0.03377943371656045,1.0642821486785008,6.4282148678500795,6.4282148678500795,27.613659132078237,0.583743127326304,0.958069416985791,0.9002024680911991
nl100_m20_w20,1133,lmin1of100_lseed415_lN1000_lpnsseed1000,1,0.5531179015133129,0.5123888844668543,0.04072901704645859,1.0794884867356902,7.94884867356902,7.94884867356902,26.254236892518726,0.583743127326304,0.947536468731953,0.8777643118707525
nl100_m20_w20,1134,lmin1of100_lseed415_lN1000_lpnsseed1000,1,0.49775419912157487,0.5181536793862958,-0.02039948026472088,0.9606304440626917,-3.9369555937308287,3.9369555937308287,26.848323546155612,0.583743127326304,0.8526938919202683,0.8876398798210695
nl100_m20_w20,1135,lmin1of100_lseed415_lN1000_lpnsseed1000,1,0.5230708678346395,0.5205190573103382,0.0025518105243013123,1.0049024343844146,0.49024343844146223,0.49024343844146223,27.094008902324312,0.583743127326304,0.8960634281562179,0.8916919667978817
nl100_m20_w20,1136,lmin1of100_lseed415_lN1000_lpnsseed1000,1,0.500255490064275,0.5096422357896556,-0.009386745725380563,0.9815816958128746,-1.8418304187125423,1.8418304187125423,25.973520850067896,0.583743127326304,0.8569788090792193,0.8730590767277213
nl100_m20_w20,1137,lmin1of100_lseed415_lN1000_lpnsseed1000,1,0.5327701659773382,0.51256689317764,0.020203272799698135,1.0394158754078882,3.9415875407888157,3.9415875407888157,26.27248199817782,0.583743127326304,0.9126791238083859,0.8780692554365999
nl100_m20_w20,1138,lmin1of100_lseed415_lN1000_lpnsseed1000,1,0.5089318344220142,0.5087808890080865,0.00015094541392768335,1.000296680589206,0.02966805892059554,0.02966805892059554,25.88579930198588,0.583743127326304,0.8718421007422477,0.8715835188303388
nl100_m20_w20,1139,lmin1of100_lseed415_lN1000_lpnsseed1000,1,0.513948226857383,0.5067530205911204,0.007195206266262577,1.0141986450477778,1.4198645047777791,1.4198645047777791,25.67986238782245,0.583743127326304,0.8804355936684002,0.8681096134050975
nl100_m20_w20,1140,lmin1of100_lseed415_lN1000_lpnsseed1000,1,0.5451887746471623,0.506094337546168,0.03909443710099436,1.077247331575663,7.724733157566299,7.724733157566299,25.613147849629453,0.583743127326304,0.9339532221034779,0.8669812351611097
nl100_m20_w20,1141,lmin1of100_lseed415_lN1000_lpnsseed1000,1,0.4538886490966325,0.5019387067997507,-0.04805005770311821,0.9042710652671625,-9.57289347328375,9.57289347328375,25.194246538380618,0.583743127326304,0.7775485960332605,0.8598622978205519
nl100_m20_w20,1142,lmin1of100_lseed415_lN1000_lpnsseed1000,1,0.4537931636389468,0.517518812562089,-0.0637256489231422,0.8768631257912064,-12.31368742087936,12.31368742087936,26.782572135567463,0.583743127326304,0.7773850215889274,0.8865523007225119
nl100_m20_w20,1143,lmin1of100_lseed415_lN1000_lpnsseed1000,1,0.4683139652127859,0.5158248024514478,-0.047510837238661896,0.9078934610882076,-9.210653891179243,9.210653891179243,26.607522682407513,0.583743127326304,0.8022603492700398,0.8836503220415804
nl100_m20_w20,1144,lmin1of100_lseed415_lN1000_lpnsseed1000,1,0.49327150208048837,0.5092513047036428,-0.015979802623154404,0.9686209883498408,-3.1379011650159216,3.1379011650159216,25.93368913423624,0.583743127326304,0.8450146631101264,0.8723893796165906
nl100_m20_w20,1145,lmin1of100_lseed415_lN1000_lpnsseed1000,1,0.5492549981304529,0.5055523530733492,0.04370264505710364,1.086445340015583,8.644534001558291,8.644534001558291,25.558318169800035,0.583743127326304,0.9409189974470179,0.8660527711716471
nl100_m20_w20,1146,lmin1of100_lseed415_lN1000_lpnsseed1000,1,0.4902409033933536,0.5163824720597366,-0.026141568666383064,0.949375569309876,-5.062443069012401,5.062443069012401,26.665085745052462,0.583743127326304,0.8398229982403134,0.8846056559584748
nl100_m20_w20,1147,lmin1of100_lseed415_lN1000_lpnsseed1000,1,0.5331837602922016,0.5191063449260502,0.014077415366151369,1.027118557697762,2.7118557697761947,2.7118557697761947,26.947139734248342,0.583743127326304,0.9133876448949773,0.8892718742637586
nl100_m20_w20,1148,lmin1of100_lseed415_lN1000_lpnsseed1000,1,0.4900765149725632,0.5156014080007584,-0.02552489302819516,0.9504949120927194,-4.950508790728058,4.950508790728058,26.58448119323645,0.583743127326304,0.8395413873517307,0.8832676289695222
nl100_m20_w20,1149,lmin1of100_lseed415_lN1000_lpnsseed1000,1,0.4932982858448754,0.5213029260972429,-0.02800464025236754,0.9462795260674528,-5.37204739325472,5.37204739325472,27.17567407575476,0.583743127326304,0.8450605459019457,0.8930347985165094
nl100_m20_w20,1150,lmin1of100_lseed415_lN1000_lpnsseed1000,1,0.47942685713745326,0.5049675469392582,-0.025540689801804906,0.9494211262553133,-5.057887374468672,5.057887374468672,25.499222346185192,0.583743127326304,0.821297647363068,0.8650509501536086
nl100_m20_w20,1151,lmin1of100_lseed415_lN1000_lpnsseed1000,1,0.5064387320949381,0.5140503845291491,-0.007611652434211025,0.9851927891442334,-1.480721085576664,1.480721085576664,26.424779783456604,0.583743127326304,0.8675712113555148,0.8806105981643573
nl100_m20_w20,1152,lmin1of100_lseed415_lN1000_lpnsseed1000,1,0.49113693024714467,0.5121779512677439,-0.021041021020599238,0.9589185341373668,-4.108146586263317,4.108146586263317,26.232625376482343,0.583743127326304,0.8413579659544432,0.877402965947801
nl100_m20_w20,1153,lmin1of100_lseed415_lN1000_lpnsseed1000,1,0.5813290729645001,0.5148167598654936,0.06651231309900651,1.129196091277961,12.919609127796106,12.919609127796106,26.503629623840528,0.583743127326304,0.9958645262808303,0.8819234621630389
nl100_m20_w20,1154,lmin1of100_lseed415_lN1000_lpnsseed1000,1,0.46973794273881436,0.504082322379298,-0.03434437964048359,0.9318675182292128,-6.813248177078723,6.813248177078723,25.40989877353065,0.583743127326304,0.8046997399187154,0.8635344876574851
nl100_m20_w20,1155,lmin1of100_lseed415_lN1000_lpnsseed1000,1,0.481345919415414,0.5123838746459644,-0.031037955230550363,0.9394244105515688,-6.057558944843122,6.057558944843122,26.253723499721133,0.583743127326304,0.8245851589210207,0.8777557296354244
nl100_m20_w20,1156,lmin1of100_lseed415_lN1000_lpnsseed1000,1,0.5027747183948975,0.5111861058801277,-0.008411387485230182,0.9835453519012455,-1.645464809875452,1.645464809875452,26.131123484488917,0.583743127326304,0.8612944544593392,0.8757038532025099
nl100_m20_w20,1157,lmin1of100_lseed415_lN1000_lpnsseed1000,1,0.5223082375350128,0.5183925184072571,0.003915719127755679,1.0075535795535526,0.7553579553552625,0.7553579553552625,26.873080314061834,0.583743127326304,0.8947569797135273,0.8880490307125846
nl100_m20_w20,1158,lmin1of100_lseed415_lN1000_lpnsseed1000,1,0.49998011640300444,0.5130226803556546,-0.013042563952650132,0.9745770227086095,-2.5422977291390536,2.5422977291390536,26.319227055930014,0.583743127326304,0.8565070713432533,0.878850056368856
nl100_m20_w20,1159,lmin1of100_lseed415_lN1000_lpnsseed1000,1,0.44812654020765225,0.5055180902430719,-0.05739155003541968,0.8864698392735586,-11.35301607264414,11.35301607264414,25.554853956300267,0.583743127326304,0.7676776294740957,0.8659940761246764
nl100_m20_w20,1160,lmin1of100_lseed415_lN1000_lpnsseed1000,1,0.609728992059802,0.5160832718819846,0.09364572017781747,1.1814546707478477,18.145467074784772,18.145467074784772,26.63419435164144,0.583743127326304,1.044515924071809,0.8840931014396363
nl100_m20_w20,1161,lmin1of100_lseed415_lN1000_lpnsseed1000,1,0.5106469351066711,0.5236263285037634,-0.01297939339709231,0.9752124889629208,-2.4787511037079213,2.4787511037079213,27.418453190233123,0.583743127326304,0.8747802093115298,0.8970149779785996
nl100_m20_w20,1162,lmin1of100_lseed415_lN1000_lpnsseed1000,1,0.5416951354591627,0.512774592694576,0.028920542764586665,1.0564001086961277,5.640010869612766,5.640010869612766,26.293778291308833,0.583743127326304,0.9279683307626557,0.8784250617959609
nl100_m20_w20,1163,lmin1of100_lseed415_lN1000_lpnsseed1000,1,0.5104914733334927,0.5195649156499706,-0.009073442316477998,0.982536460713235,-1.7463539286765029,1.7463539286765029,26.994770157436108,0.583743127326304,0.8745138905046762,0.8900574436391461
nl100_m20_w20,1164,lmin1of100_lseed415_lN1000_lpnsseed1000,1,0.5161190256494022,0.5109945873726066,0.00512443827679554,1.0100283611674714,1.0028361167471411,1.0028361167471411,26.111546832410053,0.583743127326304,0.8841543505845836,0.8753757662434423
nl100_m20_w20,1165,lmin1of100_lseed415_lN1000_lpnsseed1000,1,0.5523980737842497,0.5169241470104595,0.03547392677379013,1.0686250138999065,6.8625013899906495,6.8625013899906495,26.721057376249114,0.583743127326304,0.9463033446138838,0.8855335897111237
nl100_m20_w20,1166,lmin1of100_lseed415_lN1000_lpnsseed1000,1,0.5169973979255692,0.5097193048626045,0.0072780930629646745,1.0142786294211998,1.427862942119984,1.427862942119984,25.981376974961677,0.583743127326304,0.8856590745548515,0.8731911023899367
nl100_m20_w20,1167,lmin1of100_lseed415_lN1000_lpnsseed1000,1,0.5146204544689166,0.5134696869052426,0.0011507675636739378,1.0022411596887244,0.22411596887244034,0.22411596887244034,26.36511193705679,0.583743127326304,0.8815871748692147,0.8796158153622604
nl100_m20_w20,1168,lmin1of100_lseed415_lN1000_lpnsseed1000,1,0.49603888010901326,0.5168925739393739,-0.020853693830360676,0.9596556520991795,-4.034434790082053,4.034434790082053,26.717793299367113,0.583743127326304,0.8497554093373243,0.8854795024429272
nl100_m20_w20,1169,lmin1of100_lseed415_lN1000_lpnsseed1000,1,0.49687119005767266,0.5089755222027041,-0.012104332145031482,0.9762182430843682,-2.378175691563178,2.378175691563178,25.905608220151535,0.583743127326304,0.8511812247511548,0.8719169415046393
nl100_m20_w20,1170,lmin1of100_lseed415_lN1000_lpnsseed1000,1,0.5402630402670339,0.50965099492591,0.030612045341123828,1.0600647220272257,6.006472202722568,6.006472202722568,25.974413662897,0.583743127326304,0.9255150338841328,0.8730740818487145
nl100_m20_w20,1171,lmin1of100_lseed415_lN1000_lpnsseed1000,1,0.5238996324772585,0.5097126854585848,0.014186947018673624,1.0278332233499539,2.783322334995386,2.783322334995386,25.980702171740226,0.583743127326304,0.8974831701691387,0.8731797628062914
nl100_m20_w20,1172,lmin1of100_lseed415_lN1000_lpnsseed1000,1,0.5078501246027021,0.5159452855057801,-0.008095160903078047,0.9843100399780911,-1.5689960021908922,1.5689960021908922,26.619953763564094,0.583743127326304,0.8699890428325697,0.8838567194254506
nl100_m20_w20,1173,lmin1of100_lseed415_lN1000_lpnsseed1000,1,0.4915775437991649,0.5183635057917593,-0.026785961992594365,0.9483259108843303,-5.167408911566973,5.167408911566973,26.870072413672332,0.583743127326304,0.8421127732170801,0.8879993297154514
nl100_m20_w20,1174,lmin1of100_lseed415_lN1000_lpnsseed1000,1,0.5274659837378342,0.5108265948726103,0.01663938886522387,1.0325734584538877,3.2573458453887705,3.2573458453887705,26.0943810029146,0.583743127326304,0.9035926232720994,0.8750879812706824
nl100_m20_w20,1175,lmin1of100_lseed415_lN1000_lpnsseed1000,1,0.48418842464337075,0.5071499656842131,-0.02296154104084236,0.9547243565128429,-4.527564348715707,4.527564348715707,25.72010876934986,0.583743127326304,0.8294546042213469,0.8687896130051115
nl100_m20_w20,1176,lmin1of100_lseed415_lN1000_lpnsseed1000,1,0.5379032474451463,0.5221393698368694,0.01576387760827691,1.0301909385097736,3.0190938509773613,3.0190938509773613,27.262952153364303,0.583743127326304,0.9214725146467826,0.8944676954543416
nl100_m20_w20,1177,lmin1of100_lseed415_lN1000_lpnsseed1000,1,0.5297199244292273,0.5181820862500363,0.011537838179191073,1.022265991984956,2.2265991984955935,2.2265991984955935,26.851267451044006,0.583743127326304,0.9074538091017584,0.8876885431156091
nl100_m20_w20,1178,lmin1of100_lseed415_lN1000_lpnsseed1000,1,0.48158643516235283,0.511792343139158,-0.03020590797680517,0.9409801487229517,-5.901985127704834,5.901985127704834,26.193140249586968,0.583743127326304,0.8249971821820747,0.8767423875006471
nl100_m20_w20,1179,lmin1of100_lseed415_lN1000_lpnsseed1000,1,0.5315904798930416,0.5143963321223497,0.017194147770691948,1.0334258755301589,3.3425875530158855,3.3425875530158855,26.460358650092676,0.583743127326304,0.9106582244965605,0.8812032348516363
nl100_m20_w20,1180,lmin1of100_lseed415_lN1000_lpnsseed1000,1,0.48272776882588386,0.5123735704256578,-0.029645801599773924,0.9421402599374018,-5.78597400625982,5.78597400625982,26.252667567073644,0.583743127326304,0.8269523806419841,0.8777380776583402
nl100_m20_w20,1181,lmin1of100_lseed415_lN1000_lpnsseed1000,1,0.5415979953361321,0.5154813242323073,0.026116671103824762,1.0506646310469534,5.06646310469534,5.06646310469534,26.57209956322932,0.583743127326304,0.927801921740462,0.8830619155952147
nl100_m20_w20,1182,lmin1of100_lseed415_lN1000_lpnsseed1000,1,0.49989796907317674,0.5099650610938342,-0.010067092020657475,0.9802592514885934,-1.9740748511406614,1.9740748511406614,26.00643635364381,0.583743127326304,0.8563663462092308,0.8736121030317007
nl100_m20_w20,1183,lmin1of100_lseed415_lN1000_lpnsseed1000,1,0.5036760552885681,0.5089012442810158,-0.005225188992447727,0.989732410656944,-1.026758934305605,1.026758934305605,25.898047643076612,0.583743127326304,0.8628385187086245,0.8717896973141533
nl100_m20_w20,1184,lmin1of100_lseed415_lN1000_lpnsseed1000,1,0.5113205898383975,0.5163260517556117,-0.005005461917214293,0.9903056181259986,-0.9694381874001401,0.9694381874001401,26.659259172153867,0.583743127326304,0.8759342352866394,0.8845090033359707
nl100_m20_w20,1185,lmin1of100_lseed415_lN1000_lpnsseed1000,1,0.47447171764460594,0.5165630082253932,-0.04209129058078731,0.9185166380275889,-8.148336197241113,8.148336197241113,26.683734146686767,0.583743127326304,0.8128090857665603,0.8849149292624425
nl100_m20_w20,1186,lmin1of100_lseed415_lN1000_lpnsseed1000,1,0.5638531925965259,0.5160778657348922,0.04777532686163366,1.0925738731181618,9.257387311816178,9.257387311816178,26.633636350148144,0.583743127326304,0.9659269055194205,0.8840838402649187
nl100_m20_w20,1187,lmin1of100_lseed415_lN1000_lpnsseed1000,1,0.4870918422887909,0.5062372122843161,-0.019145369995525185,0.9621810298987411,-3.7818970101258897,3.7818970101258897,25.627611510139563,0.583743127326304,0.8344283975038794,0.8672259913414566
nl100_m20_w20,1188,lmin1of100_lseed415_lN1000_lpnsseed1000,1,0.5302255225927563,0.507997873308822,0.022227649283934392,1.0437553983034527,4.375539830345265,4.375539830345265,25.806183928628595,0.583743127326304,0.9083199403500094,0.8702421485210198
nl100_m20_w20,1189,lmin1of100_lseed415_lN1000_lpnsseed1000,1,0.5138117410204077,0.5075319829733116,0.006279758047096129,1.0123731277195713,1.237312771957133,1.237312771957133,25.758871374082183,0.583743127326304,0.8802017822013593,0.8694440400488151
nl100_m20_w20,1190,lmin1of100_lseed415_lN1000_lpnsseed1000,1,0.5663434157060206,0.5237688100463791,0.04257460565964155,1.0812851106118206,8.128511061182063,8.128511061182063,27.433376637739993,0.583743127326304,0.9701928625695714,0.8972590605826524
nl100_m20_w20,1191,lmin1of100_lseed415_lN1000_lpnsseed1000,1,0.5198598790452731,0.519008894413094,0.0008509846321791414,1.0016396340050038,0.1639634005003776,0.1639634005003776,26.93702324799021,0.583743127326304,0.8905627402011004,0.8891049335180875
nl100_m20_w20,1192,lmin1of100_lseed415_lN1000_lpnsseed1000,1,0.48656544525694867,0.5096313776466335,-0.023065932389684796,0.9547399681389356,-4.526003186106442,4.526003186106442,25.972414108200557,0.583743127326304,0.8335266360831443,0.8730404758354557
nl100_m20_w20,1193,lmin1of100_lseed415_lN1000_lpnsseed1000,1,0.4769227994231388,0.503872202945958,-0.026949403522819215,0.9465153994102953,-5.348460058970472,5.348460058970472,25.388719690161274,0.583743127326304,0.8170079904967273,0.8631745357822445
nl100_m20_w20,1194,lmin1of100_lseed415_lN1000_lpnsseed1000,1,0.5388596447581964,0.5139876752643975,0.024871969493798884,1.0483902060122445,4.839020601224453,4.839020601224453,26.418333032369965,0.583743127326304,0.9231109019241294,0.8805031720349246
nl100_m20_w20,1195,lmin1of100_lseed415_lN1000_lpnsseed1000,1,0.5191506205350208,0.5102764695401156,0.008874150994905183,1.0173908685283939,1.7390868528393888,1.7390868528393888,26.038207536632452,0.583743127326304,0.889347722024354,0.8741455713188696
nl100_m20_w20,1196,lmin1of100_lseed415_lN1000_lpnsseed1000,1,0.480703638678964,0.519737540587013,-0.03903390190804906,0.9248968972609473,-7.510310273905274,7.510310273905274,27.012711109543705,0.583743127326304,0.8234848791808689,0.8903531643576632
nl100_m20_w20,1197,lmin1of100_lseed415_lN1000_lpnsseed1000,1,0.5367049506004958,0.5184772135885706,0.01822773701192526,1.035156293341735,3.515629334173509,3.515629334173509,26.88186210105682,0.583743127326304,0.9194197335714165,0.8881941205258067
nl100_m20_w20,1198,lmin1of100_lseed415_lN1000_lpnsseed1000,1,0.5447810006140785,0.500066067381052,0.044714933233026555,1.0894180512331255,8.941805123312552,8.941805123312552,25.006607174595082,0.583743127326304,0.9332546716383932,0.8566543124395918
nl100_m20_w20,1199,lmin1of100_lseed415_lN1000_lpnsseed1000,1,0.5097051501173226,0.5079210119889781,0.0017841381283445479,1.003512629102226,0.35126291022260503,0.35126291022260503,25.798375441990768,0.583743127326304,0.8731668541467981,0.8701104787569647
nl100_m20_w20,1200,lmin1of100_lseed415_lN1000_lpnsseed1000,1,0.5231541549492831,0.5115087604535843,0.011645394495698791,1.0227667547382222,2.2766754738222206,2.2766754738222206,26.164121202076224,0.583743127326304,0.8962061058353968,0.8762565870307168
nl100_m20_w20,1201,lmin1of100_lseed415_lN1000_lpnsseed1000,1,0.48448813758673726,0.5116621745573847,-0.027174036970647464,0.9468906666900784,-5.310933330992162,5.310933330992162,26.179818087279166,0.583743127326304,0.8299680371498668,0.8765193980114698
nl100_m20_w20,1202,lmin1of100_lseed415_lN1000_lpnsseed1000,1,0.5496726358004028,0.5206920702053579,0.028980565595044916,1.055657781735787,5.565778173578706,5.565778173578706,27.112023197474134,0.583743127326304,0.9416344451335078,0.8919883521203301
nl100_m20_w20,1203,lmin1of100_lseed415_lN1000_lpnsseed1000,1,0.5197948737885562,0.5093964783324909,0.010398395456065246,1.0204131671465504,2.0413167146550393,2.0413167146550393,25.94847721375439,0.583743127326304,0.8904513808485464,0.8726380739858298
nl100_m20_w20,1204,lmin1of100_lseed415_lN1000_lpnsseed1000,1,0.49079714886916953,0.5082951403256104,-0.017497991456440876,0.9655751352546244,-3.442486474537565,3.442486474537565,25.836394967863196,0.583743127326304,0.8407758925011224,0.870751391376092
nl100_m20_w20,1205,lmin1of100_lseed415_lN1000_lpnsseed1000,1,0.5109808044369264,0.5078075469679518,0.0031732574689745663,1.0062489371966243,0.6248937196624338,0.6248937196624338,25.786850475760858,0.583743127326304,0.875352154940739,0.8699161038415014
nl100_m20_w20,1206,lmin1of100_lseed415_lN1000_lpnsseed1000,1,0.536010606441627,0.5082663589151697,0.027744247526457322,1.0545860394649647,5.458603946496465,5.458603946496465,25.833469160488416,0.583743127326304,0.9182302649055513,0.8707020864522421
nl100_m20_w20,1207,lmin1of100_lseed415_lN1000_lpnsseed1000,1,0.5323883096223027,0.5127866786762251,0.019601630946077586,1.0382257023460122,3.822570234601219,3.822570234601219,26.295017782779407,0.583743127326304,0.9120249724579718,0.8784457660768051
nl100_m20_w20,1208,lmin1of100_lseed415_lN1000_lpnsseed1000,1,0.49039562850525964,0.5106840334748659,-0.020288404969606266,0.9602720985193973,-3.972790148060268,3.972790148060268,26.0798182046158,0.583743127326304,0.8400880550858042,0.8748437618682249
nl100_m20_w20,1209,lmin1of100_lseed415_lN1000_lpnsseed1000,1,0.505268913319372,0.5256504733108442,-0.020381559991472287,0.9612260218028575,-3.8773978197142456,3.8773978197142456,27.63084200919145,0.583743127326304,0.8655672155553001,0.9004825045537765
nl100_m20_w20,1210,lmin1of100_lseed415_lN1000_lpnsseed1000,1,0.518384897525429,0.513348360082579,0.005036537442850042,1.0098111493763025,0.9811149376302453,0.9811149376302453,26.352653879947326,0.583743127326304,0.8880359755150649,0.8794079725338243
nl100_m20_w20,1211,lmin1of100_lseed415_lN1000_lpnsseed1000,1,0.49380442683135045,0.5072690481462275,-0.013464621314877079,0.9734566471893319,-2.654335281066811,2.654335281066811,25.73218872071797,0.583743127326304,0.8459276070505596,0.8689936110591182
nl100_m20_w20,1212,lmin1of100_lseed415_lN1000_lpnsseed1000,1,0.52979130939454,0.5155645333586811,0.014226776035858868,1.027594559197425,2.759455919742493,2.759455919742493,26.580678805735456,0.583743127326304,0.9075760974199776,0.8832044596740717
nl100_m20_w20,1213,lmin1of100_lseed415_lN1000_lpnsseed1000,1,0.5266396583317747,0.5103666001047997,0.016273058226975,1.0318850375859892,3.188503758598915,3.188503758598915,26.04740665025325,0.583743127326304,0.9021770598720742,0.8742999723909592
nl100_m20_w20,1214,lmin1of100_lseed415_lN1000_lpnsseed1000,1,0.5289583030173158,0.5208532689411542,0.008105034076161588,1.0155610698050113,1.5561069805011263,1.5561069805011263,27.128812776668635,0.583743127326304,0.9061490889667225,0.8922644988161117
nl100_m20_w20,1215,lmin1of100_lseed415_lN1000_lpnsseed1000,1,0.548448486381286,0.5151438741701416,0.033304612211144335,1.0646510885231735,6.465108852317347,6.465108852317347,26.537321109502273,0.583743127326304,0.9395373764712628,0.8824838358776662
nl100_m20_w20,1216,lmin1of100_lseed415_lN1000_lpnsseed1000,1,0.5216723740865862,0.5131297830783068,0.008542591008279365,1.016648012432706,1.6648012432705972,1.6648012432705972,26.330217428199017,0.583743127326304,0.8936676933156917,0.8790335321437963
nl100_m20_w20,1217,lmin1of100_lseed415_lN1000_lpnsseed1000,1,0.554166138269045,0.5134463281776824,0.04071981009136261,1.0793068483630701,7.9306848363070115,7.9306848363070115,26.362713191914434,0.583743127326304,0.9493321845299845,0.8795757999402936
nl100_m20_w20,1218,lmin1of100_lseed415_lN1000_lpnsseed1000,1,0.5241500962460013,0.5097159328924176,0.014434163353583718,1.0283180540809782,2.8318054080978206,2.8318054080978206,25.98103322443875,0.583743127326304,0.8979122352099385,0.873185325927604
nl100_m20_w20,1219,lmin1of100_lseed415_lN1000_lpnsseed1000,1,0.5291122312764213,0.5055924421177694,0.023519789158651827,1.0465192657155529,4.651926571555287,4.651926571555287,25.562371752661008,0.583743127326304,0.9064127807378111,0.8661214470027508
nl100_m20_w20,1220,lmin1of100_lseed415_lN1000_lpnsseed1000,1,0.5160748240308124,0.511448879241261,0.004625944789551362,1.0090447842928387,0.9044784292838726,0.9044784292838726,26.1579956077142,0.583743127326304,0.8840786295755976,0.8761540055877498
nl100_m20_w20,1221,lmin1of100_lseed415_lN1000_lpnsseed1000,1,0.5136866385091069,0.5137670126293472,-8.037412024031187e-05,0.9998435592043386,-0.015644079566135005,0.015644079566135005,26.39565432660838,0.583743127326304,0.8799874713076724,0.8801251587877948
nl100_m20_w20,1222,lmin1of100_lseed415_lN1000_lpnsseed1000,1,0.48565823439949285,0.5169263946770004,-0.03126816027750756,0.9395113876956402,-6.048861230435976,6.048861230435976,26.721289751376197,0.583743127326304,0.8319725092506604,0.8855374401488174
nl100_m20_w20,1223,lmin1of100_lseed415_lN1000_lpnsseed1000,1,0.5232062637711083,0.5155893444235905,0.007616919347517848,1.014773228791284,1.4773228791284065,1.4773228791284065,26.583237208314788,0.583743127326304,0.8962953725340284,0.8832469630693973
nl100_m20_w20,1224,lmin1of100_lseed415_lN1000_lpnsseed1000,1,0.5866344530004185,0.5262120590575982,0.06042239394282034,1.1148251791322148,11.482517913221479,11.482517913221479,27.68991310976372,0.583743127326304,1.004953078740914,0.9014445471380312
nl100_m20_w20,1225,lmin1of100_lseed415_lN1000_lpnsseed1000,1,0.5474618350388774,0.5170381748464691,0.030423660192408275,1.0588421932315586,5.884219323155859,5.884219323155859,26.7328474248568,0.583743127326304,0.9378471615527117,0.8857289287749545
nl100_m20_w20,1226,lmin1of100_lseed415_lN1000_lpnsseed1000,1,0.5343733211159535,0.5083402853061038,0.026033035809849725,1.0512118290884098,5.121182908840982,5.121182908840982,25.840984566509093,0.583743127326304,0.9154254604478564,0.8708287284416265
nl100_m20_w20,1227,lmin1of100_lseed415_lN1000_lpnsseed1000,1,0.5512572916098091,0.5210268315224497,0.030230460087359412,1.0580209276344281,5.802092763442812,5.802092763442812,27.146895916632314,0.583743127326304,0.9443490909001558,0.8925618257963716
nl100_m20_w20,1228,lmin1of100_lseed415_lN1000_lpnsseed1000,1,0.5220560486682851,0.5131154186682125,0.008940630000072614,1.0174242084232783,1.7424208423278298,1.7424208423278298,26.328743287505507,0.583743127326304,0.8943249594379608,0.8790089247275856
nl100_m20_w20,1229,lmin1of100_lseed415_lN1000_lpnsseed1000,1,0.5328935732803451,0.5080658990433549,0.024827674236990283,1.0488670353269895,4.886703532698955,4.886703532698955,25.813095777073247,0.583743127326304,0.9128905306708054,0.8703586822005587
nl100_m20_w20,1230,lmin1of100_lseed415_lN1000_lpnsseed1000,1,0.5053218053961518,0.5183228691972277,-0.013001063801075907,0.9749170554229802,-2.508294457701976,2.508294457701976,26.865859673284636,0.583743127326304,0.8656578240341051,0.8879297158859615
nl100_m20_w20,1231,lmin1of100_lseed415_lN1000_lpnsseed1000,1,0.47529689376956086,0.5201358552843273,-0.04483896151476641,0.9137937501150433,-8.620624988495674,8.620624988495674,27.054130795235857,0.583743127326304,0.8142226803535055,0.8910355102023819
nl100_m20_w20,1232,lmin1of100_lseed415_lN1000_lpnsseed1000,1,0.533314594974321,0.5193201847794578,0.013994410194863138,1.0269475568349153,2.6947556834915343,2.6947556834915343,26.969345431937025,0.583743127326304,0.9136117754688456,0.8896381995246436
nl100_m20_w20,1233,lmin1of100_lseed415_lN1000_lpnsseed1000,1,0.4754722405406206,0.5118334209604136,-0.03636118041979303,0.9289589563112853,-7.104104368871466,7.104104368871466,26.197345081203995,0.583743127326304,0.814523063797612,0.8768127571878138
nl100_m20_w20,1234,lmin1of100_lseed415_lN1000_lpnsseed1000,1,0.5450093471908493,0.5249901226392139,0.020019224551635406,1.0381325737158547,3.8132573715854656,3.8132573715854656,27.561462886873677,0.583743127326304,0.9336458481098261,0.8993512695280984
nl100_m20_w20,1235,lmin1of100_lseed415_lN1000_lpnsseed1000,1,0.5376664703141735,0.5085682207821394,0.029098249532034104,1.0572160200794363,5.721602007943627,5.721602007943627,25.86416351895108,0.583743127326304,0.9210668959424437,0.8712192006636801
nl100_m20_w20,1236,lmin1of100_lseed415_lN1000_lpnsseed1000,1,0.5818829898521788,0.5118007468679069,0.0700822429842719,1.1369326704057345,13.693267040573453,13.693267040573453,26.19400044945473,0.583743127326304,0.9968134314785939,0.876756783779345
nl100_m20_w20,1237,lmin1of100_lseed415_lN1000_lpnsseed1000,1,0.49075066023175773,0.49836280749560063,-0.0076121472638429055,0.9847256915055602,-1.5274308494439781,1.5274308494439781,24.836548789489708,0.583743127326304,0.8406962536407477,0.8537364881334578
nl100_m20_w20,1238,lmin1of100_lseed415_lN1000_lpnsseed1000,1,0.5159224248857964,0.5175797311275919,-0.0016573062417954976,0.9967979691975477,-0.32020308024522937,0.32020308024522937,26.78887780741104,0.583743127326304,0.8838175573027403,0.8866566592368159
nl100_m20_w20,1239,lmin1of100_lseed415_lN1000_lpnsseed1000,1,0.48481813378653493,0.5113888692587684,-0.02657073547223343,0.9480420144639707,-5.195798553602926,5.195798553602926,26.151857560176175,0.583743127326304,0.8305333477879708,0.876051203550889
nl100_m20_w20,1240,lmin1of100_lseed415_lN1000_lpnsseed1000,1,0.5052323161066815,0.5161192078525523,-0.010886891745870764,0.9789062457272836,-2.1093754272716425,2.1093754272716425,26.637903671434604,0.583743127326304,0.8655045215192126,0.884154662713569
nl100_m20_w20,1241,lmin1of100_lseed415_lN1000_lpnsseed1000,1,0.5224612723873907,0.5183584890501398,0.004102783337250893,1.0079149535001712,0.791495350017124,0.791495350017124,26.869552317034398,0.583743127326304,0.8950191410053937,0.887990735624344
nl100_m20_w20,1242,lmin1of100_lseed415_lN1000_lpnsseed1000,1,0.49812195150009364,0.5101009355168902,-0.011978984016796534,0.9765164437413585,-2.3483556258641514,2.3483556258641514,26.020296441520657,0.583743127326304,0.8533238819986153,0.8738448670963986
nl100_m20_w20,1243,lmin1of100_lseed415_lN1000_lpnsseed1000,1,0.5014946779218742,0.5067103526475686,-0.005215674725694397,0.989706792650984,-1.0293207349015954,1.0293207349015954,25.675538148022337,0.583743127326304,0.8591016398237541,0.8680365197076227
nl100_m20_w20,1244,lmin1of100_lseed415_lN1000_lpnsseed1000,1,0.5397364478450282,0.5183021478466541,0.021434299998374096,1.0413548353743571,4.1354835374357135,4.1354835374357135,26.86371164624548,0.583743127326304,0.9246129377439734,0.8878942185077422
nl100_m20_w20,1245,lmin1of100_lseed415_lN1000_lpnsseed1000,1,0.5242242280197807,0.5134458626057411,0.010778365414039648,1.020992213978197,2.099221397819706,2.099221397819706,26.362665382695358,0.583743127326304,0.8980392290370333,0.8795750023772567
nl100_m20_w20,1246,lmin1of100_lseed415_lN1000_lpnsseed1000,1,0.4799661605120511,0.5133431390023512,-0.03337697849030008,0.9349811540187991,-6.501884598120089,6.501884598120089,26.35211783607872,0.583743127326304,0.8222215184107118,0.8793990283938705
nl100_m20_w20,1247,lmin1of100_lseed415_lN1000_lpnsseed1000,1,0.4701142879434014,0.5085707911216577,-0.03845650317825633,0.9243831854884152,-7.561681451158475,7.561681451158475,25.864424958210876,0.583743127326304,0.8053444502150247,0.8712236038667296
nl100_m20_w20,1248,lmin1of100_lseed415_lN1000_lpnsseed1000,1,0.5069544552530918,0.5124397648787002,-0.005485309625608448,0.9892956987307437,-1.0704301269256256,1.0704301269256256,26.259451262893755,0.583743127326304,0.8684546875525124,0.8778514742020317
nl100_m20_w20,1249,lmin1of100_lseed415_lN1000_lpnsseed1000,1,0.4988518958004631,0.5154818509233905,-0.01662995512292742,0.9677390094469128,-3.2260990553087177,3.2260990553087177,26.57215386314046,0.583743127326304,0.8545743366355937,0.8830628178603696
nl100_m20_w20,1250,lmin1of100_lseed415_lN1000_lpnsseed1000,1,0.5491961868697524,0.5061237005931503,0.043072486276602096,1.08510268581796,8.510268581795998,8.510268581795998,25.616120030210475,0.583743127326304,0.9408182489192025,0.8670315364762049
nl100_m20_w20,1251,lmin1of100_lseed415_lN1000_lpnsseed1000,1,0.4914259021739649,0.5136836534327663,-0.022257751258801417,0.9566703142876735,-4.332968571232653,4.332968571232653,26.387089580403444,0.583743127326304,0.8418529986379865,0.8799823576263274
nl100_m20_w20,1252,lmin1of100_lseed415_lN1000_lpnsseed1000,1,0.47614330260366167,0.5156636483635485,-0.03952034575988683,0.9233602254389967,-7.663977456100335,7.663977456100335,26.590899824360534,0.583743127326304,0.8156726483179724,0.8833742518313196
nl100_m20_w20,1253,lmin1of100_lseed415_lN1000_lpnsseed1000,1,0.4954253581643851,0.511984500636334,-0.01655914247194895,0.967656945764241,-3.2343054235759006,3.2343054235759006,26.212812889183628,0.583743127326304,0.8487043957734675,0.8770715691015616
nl100_m20_w20,1254,lmin1of100_lseed415_lN1000_lpnsseed1000,1,0.4808477623889282,0.5168275882881332,-0.035979825899205065,0.9303833101898071,-6.961668981019287,6.961668981019287,26.711075601572816,0.583743127326304,0.823731774952686,0.8853681766761669
nl100_m20_w20,1255,lmin1of100_lseed415_lN1000_lpnsseed1000,1,0.5219352831362832,0.5223891627116175,-0.0004538795753342706,0.999131146647495,-0.08688533525049724,0.08688533525049724,27.289043731854484,0.583743127326304,0.8941180781466039,0.8948956111985359
nl100_m20_w20,1256,lmin1of100_lseed415_lN1000_lpnsseed1000,1,0.49404028338270883,0.5088462188884002,-0.01480593550569137,0.9709029271396854,-2.90970728603146,2.90970728603146,25.892447447702168,0.583743127326304,0.8463316487262855,0.87169543428982
nl100_m20_w20,1257,lmin1of100_lseed415_lN1000_lpnsseed1000,1,0.5447972438852554,0.5103433287758153,0.03445391510944007,1.0675112481475681,6.751124814756815,6.751124814756815,26.045031322597993,0.583743127326304,0.9332824976982069,0.8742601066899428
nl100_m20_w20,1258,lmin1of100_lseed415_lN1000_lpnsseed1000,1,0.4876778668268525,0.5224259666560895,-0.034748099829237045,0.9334870353944111,-6.6512964605588865,6.6512964605588865,27.292889063654957,0.583743127326304,0.8354323057481542,0.8949586593831724
nl100_m20_w20,1259,lmin1of100_lseed415_lN1000_lpnsseed1000,1,0.4991515090392844,0.5143211668299398,-0.015169657790655378,0.9705054764046466,-2.949452359535343,2.949452359535343,26.45262626493108,0.583743127326304,0.8550875987620252,0.881074470522103
nl100_m20_w20,1260,lmin1of100_lseed415_lN1000_lpnsseed1000,1,0.5220327455984011,0.5120345834290732,0.009998162169327918,1.0195263415653892,1.9526341565389238,1.9526341565389238,26.217941462738445,0.583743127326304,0.894285039362172,0.8771573650456929
nl100_m20_w20,1261,lmin1of100_lseed415_lN1000_lpnsseed1000,1,0.5236853941937983,0.5131566421950103,0.010528751998788,1.0205176180780815,2.05176180780815,2.05176180780815,26.33297394288579,0.583743127326304,0.8971161623647961,0.8790795440203327
nl100_m20_w20,1262,lmin1of100_lseed415_lN1000_lpnsseed1000,1,0.5425891489698725,0.5111197345259139,0.031469414443958676,1.0615695546820314,6.15695546820314,6.15695546820314,26.124338302184064,0.583743127326304,0.9294998494544554,0.8755901536125587
nl100_m20_w20,1263,lmin1of100_lseed415_lN1000_lpnsseed1000,1,0.5046557020117634,0.5172798144558284,-0.012624112444065028,0.9755951960790401,-2.4404803920959894,2.4404803920959894,26.75784064434562,0.583743127326304,0.8645167341382131,0.8861428773047917
nl100_m20_w20,1264,lmin1of100_lseed415_lN1000_lpnsseed1000,1,0.488566878963944,0.513755488864943,-0.025188609900999026,0.9509715994341023,-4.902840056589774,4.902840056589774,26.394470233885666,0.583743127326304,0.836955256675497,0.8801054176313431
nl100_m20_w20,1265,lmin1of100_lseed415_lN1000_lpnsseed1000,1,0.5298575783901243,0.5202633847815101,0.009594193608614132,1.0184410317720962,1.8441031772096217,1.8441031772096217,27.067398954431365,0.583743127326304,0.9076896216611755,0.891253978722546
nl100_m20_w20,1266,lmin1of100_lseed415_lN1000_lpnsseed1000,1,0.5110645886237212,0.5124039996931513,-0.0013394110694301409,0.9973860253428306,-0.26139746571693934,0.26139746571693934,26.2557858901539,0.583743127326304,0.8754956841454057,0.8777902054968861
nl100_m20_w20,1267,lmin1of100_lseed415_lN1000_lpnsseed1000,1,0.5030671995952184,0.5149303255806841,-0.011863125985465683,0.976961687055258,-2.303831294474201,2.303831294474201,26.515324020262934,0.583743127326304,0.861795498817087,0.8821180095758892
nl100_m20_w20,1268,lmin1of100_lseed415_lN1000_lpnsseed1000,1,0.5686317118621473,0.5088452583430075,0.059786453519139804,1.1174943709091976,11.749437090919756,11.749437090919756,25.892349693816204,0.583743127326304,0.9741129021366455,0.871693788796541
nl100_m20_w20,1269,lmin1of100_lseed415_lN1000_lpnsseed1000,1,0.5154025419736019,0.51568947883002,-0.0002869368564181185,0.999443585979165,-0.055641402083494995,0.055641402083494995,26.59356385759776,0.583743127326304,0.8829269551048596,0.8834185015453845
nl100_m20_w20,1270,lmin1of100_lseed415_lN1000_lpnsseed1000,1,0.5184826284309582,0.5156190885955676,0.0028635398353905606,1.0055535954713977,0.5553595471397665,0.5553595471397665,26.586304452412374,0.583743127326304,0.8882033965962804,0.8832979172829627
nl100_m20_w20,1271,lmin1of100_lseed415_lN1000_lpnsseed1000,1,0.5280090149459326,0.513066603489785,0.014942411456147608,1.0291237265386444,2.9123726538644368,2.9123726538644368,26.32373396165442,0.583743127326304,0.904522880405208,0.878925300311053
nl100_m20_w20,1272,lmin1of100_lseed415_lN1000_lpnsseed1000,1,0.4908041149937425,0.5158569011917111,-0.025052786197968635,0.9514346204536709,-4.856537954632911,4.856537954632911,26.61083425071148,0.583743127326304,0.8407878260455992,0.8837053098243238
nl100_m20_w20,1273,lmin1of100_lseed415_lN1000_lpnsseed1000,1,0.5078372623841626,0.5109693723088187,-0.003132109924656068,0.9938702589736375,-0.6129741026362545,0.6129741026362545,26.108969943766812,0.583743127326304,0.8699670087940734,0.8753325707648018
nl100_m20_w20,1274,lmin1of100_lseed415_lN1000_lpnsseed1000,1,0.5411647290957359,0.5144900312031604,0.026674697892575483,1.051846870249741,5.1846870249740995,5.1846870249740995,26.469999220742896,0.583743127326304,0.9270597010270797,0.8813637490854225
nl100_m20_w20,1275,lmin1of100_lseed415_lN1000_lpnsseed1000,1,0.5023982363849772,0.5118680988596307,-0.009469862474653534,0.9814994087426995,-1.8500591257300525,1.8500591257300525,26.20089506301727,0.583743127326304,0.8606495098042393,0.876872163282025
nl100_m20_w20,1276,lmin1of100_lseed415_lN1000_lpnsseed1000,1,0.48737445224642156,0.5172082100558263,-0.029833757809404726,0.9423177025627947,-5.768229743720532,5.768229743720532,26.750433254915166,0.583743127326304,0.8349125316108198,0.8860202130768974
nl100_m20_w20,1277,lmin1of100_lseed415_lN1000_lpnsseed1000,1,0.5311871251118017,0.5082223078078062,0.022964817303995466,1.0451865590140133,4.518655901401325,4.518655901401325,25.828991415349243,0.583743127326304,0.9099672445734436,0.8706266232813689
nl100_m20_w20,1278,lmin1of100_lseed415_lN1000_lpnsseed1000,1,0.5343229490536844,0.5107816290946906,0.02354131995899378,1.0460888149026002,4.6088814902600195,4.6088814902600195,26.089787262062615,0.583743127326304,0.9153391689612229,0.8750109511938992
nl100_m20_w20,1279,lmin1of100_lseed415_lN1000_lpnsseed1000,1,0.5404287391335717,0.5074210804839229,0.03300765864964883,1.0650498371454526,6.504983714545265,6.504983714545265,25.747615291947174,0.583743127326304,0.9257988896740875,0.8692540549608593
nl100_m20_w20,1280,lmin1of100_lseed415_lN1000_lpnsseed1000,1,0.529243338087819,0.5201042653750838,0.009139072712735175,1.017571616541434,1.757161654143391,1.757161654143391,27.050844686135562,0.583743127326304,0.9066373774915205,0.8909813940890358
nl100_m20_w20,1281,lmin1of100_lseed415_lN1000_lpnsseed1000,1,0.4972521745229136,0.5130966305266956,-0.015844456003782037,0.9691199375300562,-3.088006246994379,3.088006246994379,26.326815225784838,0.583743127326304,0.8518338824826229,0.8789767390955201
nl100_m20_w20,1282,lmin1of100_lseed415_lN1000_lpnsseed1000,1,0.5132955421675213,0.5121963319499678,0.0010992102175534368,1.0021460720215793,0.21460720215793483,0.21460720215793483,26.234508246300166,0.583743127326304,0.8793174911001505,0.8774344535685771
nl100_m20_w20,1283,lmin1of100_lseed415_lN1000_lpnsseed1000,1,0.545624481638479,0.5168692991614163,0.028755182477062657,1.0556333729314469,5.563337293144688,5.563337293144688,26.71538724156137,0.583743127326304,0.9346996240239807,0.8854396308335359
nl100_m20_w20,1284,lmin1of100_lseed415_lN1000_lpnsseed1000,1,0.5371963935443502,0.5169082906997975,0.020288102844552736,1.0392489406913679,3.924894069136786,3.924894069136786,26.719418099418633,0.583743127326304,0.920261615763855,0.885506426546506
nl100_m20_w20,1285,lmin1of100_lseed415_lN1000_lpnsseed1000,1,0.5308310477377433,0.5118005440373282,0.019030503700415036,1.037183437810154,3.7183437810154096,3.7183437810154096,26.19397968769051,0.583743127326304,0.9093572547382067,0.8767564363138773
nl100_m20_w20,1286,lmin1of100_lseed415_lN1000_lpnsseed1000,1,0.5435376605817476,0.5162639754667075,0.027273685115040025,1.052828952650404,5.282895265040399,5.282895265040399,26.652849236468924,0.583743127326304,0.9311247278769552,0.8844026615462377
nl100_m20_w20,1287,lmin1of100_lseed415_lN1000_lpnsseed1000,1,0.49039533092407345,0.5098223910347346,-0.019427060110661143,0.9618944549076551,-3.8105545092344872,3.8105545092344872,25.991887040037383,0.583743127326304,0.840087545304751,0.8733676974834023
nl100_m20_w20,1288,lmin1of100_lseed415_lN1000_lpnsseed1000,1,0.47005288076944646,0.5146144866588681,-0.04456160588942165,0.9134077896276538,-8.659221037234621,8.659221037234621,26.48280698791703,0.583743127326304,0.805239254674246,0.8815769515196469
nl100_m20_w20,1289,lmin1of100_lseed415_lN1000_lpnsseed1000,1,0.5159055083951058,0.5117972292229509,0.004108279172154949,1.0080271618085788,0.8027161808578764,0.8027161808578764,26.193640384028974,0.583743127326304,0.8837885779625156,0.8767507577641487
nl100_m20_w20,1290,lmin1of100_lseed415_lN1000_lpnsseed1000,1,0.5216792067126637,0.5164291841489476,0.005250022563716095,1.010166006734046,1.0166006734046107,1.0166006734046107,26.66991022407476,0.583743127326304,0.8936793981662632,0.8846856776101641
nl100_m20_w20,1291,lmin1of100_lseed415_lN1000_lpnsseed1000,1,0.5361648538462936,0.5131479027792674,0.02301695106702628,1.0448544190522144,4.485441905221443,4.485441905221443,26.332077012676045,0.583743127326304,0.9184945033992413,0.8790645726821982
nl100_m20_w20,1292,lmin1of100_lseed415_lN1000_lpnsseed1000,1,0.5530240977622491,0.5172006046904981,0.035823493071751034,1.0692642134345307,6.926421343453071,6.926421343453071,26.749646549221698,0.583743127326304,0.9473757751894125,0.8860071844604185
nl100_m20_w20,1293,lmin1of100_lseed415_lN1000_lpnsseed1000,1,0.5156172828566493,0.5161394454043541,-0.0005221625477047631,0.9989883304747311,-0.10116695252688768,0.10116695252688768,26.639992710231425,0.583743127326304,0.8832948239036427,0.8841893313046915
nl100_m20_w20,1294,lmin1of100_lseed415_lN1000_lpnsseed1000,1,0.5139546143151676,0.507515731141024,0.00643888317414365,1.0126870612654064,1.2687061265406419,1.2687061265406419,25.75722173556082,0.583743127326304,0.8804465359090634,0.8694161993231143
nl100_m20_w20,1295,lmin1of100_lseed415_lN1000_lpnsseed1000,1,0.5184523195656432,0.5076918909914547,0.010760428574188463,1.0211948009513698,2.119480095136983,2.119480095136983,25.775105617847913,0.583743127326304,0.8881514750165715,0.869717975639073
nl100_m20_w20,1296,lmin1of100_lseed415_lN1000_lpnsseed1000,1,0.5094613990796927,0.5100607821832093,-0.0005993831035165931,0.9988248790645087,-0.1175120935491325,0.1175120935491325,26.01620015213473,0.583743127326304,0.872749288566632,0.8737760811325025
nl100_m20_w20,1297,lmin1of100_lseed415_lN1000_lpnsseed1000,1,0.5386700281523011,0.5195715752552966,0.019098452897004514,1.0367580787836985,3.6758078783698522,3.6758078783698522,26.99546218132704,0.583743127326304,0.922786073079011,0.8900688520909363
nl100_m20_w20,1298,lmin1of100_lseed415_lN1000_lpnsseed1000,1,0.5515531768697891,0.5247648779395551,0.026788298930234045,1.0510481933078601,5.104819330786015,5.104819330786015,27.53781771189161,0.583743127326304,0.9448559666921421,0.8989654068273408
nl100_m20_w20,1299,lmin1of100_lseed415_lN1000_lpnsseed1000,1,0.5399754929184883,0.5123813640580134,0.027594128860474965,1.053854669190019,5.385466919001902,5.385466919001902,26.25346622339505,0.583743127326304,0.9250224416203702,0.8777514287917254
nl100_m50_w50,1000,lmin1of100_lseed415_lN1000_lpnsseed1000,1,0.5253177407830216,0.5165731967289047,0.008744544054116954,1.0169279864102319,1.6927986410231854,1.6927986410231854,26.684786757871972,0.5291959219454955,0.992671558865729,0.9761473497940317
nl100_m50_w50,1001,lmin1of100_lseed415_lN1000_lpnsseed1000,1,0.5140807931611414,0.5125390472227762,0.0015417459383652021,1.003008055574925,0.3008055574925006,0.3008055574925006,26.26962749280312,0.5291959219454955,0.9714375561913139,0.9685241816273202
nl100_m50_w50,1002,lmin1of100_lseed415_lN1000_lpnsseed1000,1,0.5303644052128019,0.5123794939148795,0.017984911297922457,1.0351007632263094,3.5100763226309395,3.5100763226309395,26.2532745784468,0.5291959219454955,1.0022080352830587,0.9682226802338284
nl100_m50_w50,1003,lmin1of100_lseed415_lN1000_lpnsseed1000,1,0.5012478717324446,0.5083891782990402,-0.007141306566595618,0.9859530712465421,-1.4046928753457921,1.4046928753457921,25.845955661157326,0.5291959219454955,0.947187706756498,0.9606823431859358
nl100_m50_w50,1004,lmin1of100_lseed415_lN1000_lpnsseed1000,1,0.5618073887932264,0.5176220713365671,0.04418531745665932,1.0853621201711263,8.536212017112632,8.536212017112632,26.79326087347582,0.5291959219454955,1.061624561897304,0.97812936546
nl100_m50_w50,1005,lmin1of100_lseed415_lN1000_lpnsseed1000,1,0.5334016797775858,0.5130559830044492,0.02034569677313658,1.0396559000325705,3.965590003257047,3.965590003257047,26.322644169666173,0.5291959219454955,1.007947449437306,0.969501014139129
nl100_m50_w50,1006,lmin1of100_lseed415_lN1000_lpnsseed1000,1,0.5066458297226287,0.5104856322391123,-0.003839802516483526,0.9924781379259564,-0.7521862074043595,0.7521862074043595,26.059558072256618,0.5291959219454955,0.9573880083203111,0.9646439268889334
nl100_m50_w50,1007,lmin1of100_lseed415_lN1000_lpnsseed1000,1,0.5242439465449152,0.5116594930130011,0.012584453531914175,1.0245953680206503,2.459536802065032,2.459536802065032,26.179543679032122,0.5291959219454955,0.9906424535881245,0.9668621238273628
nl100_m50_w50,1008,lmin1of100_lseed415_lN1000_lpnsseed1000,1,0.461518476114956,0.5112184452786779,-0.04969996916372188,0.9027813459730915,-9.721865402690854,9.721865402690854,26.13442987931485,0.5291959219454955,0.8721126845011669,0.9660286938706433
nl100_m50_w50,1009,lmin1of100_lseed415_lN1000_lpnsseed1000,1,0.521661725083386,0.5152832424093288,0.006378482674057273,1.0123785952056836,1.237859520568363,1.237859520568363,26.551681990787106,0.5291959219454955,0.9857629347663691,0.9737097756063214
nl100_m50_w50,1010,lmin1of100_lseed415_lN1000_lpnsseed1000,1,0.5367907107300459,0.5094646026874722,0.027326108042573738,1.0536369119629234,5.363691196292342,5.363691196292342,25.955418139150392,0.5291959219454955,1.0143515633239,0.9627145288922776
nl100_m50_w50,1011,lmin1of100_lseed415_lN1000_lpnsseed1000,1,0.5145462084028943,0.5011220441276653,0.013424164275229078,1.0267882134353068,2.6788213435306796,2.6788213435306796,25.11233031106897,0.5291959219454955,0.9723170324352765,0.9469499354518426
nl100_m50_w50,1012,lmin1of100_lseed415_lN1000_lpnsseed1000,1,0.4812060484019277,0.5045623213817934,-0.023356272979865644,0.953709835257016,-4.629016474298398,4.629016474298398,25.458313615818415,0.5291959219454955,0.9093154887378166,0.9534508873894171
nl100_m50_w50,1013,lmin1of100_lseed415_lN1000_lpnsseed1000,1,0.5432406661390933,0.5091152678841586,0.03412539825493466,1.0670288251160822,6.702882511608221,6.702882511608221,25.919835599275856,0.5291959219454955,1.026539781602936,0.9620544051293632
nl100_m50_w50,1014,lmin1of100_lseed415_lN1000_lpnsseed1000,1,0.5062499913392241,0.51789273771377,-0.011642746374545876,0.9775190005058912,-2.2480999494108755,2.2480999494108755,26.82128877766638,0.5291959219454955,0.9566400086343926,0.9786408326992179
nl100_m50_w50,1015,lmin1of100_lseed415_lN1000_lpnsseed1000,1,0.5456483373340548,0.5194824464400883,0.02616589089396648,1.0503691531316914,5.0369153131691435,5.0369153131691435,26.986201215937925,0.5291959219454955,1.0310894598886458,0.9816448405919357
nl100_m50_w50,1016,lmin1of100_lseed415_lN1000_lpnsseed1000,1,0.526284001044878,0.5088936998614482,0.01739030118342988,1.0341727578631148,3.41727578631148,3.41727578631148,25.897279775867368,0.5291959219454955,0.9944974615641173,0.961635717052751
nl100_m50_w50,1017,lmin1of100_lseed415_lN1000_lpnsseed1000,1,0.5325900147023882,0.5105173526268147,0.022072662075573457,1.0432358703617044,4.32358703617044,4.32358703617044,26.062796733309153,0.5291959219454955,1.0064136789724587,0.9647038676148292
nl100_m50_w50,1018,lmin1of100_lseed415_lN1000_lpnsseed1000,1,0.4866498708727539,0.5142249850575435,-0.02757511418478964,0.9463753901773094,-5.362460982269058,5.362460982269058,26.442733525743087,0.5291959219454955,0.9196024585444111,0.971710029750581
nl100_m50_w50,1019,lmin1of100_lseed415_lN1000_lpnsseed1000,1,0.47344123169050006,0.5146489525839434,-0.04120772089344332,0.9199304289136351,-8.006957108636492,8.006957108636492,26.486354439575,0.5291959219454955,0.8946426305591639,0.9725111839334046
nl100_m50_w50,1020,lmin1of100_lseed415_lN1000_lpnsseed1000,1,0.5055813885184437,0.5087943854431469,-0.0032129969247032264,0.9936850778691184,-0.6314922130881584,0.6314922130881584,25.887172665846954,0.5291959219454955,0.9553765770903201,0.9614480466377255
nl100_m50_w50,1021,lmin1of100_lseed415_lN1000_lpnsseed1000,1,0.4842232147617283,0.5128794835789481,-0.028656268817219777,0.9441267008435351,-5.587329915646489,5.587329915646489,26.304536467620842,0.5291959219454955,0.9150169052353372,0.9691674903567608
nl100_m50_w50,1022,lmin1of100_lseed415_lN1000_lpnsseed1000,1,0.532093858209609,0.5149782302995314,0.01711562791007759,1.0332356338638284,3.323563386382844,3.323563386382844,26.520257768243724,0.5291959219454955,1.005476112237335,0.973133406633794
nl100_m50_w50,1023,lmin1of100_lseed415_lN1000_lpnsseed1000,1,0.5579987833074138,0.5124316120927562,0.04556717121465759,1.0889234195145818,8.892341951458182,8.892341951458182,26.258615707198103,0.5291959219454955,1.0544275950880908,0.9683211658338027
nl100_m50_w50,1024,lmin1of100_lseed415_lN1000_lpnsseed1000,1,0.523084020053967,0.515648725706063,0.00743529434790402,1.0144193013135503,1.4419301313550292,1.4419301313550292,26.589360832228657,0.5291959219454955,0.9884505876971631,0.9744004145201487
nl100_m50_w50,1025,lmin1of100_lseed415_lN1000_lpnsseed1000,1,0.5160326405000346,0.5067765222500633,0.009256118249971301,1.0182646942855098,1.8264694285509808,1.8264694285509808,25.682244350386892,0.5291959219454955,0.9751258826843027,0.9576349726713479
nl100_m50_w50,1026,lmin1of100_lseed415_lN1000_lpnsseed1000,1,0.4560464252636871,0.5112462750504102,-0.0551998497867231,0.892028846994963,-10.797115300503702,10.797115300503702,26.13727537529197,0.5291959219454955,0.861772372672701,0.9660812826578546
nl100_m50_w50,1027,lmin1of100_lseed415_lN1000_lpnsseed1000,1,0.5164073674566546,0.5116653033246145,0.004742064132040147,1.0092679024769278,0.926790247692777,0.926790247692777,26.180138262626965,0.5291959219454955,0.975833988966079,0.9668731033367892
nl100_m50_w50,1028,lmin1of100_lseed415_lN1000_lpnsseed1000,1,0.4786887164280702,0.5122365506896674,-0.03354783426159724,0.9345071447626513,-6.549285523734872,6.549285523734872,26.23862838624482,0.5291959219454955,0.9045585889404733,0.9679525662376991
nl100_m50_w50,1029,lmin1of100_lseed415_lN1000_lpnsseed1000,1,0.5240072340680284,0.5110650766702541,0.012942157397774268,1.0253238931568096,2.5323893156809607,2.5323893156809607,26.118751259197268,0.5291959219454955,0.9901951476527034,0.9657388794520818
nl100_m50_w50,1030,lmin1of100_lseed415_lN1000_lpnsseed1000,1,0.5247936491076449,0.5202902949803327,0.004503354127312176,1.008655464402776,0.8655464402776092,0.8655464402776092,27.070199105072163,0.5291959219454955,0.9916812041527713,0.9831713991059818
nl100_m50_w50,1031,lmin1of100_lseed415_lN1000_lpnsseed1000,1,0.4775997188579259,0.5003828818869821,-0.022783163029056197,0.9544685402843136,-4.5531459715686395,4.5531459715686395,25.038302848552146,0.5291959219454955,0.9025007545449609,0.9455531706431385
nl100_m50_w50,1032,lmin1of100_lseed415_lN1000_lpnsseed1000,1,0.5084616999601588,0.5031158185696899,0.005345881390468876,1.0106255482200235,1.0625548220023484,1.0625548220023484,25.31255268950491,0.5291959219454955,0.9608193844179468,0.9507174898855482
nl100_m50_w50,1033,lmin1of100_lseed415_lN1000_lpnsseed1000,1,0.5219944011225608,0.5078718233706364,0.014122577751924381,1.0278073661543101,2.780736615431012,2.780736615431012,25.79337889738149,0.5291959219454955,0.9863915791405581,0.9597047186296055
nl100_m50_w50,1034,lmin1of100_lseed415_lN1000_lpnsseed1000,1,0.5184294429333223,0.5139953768221476,0.004434066111174695,1.0086266653575544,0.8626665357554408,0.8626665357554408,26.419124739454148,0.5291959219454955,0.9796550227133419,0.971276148411224
nl100_m50_w50,1035,lmin1of100_lseed415_lN1000_lpnsseed1000,1,0.5129630805855104,0.5186806883978989,-0.005717607812388503,0.9889766325597179,-1.1023367440282095,1.1023367440282095,26.90296565169183,0.5291959219454955,0.969325460218386,0.9801297910442334
nl100_m50_w50,1036,lmin1of100_lseed415_lN1000_lpnsseed1000,1,0.4681142432588433,0.5043550971250427,-0.03624085386619935,0.9281441705005425,-7.185582949945745,7.185582949945745,25.43740639960112,0.5291959219454955,0.8845764372822524,0.9530593041436716
nl100_m50_w50,1037,lmin1of100_lseed415_lN1000_lpnsseed1000,1,0.5159574036259559,0.5096414273635712,0.0063159762623846705,1.0123929804824892,1.2392980482489158,1.2392980482489158,25.973438448517825,0.5291959219454955,0.9749837106248467,0.9630486672874659
nl100_m50_w50,1038,lmin1of100_lseed415_lN1000_lpnsseed1000,1,0.54240651486522,0.5033474604805165,0.03905905438470347,1.0775985923270897,7.7598592327089655,7.7598592327089655,25.335866597218516,0.5291959219454955,1.0249635198834453,0.9511552141786134
nl100_m50_w50,1039,lmin1of100_lseed415_lN1000_lpnsseed1000,1,0.5179595879555905,0.5150775375417185,0.002882050413872017,1.0055953719659898,0.5595371965989804,0.5595371965989804,26.530486968004038,0.5291959219454955,0.9787671568809589,0.9733210634884085
nl100_m50_w50,1040,lmin1of100_lseed415_lN1000_lpnsseed1000,1,0.4846349019267004,0.5047060686753115,-0.020071166748611147,0.9602319686757653,-3.9768031324234676,3.9768031324234676,25.47282157576883,0.5291959219454955,0.9157948537188754,0.9537225208007059
nl100_m50_w50,1041,lmin1of100_lseed415_lN1000_lpnsseed1000,1,0.5657586231568245,0.5088855100537133,0.05687311310311116,1.1117601346069141,11.176013460691415,11.176013460691415,25.8964462342628,0.5291959219454955,1.0690910486931053,0.9616202411063288
nl100_m50_w50,1042,lmin1of100_lseed415_lN1000_lpnsseed1000,1,0.5178816934863721,0.5193569350242191,-0.0014752415378469497,0.9971594842807324,-0.2840515719267578,0.2840515719267578,26.973162595775097,0.5291959219454955,0.9786199628721087,0.9814076667765974
nl100_m50_w50,1043,lmin1of100_lseed415_lN1000_lpnsseed1000,1,0.48644392456179397,0.5026170984735994,-0.016173173911805394,0.9678220777587515,-3.217792224124849,3.217792224124849,25.26239476780199,0.5291959219454955,0.9192132901808251,0.9497750788135635
nl100_m50_w50,1044,lmin1of100_lseed415_lN1000_lpnsseed1000,1,0.5140856971755541,0.5135498985825085,0.0005357985930455333,1.0010433233353262,0.10433233353261961,0.10433233353261961,26.37334983341048,0.5291959219454955,0.9714468231077985,0.9704343463088924
nl100_m50_w50,1045,lmin1of100_lseed415_lN1000_lpnsseed1000,1,0.4709903701168947,0.5148059702322509,-0.043815600115356235,0.9148890987111336,-8.511090128886645,8.511090128886645,26.50251869867692,0.5291959219454955,0.8900113371724062,0.9728078937941501
nl100_m50_w50,1046,lmin1of100_lseed415_lN1000_lpnsseed1000,1,0.5254142885441154,0.5088567314725297,0.016557557071585682,1.032538740371325,3.2538740371325092,3.2538740371325092,25.89351731649062,0.5291959219454955,0.9928540012412085,0.9615658593925057
nl100_m50_w50,1047,lmin1of100_lseed415_lN1000_lpnsseed1000,1,0.5016785231020937,0.5146900626598765,-0.01301153955778278,0.9747196604291518,-2.5280339570848187,2.5280339570848187,26.490586060082755,0.5291959219454955,0.9480014911259351,0.9725888679710706
nl100_m50_w50,1048,lmin1of100_lseed415_lN1000_lpnsseed1000,1,0.4799630463197351,0.5077748367136108,-0.027811790393875713,0.9452281043033217,-5.4771895696678286,5.4771895696678286,25.78352847995341,0.5291959219454955,0.9069666382825393,0.9595214468903429
nl100_m50_w50,1049,lmin1of100_lseed415_lN1000_lpnsseed1000,1,0.4501252011023049,0.5146808515027151,-0.06455565040041022,0.8745714937481608,-12.54285062518392,12.54285062518392,26.489637890355986,0.5291959219454955,0.8505832763175858,0.9725714620221974
nl100_m50_w50,1050,lmin1of100_lseed415_lN1000_lpnsseed1000,1,0.48583576516720195,0.5050126788807462,-0.01917691371354424,0.962026866818382,-3.797313318161799,3.797313318161799,25.503780583030764,0.5291959219454955,0.9180640761196958,0.9543019096295303
nl100_m50_w50,1051,lmin1of100_lseed415_lN1000_lpnsseed1000,1,0.5813449507039452,0.5223829680891806,0.058961982614764596,1.1128711811383152,11.287118113831518,11.287118113831518,27.288396534966186,0.5291959219454955,1.0985438976300743,0.9871258383260623
nl100_m50_w50,1052,lmin1of100_lseed415_lN1000_lpnsseed1000,1,0.5328604912523736,0.5163873951192371,0.01647309613313641,1.0319006549904897,3.1900654990489663,3.1900654990489663,26.665594183803112,0.5291959219454955,1.0069247875029081,0.9757962480527627
nl100_m50_w50,1053,lmin1of100_lseed415_lN1000_lpnsseed1000,1,0.4953176621436228,0.5094876705718833,-0.014170008428260439,0.9721877304462441,-2.781226955375593,2.781226955375593,25.95776864647638,0.5291959219454955,0.9359816310047795,0.9627581193347857
nl100_m50_w50,1054,lmin1of100_lseed415_lN1000_lpnsseed1000,1,0.5283149151703483,0.5201452283407411,0.008169686829607281,1.0157065496028264,1.5706549602826358,1.5706549602826358,27.055105856564168,0.5291959219454955,0.998335197346366,0.982897272580104
nl100_m50_w50,1055,lmin1of100_lseed415_lN1000_lpnsseed1000,1,0.49995326826531594,0.5107831149908674,-0.010829846725551429,0.9787975631775826,-2.1202436822417403,2.1202436822417403,26.08993905597736,0.5291959219454955,0.9447413472638374,0.9652060679399481
nl100_m50_w50,1056,lmin1of100_lseed415_lN1000_lpnsseed1000,1,0.5103885563233901,0.5094930448331679,0.0008955114902221561,1.0017576520411882,0.17576520411881624,0.17576520411881624,25.958316273337243,0.5291959219454955,0.964460486481144,0.9627682748576494
nl100_m50_w50,1057,lmin1of100_lseed415_lN1000_lpnsseed1000,1,0.503133834784085,0.5130657920355579,-0.00993195725147289,0.9806419422116052,-1.9358057788394833,1.9358057788394833,26.32365069570744,0.5291959219454955,0.9507515343927864,0.9695195498660724
nl100_m50_w50,1058,lmin1of100_lseed415_lN1000_lpnsseed1000,1,0.5031061142292955,0.5067040942991357,-0.0035979800698401343,0.9928992480812361,-0.7100751918763915,0.7100751918763915,25.674903917950733,0.5291959219454955,0.9506991519883876,0.9574981085196715
nl100_m50_w50,1059,lmin1of100_lseed415_lN1000_lpnsseed1000,1,0.5132779460228736,0.5207417499717268,-0.007463803948853265,0.9856669760985008,-1.4333023901499153,1.4333023901499153,27.117197016361644,0.5291959219454955,0.969920448623069,0.9840244952329028
nl100_m50_w50,1060,lmin1of100_lseed415_lN1000_lpnsseed1000,1,0.5120668412150843,0.5126584084573734,-0.0005915672422891483,0.9988460791190976,-0.11539208809023815,0.11539208809023815,26.28186437620471,0.5291959219454955,0.9676318731492881,0.9687497336953679
nl100_m50_w50,1061,lmin1of100_lseed415_lN1000_lpnsseed1000,1,0.5247247077811383,0.5095414208630042,0.015183286918134087,1.0297979443799061,2.9797944379906127,2.9797944379906127,25.963245957508917,0.5291959219454955,0.991550928533388,0.9628596890727447
nl100_m50_w50,1062,lmin1of100_lseed415_lN1000_lpnsseed1000,1,0.47986812378699495,0.5094518961701248,-0.029583772383129814,0.9419301947729904,-5.806980522700956,5.806980522700956,25.954123451133555,0.5291959219454955,0.9067872670349469,0.9626905179034916
nl100_m50_w50,1063,lmin1of100_lseed415_lN1000_lpnsseed1000,1,0.5087595884934089,0.5169670585990798,-0.008207470105670911,0.9841238044684855,-1.5876195531514536,1.5876195531514536,26.72549396765844,0.5291959219454955,0.9613822922577406,0.9768916145433274
nl100_m50_w50,1064,lmin1of100_lseed415_lN1000_lpnsseed1000,1,0.5016609584177202,0.5156011031900847,-0.013940144772364493,0.9729633146901449,-2.7036685309855146,2.7036685309855146,26.584449761083242,0.5291959219454955,0.9479682998566054,0.9743104241895292
nl100_m50_w50,1065,lmin1of100_lseed415_lN1000_lpnsseed1000,1,0.4921227262803776,0.5193052748786009,-0.027182548598223277,0.9476559358951673,-5.234406410483272,5.234406410483272,26.967796851673928,0.5291959219454955,0.9299442907102822,0.9813100467015442
nl100_m50_w50,1066,lmin1of100_lseed415_lN1000_lpnsseed1000,1,0.485301590124311,0.5125317092998958,-0.027230119175584766,0.9468713473108222,-5.312865268917777,5.312865268917777,26.26887530378729,0.5291959219454955,0.9170546672774523,0.9685103154530431
nl100_m50_w50,1067,lmin1of100_lseed415_lN1000_lpnsseed1000,1,0.5283827887016365,0.5104138689542326,0.01796891974740389,1.0352046071636332,3.520460716363316,3.520460716363316,26.05223176208285,0.5291959219454955,0.9984634551965751,0.9645083187296418
nl100_m50_w50,1068,lmin1of100_lseed415_lN1000_lpnsseed1000,1,0.5681998325492608,0.5129928802843999,0.05520695226486083,1.1076173849318425,10.761738493184247,10.761738493184247,26.316169522248465,0.5291959219454955,1.0737041027458682,0.9693817714967872
nl100_m50_w50,1069,lmin1of100_lseed415_lN1000_lpnsseed1000,1,0.47878214187581614,0.5063914588323215,-0.02760931695650537,0.9454783123313945,-5.452168766860554,5.452168766860554,25.64323095783268,0.5291959219454955,0.9047351312074704,0.9569073339995944
nl100_m50_w50,1070,lmin1of100_lseed415_lN1000_lpnsseed1000,1,0.5474902943374176,0.5094760285763952,0.0380142657610224,1.074614434495071,7.461443449507099,7.461443449507099,25.95658236939758,0.5291959219454955,1.0345701310861695,0.9627361199296405
nl100_m50_w50,1071,lmin1of100_lseed415_lN1000_lpnsseed1000,1,0.5052885336580009,0.513173512564492,-0.007884978906491091,0.9846348677134809,-1.5365132286519145,1.5365132286519145,26.334705399777874,0.5291959219454955,0.9548231811772031,0.9697231049663044
nl100_m50_w50,1072,lmin1of100_lseed415_lN1000_lpnsseed1000,1,0.5571012253217699,0.5133395720325973,0.043761653289172586,1.0852489378831556,8.524893788315557,8.524893788315557,26.351751621461016,0.5291959219454955,1.0527315162854722,0.9700369007859979
nl100_m50_w50,1073,lmin1of100_lseed415_lN1000_lpnsseed1000,1,0.5000808184452356,0.5066071096326692,-0.0065262911874336416,0.9871176478510818,-1.2882352148918197,1.2882352148918197,25.66507635303673,0.5291959219454955,0.9449823736486416,0.9573148405418876
nl100_m50_w50,1074,lmin1of100_lseed415_lN1000_lpnsseed1000,1,0.5024007849360971,0.5200074877559744,-0.017606702819877307,0.9661414436629426,-3.3858556337057366,3.3858556337057366,27.040778732227984,0.5291959219454955,0.9493663199238369,0.9826369898019217
nl100_m50_w50,1075,lmin1of100_lseed415_lN1000_lpnsseed1000,1,0.48914272221383437,0.5096577199674921,-0.020514997753657727,0.9597474992530943,-4.025250074690567,4.025250074690567,25.975099152246255,0.5291959219454955,0.9243130982861459,0.963079454758127
nl100_m50_w50,1076,lmin1of100_lseed415_lN1000_lpnsseed1000,1,0.5567196330382836,0.5088238996593276,0.04789573337895603,1.094130274562621,9.41302745626209,9.41302745626209,25.890176086452552,0.5291959219454955,1.0520104368748764,0.9615038184510687
nl100_m50_w50,1077,lmin1of100_lseed415_lN1000_lpnsseed1000,1,0.526997741497013,0.509848011132741,0.01714973036427192,1.0336369466778343,3.3636946677834345,3.3636946677834345,25.994499445601164,0.5291959219454955,0.9958461878534489,0.963439040229892
nl100_m50_w50,1078,lmin1of100_lseed415_lN1000_lpnsseed1000,1,0.5034670258903557,0.5128698721410961,-0.009402846250740393,0.9816662144502932,-1.8333785549706771,1.8333785549706771,26.30355057500243,0.5291959219454955,0.9513811520683078,0.9691493280137543
nl100_m50_w50,1079,lmin1of100_lseed415_lN1000_lpnsseed1000,1,0.4789584647012886,0.5182083408009222,-0.03924987609963354,0.92425850182386,-7.574149817613995,7.574149817613995,26.853988447564472,0.5291959219454955,0.9050683212759507,0.9792372150106913
nl100_m50_w50,1080,lmin1of100_lseed415_lN1000_lpnsseed1000,1,0.5165077913926887,0.512938490301232,0.0035693010914567003,1.006958536274711,0.6958536274711102,0.6958536274711102,26.310589483250702,0.5291959219454955,0.9760237559916162,0.9692789929587969
nl100_m50_w50,1081,lmin1of100_lseed415_lN1000_lpnsseed1000,1,0.4948360004050538,0.5142175523438585,-0.019381551938804642,0.962308653505775,-3.769134649422501,3.769134649422501,26.441969113850877,0.5291959219454955,0.9350714544168756,0.9716959844539775
nl100_m50_w50,1082,lmin1of100_lseed415_lN1000_lpnsseed1000,1,0.5349605647421635,0.5141988888347884,0.0207616759073751,1.0403767420704129,4.037674207041286,4.037674207041286,26.4400497278931,0.5291959219454955,1.010893210921723,0.9716607167803313
nl100_m50_w50,1083,lmin1of100_lseed415_lN1000_lpnsseed1000,1,0.5083956126400777,0.513102462739673,-0.004706850099595261,0.9908266858154151,-0.9173314184584891,0.9173314184584891,26.327413726951747,0.5291959219454955,0.9606945018983724,0.9695888450034578
nl100_m50_w50,1084,lmin1of100_lseed415_lN1000_lpnsseed1000,1,0.4747360850030263,0.5070729403906972,-0.03233685538767089,0.9362283947497662,-6.377160525023385,6.377160525023385,25.712296687646756,0.5291959219454955,0.8970894621745058,0.9581951019700472
nl100_m50_w50,1085,lmin1of100_lseed415_lN1000_lpnsseed1000,1,0.521268215193377,0.5147167347539297,0.00655148043944731,1.0127283221956624,1.2728322195662445,1.2728322195662445,26.493331703574714,0.5291959219454955,0.9850193351396705,0.9726392691418791
nl100_m50_w50,1086,lmin1of100_lseed415_lN1000_lpnsseed1000,1,0.5679706368001011,0.5144248264304482,0.05354581036965289,1.1040886979370783,10.408869793707831,10.408869793707831,26.46329020479968,0.5291959219454955,1.0732710008649673,0.9720876618611421
nl100_m50_w50,1087,lmin1of100_lseed415_lN1000_lpnsseed1000,1,0.5139635036167168,0.5151328647221467,-0.001169361105429867,0.9977299815532822,-0.22700184467178142,0.22700184467178142,26.536186831684542,0.5291959219454955,0.9712159189118855,0.9734256130099257
nl100_m50_w50,1088,lmin1of100_lseed415_lN1000_lpnsseed1000,1,0.5659861841579439,0.5153342132874664,0.05065197087047746,1.0982895557183248,9.828955571832477,9.828955571832477,26.556935138461192,0.5291959219454955,1.0695210614571546,0.9738060932006639
nl100_m50_w50,1089,lmin1of100_lseed415_lN1000_lpnsseed1000,1,0.46753458507934664,0.5091173357702251,-0.04158275069087847,0.9183238366299795,-8.167616337002048,8.167616337002048,25.920046158177215,0.5291959219454955,0.8834810808075357,0.962058312729518
nl100_m50_w50,1090,lmin1of100_lseed415_lN1000_lpnsseed1000,1,0.5039166439488336,0.5146923842851004,-0.010775740336266826,0.9790637268681678,-2.0936273131832217,2.0936273131832217,26.490825044108146,0.5291959219454955,0.9522307770178443,0.9725932550517863
nl100_m50_w50,1091,lmin1of100_lseed415_lN1000_lpnsseed1000,1,0.5195862533909582,0.5069260268998059,0.012660226491152282,1.024974504798221,2.4974504798221053,2.4974504798221053,25.69739967484228,0.5291959219454955,0.9818410003629487,0.9579174855244194
nl100_m50_w50,1092,lmin1of100_lseed415_lN1000_lpnsseed1000,1,0.5365695390468946,0.5252943866438329,0.011275152403061761,1.0214644448708086,2.1464444870808563,2.1464444870808563,27.593419263952065,0.5291959219454955,1.013933624194025,0.9926274274992156
nl100_m50_w50,1093,lmin1of100_lseed415_lN1000_lpnsseed1000,1,0.46431465748647266,0.5139048372192824,-0.049590179732809714,0.9035031855291729,-9.649681447082713,9.649681447082713,26.409818171737715,0.5291959219454955,0.8773965146585063,0.971105059407869
nl100_m50_w50,1094,lmin1of100_lseed415_lN1000_lpnsseed1000,1,0.5569475371550451,0.5172312745434164,0.03971626261162864,1.0767862744701353,7.678627447013531,7.678627447013531,26.752819136580705,0.5291959219454955,1.0524410980105925,0.977390892662035
nl100_m50_w50,1095,lmin1of100_lseed415_lN1000_lpnsseed1000,1,0.5244999766562601,0.506109108258412,0.018390868397848092,1.0363377542465764,3.633775424657637,3.633775424657637,25.61464294621251,0.5291959219454955,0.9911262632713201,0.9563737876093058
nl100_m50_w50,1096,lmin1of100_lseed415_lN1000_lpnsseed1000,1,0.5008955338108294,0.5055586511802915,-0.004663117369462122,0.9907763078357467,-0.9223692164253339,0.9223692164253339,25.558954978323566,0.5291959219454955,0.9465219081231301,0.9553336112676272
nl100_m50_w50,1097,lmin1of100_lseed415_lN1000_lpnsseed1000,1,0.498265239531365,0.5081765797672133,-0.009911340235848332,0.9804962671825834,-1.9503732817416575,1.9503732817416575,25.824343622390295,0.5291959219454955,0.9415515480534709,0.9602806043912654
nl100_m50_w50,1098,lmin1of100_lseed415_lN1000_lpnsseed1000,1,0.5039352063439806,0.5121757329079999,-0.008240526564019302,0.9839107438432669,-1.6089256156733067,1.6089256156733067,26.232398137984685,0.5291959219454955,0.9522658536206244,0.96783764135044
nl100_m50_w50,1099,lmin1of100_lseed415_lN1000_lpnsseed1000,1,0.483349288890261,0.5069120548286574,-0.0235627659383964,0.9535170534731889,-4.648294652681106,4.648294652681106,25.69598313306118,0.5291959219454955,0.9133654830772554,0.9578910830701126
nl100_m50_w50,1100,lmin1of100_lseed415_lN1000_lpnsseed1000,1,0.5391974564498108,0.5116508517949263,0.027546604654884455,1.0538386764299288,5.383867642992879,5.383867642992879,26.178659414247367,0.5291959219454955,1.0188994927767894,0.9668457948691899
nl100_m50_w50,1101,lmin1of100_lseed415_lN1000_lpnsseed1000,1,0.49048060547418265,0.5134206568841421,-0.022940051409959417,0.9553191888515384,-4.468081114846156,4.468081114846156,26.36007709153439,0.5291959219454955,0.9268412418429401,0.9701901235305094
nl100_m50_w50,1102,lmin1of100_lseed415_lN1000_lpnsseed1000,1,0.517219142558133,0.5074356440346138,0.009783498523519119,1.0192802745304423,1.9280274530442343,1.9280274530442343,25.749093283682328,0.5291959219454955,0.9773679673431118,0.9588804882870529
nl100_m50_w50,1103,lmin1of100_lseed415_lN1000_lpnsseed1000,1,0.4953062098021475,0.5141199954337183,-0.018813785631570823,0.9634058472755971,-3.6594152724402917,3.6594152724402917,26.431936970476663,0.5291959219454955,0.9359599899811049,0.9715116351306088
nl100_m50_w50,1104,lmin1of100_lseed415_lN1000_lpnsseed1000,1,0.5318335733901902,0.5103080036904403,0.021525569699749947,1.042181524773434,4.2181524773434065,4.2181524773434065,26.041425863052243,0.5291959219454955,1.004984262605422,0.9643082694484547
nl100_m50_w50,1105,lmin1of100_lseed415_lN1000_lpnsseed1000,1,0.4869942288494706,0.5236536749464906,-0.03665944609702004,0.9299929555526063,-7.00070444473937,7.00070444473937,27.421317128496487,0.5291959219454955,0.9202531778006191,0.989527041367534
nl100_m50_w50,1106,lmin1of100_lseed415_lN1000_lpnsseed1000,1,0.50106573594076,0.5122420628190201,-0.01117632687826009,0.9781815518687523,-2.181844813124767,2.181844813124767,26.239193092108493,0.5291959219454955,0.9468435321623042,0.9679629822842407
nl100_m50_w50,1107,lmin1of100_lseed415_lN1000_lpnsseed1000,1,0.5327164642376078,0.5150432059175097,0.01767325832009803,1.034314127663551,3.431412766355102,3.431412766355102,26.526950396178634,0.5291959219454955,1.00665262551376,0.9732561884151416
nl100_m50_w50,1108,lmin1of100_lseed415_lN1000_lpnsseed1000,1,0.48360607205940037,0.5113370636584794,-0.027730991599079047,0.9457676871676948,-5.423231283230523,5.423231283230523,26.146559267087582,0.5291959219454955,0.9138507157831224,0.9662528421962113
nl100_m50_w50,1109,lmin1of100_lseed415_lN1000_lpnsseed1000,1,0.47581593666821925,0.5087598023976942,-0.032943865729475,0.9352467204086949,-6.475327959130506,6.475327959130506,25.883653653574086,0.5291959219454955,0.8991300139255909,0.9613826964639647
nl100_m50_w50,1110,lmin1of100_lseed415_lN1000_lpnsseed1000,1,0.4985634944251547,0.5142546375632024,-0.01569114313804776,0.9694876001266604,-3.0512399873339646,3.0512399873339646,26.44578322552608,0.5291959219454955,0.9421151481898687,0.9717660628839239
nl100_m50_w50,1111,lmin1of100_lseed415_lN1000_lpnsseed1000,1,0.48990762916325753,0.507592868780775,-0.0176852396175175,0.9651586129253609,-3.484138707463913,3.484138707463913,25.765052043709712,0.5291959219454955,0.9257585118233688,0.9591775894921853
nl100_m50_w50,1112,lmin1of100_lseed415_lN1000_lpnsseed1000,1,0.5034119894631756,0.5114583770938619,-0.008046387630686325,0.984267756691353,-1.5732243308646976,1.5732243308646976,26.158967149948705,0.5291959219454955,0.9512771519713723,0.9664820832586453
nl100_m50_w50,1113,lmin1of100_lseed415_lN1000_lpnsseed1000,1,0.5026985492150741,0.5100233447292175,-0.007324795514143445,0.9856383132461666,-1.4361686753833425,1.4361686753833425,26.012381216877824,0.5291959219454955,0.949928992965387,0.9637703609925916
nl100_m50_w50,1114,lmin1of100_lseed415_lN1000_lpnsseed1000,1,0.49429530021972196,0.5190403069480639,-0.024745006728341956,0.9523254622095891,-4.7674537790410865,4.7674537790410865,26.940284023674046,0.5291959219454955,0.9340497152784785,0.9808093475851132
nl100_m50_w50,1115,lmin1of100_lseed415_lN1000_lpnsseed1000,1,0.5012067163181202,0.5138625849900805,-0.012655868671960335,0.9753711030115091,-2.462889698849091,2.462889698849091,26.405475625268775,0.5291959219454955,0.9471099370447189,0.9710252170896468
nl100_m50_w50,1116,lmin1of100_lseed415_lN1000_lpnsseed1000,1,0.4946503176064721,0.5108305215437786,-0.016180203937306514,0.9683256907038201,-3.167430929617987,3.167430929617987,26.09478217406888,0.5291959219454955,0.9347205771880809,0.9652956501739475
nl100_m50_w50,1117,lmin1of100_lseed415_lN1000_lpnsseed1000,1,0.5300385192549777,0.5098392469047098,0.02019927235026786,1.0396189043368078,3.9618904336807814,3.9618904336807814,25.99360576843617,0.5291959219454955,1.0015922218493003,0.9634224788248098
nl100_m50_w50,1118,lmin1of100_lseed415_lN1000_lpnsseed1000,1,0.5354659894458844,0.5198522190482207,0.015613770397663762,1.030035017309824,3.0035017309824052,3.0035017309824052,27.024632964935922,0.5291959219454955,1.0118482914179272,0.9823435848429739
nl100_m50_w50,1119,lmin1of100_lseed415_lN1000_lpnsseed1000,1,0.5049755726769906,0.5112441999054527,-0.006268627228462109,0.987738487342015,-1.226151265798503,1.226151265798503,26.137063193696644,0.5291959219454955,0.9542317915461951,0.9660773613408689
nl100_m50_w50,1120,lmin1of100_lseed415_lN1000_lpnsseed1000,1,0.5069203250504176,0.516249822281773,-0.009329497231355344,0.9819283284396692,-1.8071671560330849,1.8071671560330849,26.65138790059622,0.5291959219454955,0.9579067109716463,0.9755362822598321
nl100_m50_w50,1121,lmin1of100_lseed415_lN1000_lpnsseed1000,1,0.4733598775516667,0.5085203873787029,-0.03516050982703617,0.9308572267706318,-6.914277322936824,6.914277322936824,25.859298437978598,0.5291959219454955,0.8944888989534209,0.9609302836446988
nl100_m50_w50,1122,lmin1of100_lseed415_lN1000_lpnsseed1000,1,0.46766485036554034,0.5083239705974344,-0.04065912023189405,0.9200133722120023,-7.99866277879977,7.99866277879977,25.83932590839414,0.5291959219454955,0.8837272378181846,0.9605591228456013
nl100_m50_w50,1123,lmin1of100_lseed415_lN1000_lpnsseed1000,1,0.4849747418202077,0.5060760439058732,-0.02110130208566552,0.9583040882101302,-4.169591178986975,4.169591178986975,25.611296221541934,0.5291959219454955,0.9164370353370895,0.9563113072477466
nl100_m50_w50,1124,lmin1of100_lseed415_lN1000_lpnsseed1000,1,0.5657365979825192,0.5111791400865938,0.054557457895925365,1.1067286468040995,10.672864680409955,10.672864680409955,26.130411325966946,0.5291959219454955,1.0690494286174548,0.9659544204485436
nl100_m50_w50,1125,lmin1of100_lseed415_lN1000_lpnsseed1000,1,0.5158307675467384,0.5120165996045052,0.0038141679422332153,1.0074493052474849,0.7449305247484883,0.7449305247484883,26.216099827056023,0.5291959219454955,0.9747444115789433,0.9675369336221762
nl100_m50_w50,1126,lmin1of100_lseed415_lN1000_lpnsseed1000,1,0.5278483830719994,0.5266265266481837,0.0012218564238157814,1.002320157382866,0.23201573828659505,0.23201573828659505,27.733549856953008,0.5291959219454955,0.9974536106239404,0.9951447182588522
nl100_m50_w50,1127,lmin1of100_lseed415_lN1000_lpnsseed1000,1,0.49543793951541365,0.516081214874339,-0.02064327535892535,0.9599999481400388,-4.000005185996125,4.000005185996125,26.63398203461737,0.5291959219454955,0.9362089142600031,0.9752176717028684
nl100_m50_w50,1128,lmin1of100_lseed415_lN1000_lpnsseed1000,1,0.49168602777951936,0.5112656215454306,-0.019579593765911285,0.9617036762481174,-3.8296323751882633,3.8296323751882633,26.139253577423553,0.5291959219454955,0.929119079323065,0.9661178409422596
nl100_m50_w50,1129,lmin1of100_lseed415_lN1000_lpnsseed1000,1,0.5277619364153432,0.5095332536751677,0.018228682740175528,1.0357752562932752,3.577525629327516,3.577525629327516,25.962413660080276,0.5291959219454955,0.9972902558944889,0.9628442558702238
nl100_m50_w50,1130,lmin1of100_lseed415_lN1000_lpnsseed1000,1,0.5384106535206828,0.5126674527734002,0.025743200747282646,1.0502142287520273,5.02142287520273,5.02142287520273,26.28279171331665,0.5291959219454955,1.0174127032976956,0.9687668243713382
nl100_m50_w50,1131,lmin1of100_lseed415_lN1000_lpnsseed1000,1,0.5226040971893923,0.5133294244152483,0.009274672774143955,1.018067681946557,1.8067681946557057,1.8067681946557057,26.350709797049017,0.5291959219454955,0.9875436969886889,0.9700177252464138
nl100_m50_w50,1132,lmin1of100_lseed415_lN1000_lpnsseed1000,1,0.5365064187195836,0.5208049600238629,0.015701458695720705,1.0301484430851067,3.014844308510667,3.014844308510667,27.12378063854574,0.5291959219454955,1.0138143482799573,0.9841439406963215
nl100_m50_w50,1133,lmin1of100_lseed415_lN1000_lpnsseed1000,1,0.5169338257525472,0.5119891999556133,0.004944625796933888,1.0096576759770763,0.9657675977076341,0.9657675977076341,26.213294087118907,0.5291959219454955,0.9768288157855245,0.9674851576205942
nl100_m50_w50,1134,lmin1of100_lseed415_lN1000_lpnsseed1000,1,0.4380421901978947,0.5099283037219603,-0.0718861135240656,0.8590270181133901,-14.09729818866099,14.09729818866099,26.002687493675573,0.5291959219454955,0.8277505022856372,0.9635907658685252
nl100_m50_w50,1135,lmin1of100_lseed415_lN1000_lpnsseed1000,1,0.5623946698551704,0.515100508284718,0.04729416157045241,1.0918154045856832,9.181540458568316,9.181540458568316,26.53285336351748,0.5291959219454955,1.0627343230227957,0.973364470366744
nl100_m50_w50,1136,lmin1of100_lseed415_lN1000_lpnsseed1000,1,0.569000060890917,0.5149652780160761,0.05403478287484098,1.1049289829462137,10.492898294621366,10.492898294621366,26.51892375621745,0.5291959219454955,1.0752162616807186,0.9731089312307946
nl100_m50_w50,1137,lmin1of100_lseed415_lN1000_lpnsseed1000,1,0.43620482297486113,0.5072279734115105,-0.07102315043664936,0.8599778518543401,-14.002214814565994,14.002214814565994,25.728021701114795,0.5291959219454955,0.824278504209237,0.9584880615609741
nl100_m50_w50,1138,lmin1of100_lseed415_lN1000_lpnsseed1000,1,0.476334281919282,0.5117618161044827,-0.03542753418520067,0.930773392874689,-6.922660712531103,6.922660712531103,26.190015642255833,0.5291959219454955,0.9001095098543523,0.9670554796096701
nl100_m50_w50,1139,lmin1of100_lseed415_lN1000_lpnsseed1000,1,0.5047332779737737,0.5072597672743633,-0.0025264893005896294,0.9950193382886148,-0.4980661711385226,0.4980661711385226,25.731247149524116,0.5291959219454955,0.9537739371048265,0.9585481411298715
nl100_m50_w50,1140,lmin1of100_lseed415_lN1000_lpnsseed1000,1,0.4891562726122962,0.5097835104956693,-0.020627237883373062,0.9595372595254857,-4.046274047451426,4.046274047451426,25.987922757328818,0.5291959219454955,0.9243387039227352,0.963317156000636
nl100_m50_w50,1141,lmin1of100_lseed415_lN1000_lpnsseed1000,1,0.48380717938440226,0.5102792645303897,-0.02647208514598748,0.9481223577243536,-5.18776422756464,5.18776422756464,26.038492780967548,0.5291959219454955,0.9142307401118484,0.9642539622271427
nl100_m50_w50,1142,lmin1of100_lseed415_lN1000_lpnsseed1000,1,0.5213411140643051,0.5166555813330378,0.004685532731267261,1.0090689676073525,0.906896760735254,0.906896760735254,26.693298972257928,0.5291959219454955,0.9851570891697093,0.9763030286281207
nl100_m50_w50,1143,lmin1of100_lseed415_lN1000_lpnsseed1000,1,0.4943083397626147,0.5055902211484816,-0.011281881385866943,0.9776857207399317,-2.231427926006835,2.231427926006835,25.562147172097056,0.5291959219454955,0.9340743555720862,0.9553932677518912
nl100_m50_w50,1144,lmin1of100_lseed415_lN1000_lpnsseed1000,1,0.5497610590100728,0.516075459415893,0.03368559959417983,1.0652726243412272,6.527262434122716,6.527262434122716,26.633387981132493,0.5291959219454955,1.0388611026875891,0.9752067958472403
nl100_m50_w50,1145,lmin1of100_lseed415_lN1000_lpnsseed1000,1,0.5080874372155713,0.5144719833298652,-0.006384546114293954,0.9875900995172358,-1.2409900482764247,1.2409900482764247,26.468142163136513,0.5291959219454955,0.9601121553387588,0.9721767723350923
nl100_m50_w50,1146,lmin1of100_lseed415_lN1000_lpnsseed1000,1,0.5032020666714612,0.5079486223124103,-0.004746555640949168,0.9906554414512619,-0.9344558548738058,0.9344558548738058,25.801180290907567,0.5291959219454955,0.9508804694139129,0.9598498424648225
nl100_m50_w50,1147,lmin1of100_lseed415_lN1000_lpnsseed1000,1,0.5486755596180996,0.5064288792882137,0.04224668032988588,1.0834207567097351,8.342075670973514,8.342075670973514,25.647020977711612,0.5291959219454955,1.036809878657021,0.9569780459124047
nl100_m50_w50,1148,lmin1of100_lseed415_lN1000_lpnsseed1000,1,0.5330623759124457,0.5125207257814588,0.020541650130986855,1.0400796477053025,4.007964770530248,4.007964770530248,26.267749435555327,0.5291959219454955,1.0073062807300854,0.968489560345187
nl100_m50_w50,1149,lmin1of100_lseed415_lN1000_lpnsseed1000,1,0.4795624097281459,0.5157853157333818,-0.03622290600523592,0.9297713507920801,-7.022864920791994,7.022864920791994,26.603449192618434,0.5291959219454955,0.90620957161786,0.9746585231367394
nl100_m50_w50,1150,lmin1of100_lseed415_lN1000_lpnsseed1000,1,0.5386648743884778,0.5162091605774382,0.022455713811039613,1.0435011920089143,4.350119200891434,4.350119200891434,26.647189746406337,0.5291959219454955,1.0178930941269755,0.9754594454917306
nl100_m50_w50,1151,lmin1of100_lseed415_lN1000_lpnsseed1000,1,0.49257402083886137,0.5121071176455387,-0.019533096806677364,0.9618574002710943,-3.8142599728905657,3.8142599728905657,26.22536999432216,0.5291959219454955,0.9307970836736607,0.9677079818810154
nl100_m50_w50,1152,lmin1of100_lseed415_lN1000_lpnsseed1000,1,0.51910583495168,0.5128423637135714,0.006263471238108553,1.0122132485170565,1.2213248517056519,1.2213248517056519,26.300729001932304,0.5291959219454955,0.980933173187123,0.9690973464576161
nl100_m50_w50,1153,lmin1of100_lseed415_lN1000_lpnsseed1000,1,0.4885623838315378,0.509107966713561,-0.020545582882023128,0.9596439572245338,-4.035604277546623,4.035604277546623,25.919092177121634,0.5291959219454955,0.9232164564598767,0.9620406084043794
nl100_m50_w50,1154,lmin1of100_lseed415_lN1000_lpnsseed1000,1,0.5176411878544548,0.5207279514288096,-0.0030867635743547783,0.9940722145491037,-0.5927785450896339,0.5927785450896339,27.115759939924462,0.5291959219454955,0.9781654891659751,0.9839984206878335
nl100_m50_w50,1155,lmin1of100_lseed415_lN1000_lpnsseed1000,1,0.5097182874908228,0.5136652782402861,-0.003946990749463253,0.9923160257921563,-0.7683974207843725,0.7683974207843725,26.38520180696705,0.5291959219454955,0.9631939067423902,0.9706523745532397
nl100_m50_w50,1156,lmin1of100_lseed415_lN1000_lpnsseed1000,1,0.4924837743698909,0.5136106610093407,-0.021126886639449838,0.9588659499436176,-4.113405005638238,4.113405005638238,26.37959111024519,0.5291959219454955,0.9306265485934985,0.9705491665943715
nl100_m50_w50,1157,lmin1of100_lseed415_lN1000_lpnsseed1000,1,0.5177916720725166,0.5084669740688093,0.009324698003707388,1.0183388469246883,1.8338846924688346,1.8338846924688346,25.853866371869117,0.5291959219454955,0.9784498530694395,0.9608293506864529
nl100_m50_w50,1158,lmin1of100_lseed415_lN1000_lpnsseed1000,1,0.48417485207279115,0.5019329891964703,-0.017758137123679185,0.9646205021269718,-3.5379497873028187,3.5379497873028187,25.193672564370402,0.5291959219454955,0.9149255162299961,0.9484823453499079
nl100_m50_w50,1159,lmin1of100_lseed415_lN1000_lpnsseed1000,1,0.5137879758644565,0.5228164243882301,-0.009028448523773602,0.9827311306557781,-1.7268869344221893,1.7268869344221893,27.333701361009396,0.5291959219454955,0.9708842312609016,0.9879449230564508
nl100_m50_w50,1160,lmin1of100_lseed415_lN1000_lpnsseed1000,1,0.5342222190418089,0.5176308941866054,0.016591324855203538,1.0320524239212476,3.205242392124763,3.205242392124763,26.794174261642464,0.5291959219454955,1.0094979890960518,0.9781460376407034
nl100_m50_w50,1161,lmin1of100_lseed415_lN1000_lpnsseed1000,1,0.4838188643072707,0.5158186412702387,-0.03199977696296796,0.9379631242403991,-6.2036875759600925,6.2036875759600925,26.606887068187525,0.5291959219454955,0.9142528206351175,0.9747214970476764
nl100_m50_w50,1162,lmin1of100_lseed415_lN1000_lpnsseed1000,1,0.5177100397237112,0.5151069574178845,0.0026030823058267316,1.0050534792208503,0.505347922085031,0.505347922085031,26.533517758031028,0.5291959219454955,0.978295595741633,0.9733766570312647
nl100_m50_w50,1163,lmin1of100_lseed415_lN1000_lpnsseed1000,1,0.505032541535986,0.5226958448971643,-0.017663303361178273,0.9662073009884872,-3.379269901151283,3.379269901151283,27.321094627276043,0.5291959219454955,0.9543394432808985,0.9877170688987269
nl100_m50_w50,1164,lmin1of100_lseed415_lN1000_lpnsseed1000,1,0.51853803819345,0.5031695711485449,0.015368467044905132,1.0305433156655812,3.0543315665581217,3.0543315665581217,25.31796173298106,0.5291959219454955,0.9798602307575167,0.9508190639465449
nl100_m50_w50,1165,lmin1of100_lseed415_lN1000_lpnsseed1000,1,0.47693290123647586,0.5050181696715402,-0.02808526843506437,0.9443876079679849,-5.561239203201507,5.561239203201507,25.504335169839255,0.5291959219454955,0.901240696419421,0.954312285353466
nl100_m50_w50,1166,lmin1of100_lseed415_lN1000_lpnsseed1000,1,0.5153484588435902,0.5148451896738889,0.0005032691697012259,1.0009775155324263,0.09775155324263096,0.09775155324263096,26.50655693303427,0.5291959219454955,0.9738330124483999,0.9728820051771212
nl100_m50_w50,1167,lmin1of100_lseed415_lN1000_lpnsseed1000,1,0.5253706276112096,0.5209387654187072,0.004431862192502356,1.0085074532492129,0.8507453249212871,0.8507453249212871,27.137719731596686,0.5291959219454955,0.9927714969529189,0.9843967873062357
nl100_m50_w50,1168,lmin1of100_lseed415_lN1000_lpnsseed1000,1,0.5302263860919985,0.49611523764175713,0.034111148450241324,1.0687565022440872,6.875650224408725,6.875650224408725,24.613032902033712,0.5291959219454955,1.0019472261666618,0.9374887769691742
nl100_m50_w50,1169,lmin1of100_lseed415_lN1000_lpnsseed1000,1,0.540915149682189,0.5125182079837912,0.028396941698397793,1.055406698251969,5.540669825196898,5.540669825196898,26.267491351491667,0.5291959219454955,1.0221453477827454,0.9684848025653872
nl100_m50_w50,1170,lmin1of100_lseed415_lN1000_lpnsseed1000,1,0.5507423246455376,0.5103193979770596,0.04042292666847802,1.0792110329897653,7.921103298976528,7.921103298976528,26.042588795166854,0.5291959219454955,1.0407153604298964,0.9643298007682303
nl100_m50_w50,1171,lmin1of100_lseed415_lN1000_lpnsseed1000,1,0.5112074932682484,0.5181933860357991,-0.006985892767550683,0.9865187535082355,-1.348124649176452,1.348124649176452,26.852438533124676,0.5291959219454955,0.966007998302187,0.979208955599568
nl100_m50_w50,1172,lmin1of100_lseed415_lN1000_lpnsseed1000,1,0.5192853500015598,0.5107022805283644,0.008583069473195426,1.0168064052197212,1.680640521972121,1.680640521972121,26.081681933687218,0.5291959219454955,0.98127239547217,0.9650533183454203
nl100_m50_w50,1173,lmin1of100_lseed415_lN1000_lpnsseed1000,1,0.5275607760592356,0.5096334968527586,0.017927279206476965,1.0351768070921297,3.517680709212967,3.517680709212967,25.972630111437073,0.5291959219454955,0.9969101313550404,0.9630336813238866
nl100_m50_w50,1174,lmin1of100_lseed415_lN1000_lpnsseed1000,1,0.5128942852094674,0.5122772186264414,0.0006170665830260713,1.0012045559720195,0.12045559720195165,0.12045559720195165,26.24279487236428,0.5291959219454955,0.9691954603956547,0.9680294147829872
nl100_m50_w50,1175,lmin1of100_lseed415_lN1000_lpnsseed1000,1,0.5284992547206204,0.5117234329517169,0.016775821768903576,1.0327829852780779,3.278298527807788,3.278298527807788,26.186087183189024,0.5291959219454955,0.9986835362934887,0.9669829485277511
nl100_m50_w50,1176,lmin1of100_lseed415_lN1000_lpnsseed1000,1,0.534197720321579,0.5130353617260033,0.021162358595575692,1.0412493176384163,4.124931763841633,4.124931763841633,26.320528238133104,0.5291959219454955,1.0094516948613195,0.9694620469483576
nl100_m50_w50,1177,lmin1of100_lseed415_lN1000_lpnsseed1000,1,0.5755345667728047,0.5133030535604773,0.06223151321232734,1.1212373719202806,12.123737192028061,12.123737192028061,26.348002479451033,0.5291959219454955,1.0875642515478074,0.969967893315219
nl100_m50_w50,1178,lmin1of100_lseed415_lN1000_lpnsseed1000,1,0.5197577872188094,0.5166456726889059,0.0031121145299034536,1.0060236922409633,0.602369224096333,0.602369224096333,26.692275110817217,0.5291959219454955,0.9821651408574948,0.9762843046665008
nl100_m50_w50,1179,lmin1of100_lseed415_lN1000_lpnsseed1000,1,0.5586248748183509,0.5106949401204902,0.047929934697860666,1.0938523782643164,9.385237826431636,9.385237826431636,26.080932186467102,0.5291959219454955,1.0556106947397952,0.9650394474753515
nl100_m50_w50,1180,lmin1of100_lseed415_lN1000_lpnsseed1000,1,0.5219968590707033,0.505974485641053,0.016022373429650294,1.031666366357091,3.166636635709108,3.166636635709108,25.60101801197281,0.5291959219454955,0.9863962238251457,0.9561193967272593
nl100_m50_w50,1181,lmin1of100_lseed415_lN1000_lpnsseed1000,1,0.5709515648036931,0.5123126011790387,0.05863896362465448,1.1144593427717813,11.445934277178127,11.445934277178127,26.246420132683273,0.5291959219454955,1.0789039392153486,0.9680962757528662
nl100_m50_w50,1182,lmin1of100_lseed415_lN1000_lpnsseed1000,1,0.5113665466361225,0.5115077671875853,-0.0001412205514628173,0.9997239131827083,-0.0276086817291743,0.0276086817291743,26.16401958932289,0.5291959219454955,0.9663085549793611,0.9665754137090043
nl100_m50_w50,1183,lmin1of100_lseed415_lN1000_lpnsseed1000,1,0.5257910498821851,0.5120101369394111,0.013780912942773949,1.0269153127028903,2.691531270289027,2.691531270289027,26.215438032871447,0.5291959219454955,0.9935659518108284,0.9675247213869226
nl100_m50_w50,1184,lmin1of100_lseed415_lN1000_lpnsseed1000,1,0.5417355721567415,0.5188572144422319,0.022878357714509634,1.0440937450182777,4.4093745018277675,4.4093745018277675,26.921280897875217,0.5291959219454955,1.023695666748803,0.980463365127125
nl100_m50_w50,1185,lmin1of100_lseed415_lN1000_lpnsseed1000,1,0.46965358413667035,0.5038730302098957,-0.03421944607322536,0.9320871647784548,-6.791283522154523,6.791283522154523,25.388803057290243,0.5291959219454955,0.8874852671012123,0.9521483619100756
nl100_m50_w50,1186,lmin1of100_lseed415_lN1000_lpnsseed1000,1,0.505635382578307,0.5115427737296029,-0.005907391151295904,0.9884518138957847,-1.1548186104215263,1.1548186104215263,26.16760093549757,0.5291959219454955,0.9554786074681522,0.9666415641469913
nl100_m50_w50,1187,lmin1of100_lseed415_lN1000_lpnsseed1000,1,0.4875788608749935,0.5155632120467912,-0.027984351171797706,0.9457208146006005,-5.427918539939947,5.427918539939947,26.580542561600463,0.5291959219454955,0.9213579331497791,0.9742388228378897
nl100_m50_w50,1188,lmin1of100_lseed415_lN1000_lpnsseed1000,1,0.46219325571863923,0.5089410959052462,-0.04674784018660694,0.9081468551808393,-9.185314481916073,9.185314481916073,25.902103910123294,0.5291959219454955,0.873387788060549,0.9617252794281067
nl100_m50_w50,1189,lmin1of100_lseed415_lN1000_lpnsseed1000,1,0.4804110672590046,0.5012669160004677,-0.020855848741463068,0.9583937258260156,-4.160627417398444,4.160627417398444,25.126852107661996,0.5291959219454955,0.9078132452208968,0.9472236939348442
nl100_m50_w50,1190,lmin1of100_lseed415_lN1000_lpnsseed1000,1,0.5053119824658532,0.5190443421839206,-0.01373235971806741,0.9735429931471993,-2.6457006852800724,2.6457006852800724,26.940702915313878,0.5291959219454955,0.9548674914352379,0.9808169728061124
nl100_m50_w50,1191,lmin1of100_lseed415_lN1000_lpnsseed1000,1,0.5099765138369456,0.512645273667974,-0.0026687598310283223,0.9947941394018258,-0.5205860598174183,0.5205860598174183,26.280517661411196,0.5291959219454955,0.963681866561078,0.9687249134183121
nl100_m50_w50,1192,lmin1of100_lseed415_lN1000_lpnsseed1000,1,0.5078543795678342,0.5087867756645978,-0.0009323960967636546,0.998167412870459,-0.18325871295410412,0.18325871295410412,25.886398309117787,0.5291959219454955,0.9596717557852622,0.9614336667488537
nl100_m50_w50,1193,lmin1of100_lseed415_lN1000_lpnsseed1000,1,0.5020577081063613,0.5069953082904671,-0.004937600184105828,0.9902610534981973,-0.9738946501802737,0.9738946501802737,25.704424262854587,0.5291959219454955,0.9487180215989471,0.958048403749198
nl100_m50_w50,1194,lmin1of100_lseed415_lN1000_lpnsseed1000,1,0.5000983647184071,0.5124421743125374,-0.012343809594130284,0.975911799978817,-2.408820002118295,2.408820002118295,26.25969820141609,0.5291959219454955,0.9450155301270721,0.968341124830732
nl100_m50_w50,1195,lmin1of100_lseed415_lN1000_lpnsseed1000,1,0.5494934246328746,0.5122239613151423,0.0372694633177324,1.0727600934990282,7.276009349902823,7.276009349902823,26.237338654537638,0.5291959219454955,1.038355364895404,0.9679287766089376
nl100_m50_w50,1196,lmin1of100_lseed415_lN1000_lpnsseed1000,1,0.5371174602072623,0.5198426591899743,0.017274801017287955,1.0332308261199759,3.3230826119975854,3.3230826119975854,27.02363903137038,0.5291959219454955,1.014969008515116,0.9823255199678494
nl100_m50_w50,1197,lmin1of100_lseed415_lN1000_lpnsseed1000,1,0.5096517138117895,0.5117851413210289,-0.002133427509239394,0.9958314000603211,-0.41685999396788853,0.41685999396788853,26.19240308769856,0.5291959219454955,0.9630681051700944,0.9670995563222429
nl100_m50_w50,1198,lmin1of100_lseed415_lN1000_lpnsseed1000,1,0.4833720835900876,0.5017230338354832,-0.018350950245395625,0.9634241423896576,-3.6575857610342433,3.6575857610342433,25.17260026810814,0.5291959219454955,0.9134085572939704,0.9480856012476192
nl100_m50_w50,1199,lmin1of100_lseed415_lN1000_lpnsseed1000,1,0.49776004258811674,0.5151787472684206,-0.017418704680303876,0.966189007654797,-3.3810992345203017,3.3810992345203017,26.54091416370592,0.5291959219454955,0.940596897946964,0.9735123153905964
nl100_m50_w50,1200,lmin1of100_lseed415_lN1000_lpnsseed1000,1,0.5374319812761089,0.5085989853824915,0.02883299589361743,1.056691021260952,5.6691021260951935,5.6691021260951935,25.867292793209977,0.5291959219454955,1.0155633461806264,0.9610788070941987
nl100_m50_w50,1201,lmin1of100_lseed415_lN1000_lpnsseed1000,1,0.5301953484676014,0.5167563309330927,0.013439017534508713,1.026006488416392,2.600648841639197,2.600648841639197,26.7037105559432,0.5291959219454955,1.0018885756308018,0.9764934110477065
nl100_m50_w50,1202,lmin1of100_lseed415_lN1000_lpnsseed1000,1,0.4803467608113536,0.5023616868563006,-0.02201492604494698,0.9561771396566627,-4.382286034333727,4.382286034333727,25.236726442110772,0.5291959219454955,0.9076917279434872,0.9492924378733993
nl100_m50_w50,1203,lmin1of100_lseed415_lN1000_lpnsseed1000,1,0.5313645081434998,0.5115202618602505,0.019844246283249323,1.038794643659044,3.879464365904406,3.879464365904406,26.165297829357925,0.5291959219454955,1.0040978890956527,0.9665990243835145
nl100_m50_w50,1204,lmin1of100_lseed415_lN1000_lpnsseed1000,1,0.4934996532450094,0.5076342125097776,-0.014134559264768198,0.9721560152636561,-2.7843984736343863,2.7843984736343863,25.7692493710422,0.5291959219454955,0.9325462135663195,0.9592557150545491
nl100_m50_w50,1205,lmin1of100_lseed415_lN1000_lpnsseed1000,1,0.4976043516378981,0.5117971703335489,-0.014192818695650755,0.9722686651698348,-2.773133483016521,2.773133483016521,26.193634356142766,0.5291959219454955,0.940302695093612,0.967122287057725
nl100_m50_w50,1206,lmin1of100_lseed415_lN1000_lpnsseed1000,1,0.5161797065646064,0.5149550440871585,0.001224662477447902,1.002378192992786,0.23781929927859657,0.23781929927859657,26.517869743080734,0.5291959219454955,0.9754037874422062,0.9730895925917515
nl100_m50_w50,1207,lmin1of100_lseed415_lN1000_lpnsseed1000,1,0.5380436021559423,0.5165664903195094,0.02147711183643286,1.041576664841633,4.1576664841632915,4.1576664841632915,26.684093892101583,0.5291959219454955,1.0167191012695636,0.9761346769650904
nl100_m50_w50,1208,lmin1of100_lseed415_lN1000_lpnsseed1000,1,0.506665722127763,0.5132861902684659,-0.00662046814070294,0.987101799607661,-1.289820039233902,1.289820039233902,26.34627131203158,0.5291959219454955,0.9574255981888443,0.9699360274384953
nl100_m50_w50,1209,lmin1of100_lseed415_lN1000_lpnsseed1000,1,0.4801410334563624,0.5108239834334933,-0.030682949977130947,0.9399343982032792,-6.006560179672082,6.006560179672082,26.09411420508619,0.5291959219454955,0.9073029733320856,0.965283295372986
nl100_m50_w50,1210,lmin1of100_lseed415_lN1000_lpnsseed1000,1,0.5247205264415159,0.5052449018123394,0.019475624629176513,1.038546899848601,3.8546899848600935,3.8546899848600935,25.527241080736054,0.5291959219454955,0.9915430272260478,0.9547407318538956
nl100_m50_w50,1211,lmin1of100_lseed415_lN1000_lpnsseed1000,1,0.5222149203837712,0.5105899069289482,0.011625013454822919,1.022767808954047,2.2767808954047064,2.2767808954047064,26.070205305771204,0.5291959219454955,0.9868082854152392,0.9648409705272378
nl100_m50_w50,1212,lmin1of100_lseed415_lN1000_lpnsseed1000,1,0.5302435299871487,0.5070742174764007,0.023169312510748052,1.045692152572964,4.569215257296411,4.569215257296411,25.712426202930406,0.5291959219454955,1.0019796222877189,0.9581975152269347
nl100_m50_w50,1213,lmin1of100_lseed415_lN1000_lpnsseed1000,1,0.5219939381490557,0.5084013657045205,0.013592572444535156,1.0267359085979229,2.6735908597922853,2.6735908597922853,25.847194865022168,0.5291959219454955,0.9863907042783645,0.9607053732301499
nl100_m50_w50,1214,lmin1of100_lseed415_lN1000_lpnsseed1000,1,0.49669245562043973,0.5121492287037878,-0.01545677308334803,0.9698197864664017,-3.0180213533598343,3.0180213533598343,26.229683246188472,0.5291959219454955,0.9385795222957076,0.9677875574342324
nl100_m50_w50,1215,lmin1of100_lseed415_lN1000_lpnsseed1000,1,0.5314005485637354,0.5151819549976795,0.016218593566055928,1.0314812920148357,3.148129201483574,3.148129201483574,26.541244675523107,0.5291959219454955,1.0041659932112383,0.97351837690605
nl100_m50_w50,1216,lmin1of100_lseed415_lN1000_lpnsseed1000,1,0.5548811750078456,0.514027822015472,0.04085335299237358,1.079476929540876,7.947692954087593,7.947692954087593,26.42246018059698,0.5291959219454955,1.0485363775441103,0.9713374587728103
nl100_m50_w50,1217,lmin1of100_lseed415_lN1000_lpnsseed1000,1,0.5244718536811264,0.5150329851374361,0.009438868543690249,1.018326726279816,1.8326726279815908,1.8326726279815908,26.52589757795785,0.5291959219454955,0.9910731204295719,0.973236874622934
nl100_m50_w50,1218,lmin1of100_lseed415_lN1000_lpnsseed1000,1,0.5371862397027299,0.5104824705792674,0.026703769123462506,1.0523108444706446,5.23108444706446,5.23108444706446,26.05923527687126,0.5291959219454955,1.0150989783289703,0.9646379524289769
nl100_m50_w50,1219,lmin1of100_lseed415_lN1000_lpnsseed1000,1,0.4862484757599168,0.5017150014122151,-0.015466525652298335,0.9691726864678881,-3.0827313532111877,3.0827313532111877,25.171794264205904,0.5291959219454955,0.9188439585329948,0.9480704227042197
nl100_m50_w50,1220,lmin1of100_lseed415_lN1000_lpnsseed1000,1,0.5715092779708415,0.5103286059480112,0.061180672022830285,1.1198848571484212,11.988485714842124,11.988485714842124,26.04352860488405,0.5291959219454955,1.0799578270932029,0.9643472006962527
nl100_m50_w50,1221,lmin1of100_lseed415_lN1000_lpnsseed1000,1,0.49992257461159195,0.5158868829860636,-0.015964308374471603,0.9690546340661604,-3.0945365933839564,3.0945365933839564,26.613927603707637,0.5291959219454955,0.9446833467153616,0.9748504506412227
nl100_m50_w50,1222,lmin1of100_lseed415_lN1000_lpnsseed1000,1,0.5254887670201479,0.5153998272802912,0.010088939739856695,1.0195749769515736,1.957497695157362,1.957497695157362,26.563698196055395,0.5291959219454955,0.9929947401867367,0.9739300812929824
nl100_m50_w50,1223,lmin1of100_lseed415_lN1000_lpnsseed1000,1,0.5287180209390194,0.5110405500959058,0.017677470843113663,1.034591131446998,3.459113144699799,3.459113144699799,26.116244384232594,0.5291959219454955,0.9990969299145028,0.9656925325825553
nl100_m50_w50,1224,lmin1of100_lseed415_lN1000_lpnsseed1000,1,0.4990490123833574,0.5072595311766027,-0.008210518793245303,0.9838139684153381,-1.618603158466192,1.618603158466192,25.731223196950676,0.5291959219454955,0.9430326117190997,0.9585476949855406
nl100_m50_w50,1225,lmin1of100_lseed415_lN1000_lpnsseed1000,1,0.4822329112802105,0.5087150049291962,-0.026482093648985683,0.9479431638689889,-5.205683613101108,5.205683613101108,25.87909562401121,0.5291959219454955,0.9112559097344632,0.9612980445106137
nl100_m50_w50,1226,lmin1of100_lseed415_lN1000_lpnsseed1000,1,0.5601429496554702,0.512487324646377,0.04765562500909315,1.0929888852216514,9.29888852216514,9.29888852216514,26.26432579232011,0.5291959219454955,1.0584793389869738,0.9684264435793605
nl100_m50_w50,1227,lmin1of100_lseed415_lN1000_lpnsseed1000,1,0.492918625075268,0.5065941014601191,-0.01367547638485106,0.9730050619511059,-2.699493804889408,2.699493804889408,25.66375836341854,0.5291959219454955,0.9314482682767842,0.9572902595275399
nl100_m50_w50,1228,lmin1of100_lseed415_lN1000_lpnsseed1000,1,0.5424297273411205,0.5205549157700553,0.02187481157106519,1.0420221016234297,4.2022101623429675,4.2022101623429675,27.097742033236937,0.5291959219454955,1.0250073835546072,0.9836714422445414
nl100_m50_w50,1229,lmin1of100_lseed415_lN1000_lpnsseed1000,1,0.5174437945880179,0.517638984288655,-0.0001951897006370329,0.9996229231055592,-0.03770768944407754,0.03770768944407754,26.795011805539044,0.5291959219454955,0.9777924831425894,0.9781613251773493
nl100_m50_w50,1230,lmin1of100_lseed415_lN1000_lpnsseed1000,1,0.4825017862375155,0.5088423378357458,-0.026340551598230344,0.9482343554385345,-5.176564456146549,5.176564456146549,25.892052477414726,0.5291959219454955,0.9117639918003956,0.9615386603227718
nl100_m50_w50,1231,lmin1of100_lseed415_lN1000_lpnsseed1000,1,0.5395191035155471,0.5163419075059389,0.023177196009608214,1.0448873036890611,4.488730368906113,4.488730368906113,26.66089654468716,0.5291959219454955,1.0195072961486555,0.9757102919608657
nl100_m50_w50,1232,lmin1of100_lseed415_lN1000_lpnsseed1000,1,0.4971967537707932,0.5117802878575222,-0.014583534086728966,0.9715043067645681,-2.8495693235431885,2.8495693235431885,26.19190630395283,0.5291959219454955,0.9395324739898543,0.9670903849297481
nl100_m50_w50,1233,lmin1of100_lseed415_lN1000_lpnsseed1000,1,0.5283208511149592,0.5142456215679015,0.014075229547057644,1.0273706356587795,2.7370635658779507,2.7370635658779507,26.44485593017574,0.5291959219454955,0.9983464142593556,0.9717490257244769
nl100_m50_w50,1234,lmin1of100_lseed415_lN1000_lpnsseed1000,1,0.5374617189341145,0.5075121795830025,0.029949539351111998,1.0590124543921686,5.901245439216862,5.901245439216862,25.756861242508975,0.5291959219454955,1.0156195402228938,0.9590251143985077
nl100_m50_w50,1235,lmin1of100_lseed415_lN1000_lpnsseed1000,1,0.49300478024146355,0.5049851864340931,-0.011980406192629522,0.9762757274580111,-2.3724272541988944,2.3724272541988944,25.50100385178757,0.5291959219454955,0.9316110721885732,0.9542499582717948
nl100_m50_w50,1236,lmin1of100_lseed415_lN1000_lpnsseed1000,1,0.49247240335233733,0.5157561713881818,-0.02328376803584442,0.9548550859349388,-4.5144914065061155,4.5144914065061155,26.60044283249955,0.5291959219454955,0.9306050612443297,0.9746034502535378
nl100_m50_w50,1237,lmin1of100_lseed415_lN1000_lpnsseed1000,1,0.5464950235945654,0.5152363347059863,0.03125868888857908,1.0606686422967753,6.066864229677527,6.066864229677527,26.546848060125917,0.5291959219454955,1.0326894084623193,0.9736211360280532
nl100_m50_w50,1238,lmin1of100_lseed415_lN1000_lpnsseed1000,1,0.4878508872371656,0.5148304724715428,-0.026979585234377212,0.9475952052627022,-5.240479473729776,5.240479473729776,26.505041538527202,0.5291959219454955,0.9218719702972537,0.9728541946787106
nl100_m50_w50,1239,lmin1of100_lseed415_lN1000_lpnsseed1000,1,0.48242643432964766,0.5094514898584782,-0.027025055528830555,0.946952642073266,-5.304735792673398,5.304735792673398,25.954082051902315,0.5291959219454955,0.9116216023662691,0.9626897501129065
nl100_m50_w50,1240,lmin1of100_lseed415_lN1000_lpnsseed1000,1,0.4952115635587657,0.5093934618193051,-0.014181898260539394,0.9721592456057669,-2.784075439423306,2.784075439423306,25.948169894425583,0.5291959219454955,0.9357811408262704,0.9625800968885208
nl100_m50_w50,1241,lmin1of100_lseed415_lN1000_lpnsseed1000,1,0.4950600471153877,0.5125208190834263,-0.01746077196803858,0.9659315849856308,-3.406841501436919,3.406841501436919,26.267758999394616,0.5291959219454955,0.9354948263686288,0.9684897366541183
nl100_m50_w50,1242,lmin1of100_lseed415_lN1000_lpnsseed1000,1,0.5368865720180382,0.512662258283693,0.024224313734345193,1.0472519935745692,4.725199357456922,4.725199357456922,26.282259106853605,0.5291959219454955,1.0145327084990932,0.9687570085555094
nl100_m50_w50,1243,lmin1of100_lseed415_lN1000_lpnsseed1000,1,0.5062322584350087,0.5141788381450406,-0.007946579710031876,0.9845451054759466,-1.5454894524053353,1.5454894524053353,26.437987759618387,0.5291959219454955,0.9566064994868727,0.9716228278078047
nl100_m50_w50,1244,lmin1of100_lseed415_lN1000_lpnsseed1000,1,0.5080402436802427,0.5112103316890642,-0.003170088008821459,0.9937988577062844,-0.62011422937156,0.62011422937156,26.1336003225643,0.5291959219454955,0.9600229756354175,0.9660133619505032
nl100_m50_w50,1245,lmin1of100_lseed415_lN1000_lpnsseed1000,1,0.4938394549445061,0.5083097829051476,-0.014470327960641516,0.9715324621966961,-2.846753780330391,2.846753780330391,25.83788353970783,0.5291959219454955,0.9331883230108661,0.9605323129408033
nl100_m50_w50,1246,lmin1of100_lseed415_lN1000_lpnsseed1000,1,0.49686052841209793,0.5144363867150412,-0.01757585830294328,0.9658347295082006,-3.4165270491799404,3.4165270491799404,26.464479597642743,0.5291959219454955,0.9388971226109941,0.972109506860534
nl100_m50_w50,1247,lmin1of100_lseed415_lN1000_lpnsseed1000,1,0.5232170567795918,0.5105123716539213,0.012704685125670578,1.0248861454317177,2.4886145431717743,2.4886145431717743,26.062288161171146,0.5291959219454955,0.9887019817841314,0.964694455273035
nl100_m50_w50,1248,lmin1of100_lseed415_lN1000_lpnsseed1000,1,0.5441799623807009,0.5140449049920107,0.030135057388690156,1.0586233947580095,5.862339475800948,5.862339475800948,26.42421643482453,0.5291959219454955,1.0283147314894627,0.9713697397784459
nl100_m50_w50,1249,lmin1of100_lseed415_lN1000_lpnsseed1000,1,0.5196771536252829,0.5118279535370278,0.00784920008825507,1.0153356221246075,1.5335622124607484,1.5335622124607484,26.19678540219019,0.5291959219454955,0.9820127708368982,0.9671804568247288
nl100_m50_w50,1250,lmin1of100_lseed415_lN1000_lpnsseed1000,1,0.5400255636740375,0.5082440831612539,0.03178148051278362,1.0625319242579359,6.253192425793586,6.253192425793586,25.831204806842358,0.5291959219454955,1.0204643333016037,0.9604081628081792
nl100_m50_w50,1251,lmin1of100_lseed415_lN1000_lpnsseed1000,1,0.5233891663573887,0.5098809003043201,0.013508266053068652,1.0264929830574283,2.649298305742831,2.649298305742831,25.9978532495144,0.5291959219454955,0.9890272102499218,0.96350118955912
nl100_m50_w50,1252,lmin1of100_lseed415_lN1000_lpnsseed1000,1,0.5259571318700291,0.5085673313925472,0.017389800477481954,1.034193703378205,3.419370337820493,3.419370337820493,25.864073055973684,0.5291959219454955,0.9938797901851558,0.9610189918374448
nl100_m50_w50,1253,lmin1of100_lseed415_lN1000_lpnsseed1000,1,0.4971243144922773,0.5106269137515362,-0.013502599259258952,0.9735568202622608,-2.644317973773924,2.644317973773924,26.073984504741883,0.5291959219454955,0.9393955884328954,0.9649109008140245
nl100_m50_w50,1254,lmin1of100_lseed415_lN1000_lpnsseed1000,1,0.5037849512094158,0.5149322179719953,-0.011147266762579489,0.9783519726023713,-2.164802739762872,2.164802739762872,26.515518910555848,0.5291959219454955,0.9519819226069227,0.9730464590107532
nl100_m50_w50,1255,lmin1of100_lseed415_lN1000_lpnsseed1000,1,0.49181410918537377,0.5158955664549691,-0.024081457269595374,0.9533210617895523,-4.667893821044766,4.667893821044766,26.614823548789353,0.5291959219454955,0.9293611095439019,0.9748668594390714
nl100_m50_w50,1256,lmin1of100_lseed415_lN1000_lpnsseed1000,1,0.5627534545112929,0.5117579328238254,0.05099552168746746,1.0996477404973082,9.964774049730817,9.964774049730817,26.189618180811504,0.5291959219454955,1.0634123037880356,0.9670481415322281
nl100_m50_w50,1257,lmin1of100_lseed415_lN1000_lpnsseed1000,1,0.4447799273379283,0.5204045309568474,-0.07562460361891904,0.8546811199359255,-14.531888006407446,14.531888006407446,27.08208758404163,0.5291959219454955,0.8404825299914885,0.9833872661823846
nl100_m50_w50,1258,lmin1of100_lseed415_lN1000_lpnsseed1000,1,0.5147023868924735,0.5148608793675613,-0.0001584924750878125,0.9996921644633741,-0.030783553662594443,0.030783553662594443,26.50817251031385,0.5291959219454955,0.9726121565719195,0.9729116533528189
nl100_m50_w50,1259,lmin1of100_lseed415_lN1000_lpnsseed1000,1,0.5020352775373859,0.5133635093829313,-0.011328231845545433,0.9779333130647285,-2.2066686935271473,2.2066686935271473,26.354209276595896,0.5291959219454955,0.9486756354654845,0.9700821342228808
nl100_m50_w50,1260,lmin1of100_lseed415_lN1000_lpnsseed1000,1,0.4881438452603054,0.5032166691196868,-0.015072823859381357,0.9700470497415172,-2.995295025848277,2.995295025848277,25.322701607991235,0.5291959219454955,0.9224255611527213,0.9509080630661314
nl100_m50_w50,1261,lmin1of100_lseed415_lN1000_lpnsseed1000,1,0.5383546667033724,0.5115521801703956,0.026802486532976788,1.0523944332014166,5.239443320141657,5.239443320141657,26.168563303708492,0.5291959219454955,1.0173069072872036,0.9666593391153965
nl100_m50_w50,1262,lmin1of100_lseed415_lN1000_lpnsseed1000,1,0.5006521685224559,0.5103581239395046,-0.009705955417048773,0.9809820693317713,-1.9017930668228655,1.9017930668228655,26.046541467105072,0.5291959219454955,0.9460620306405546,0.9644029796436507
nl100_m50_w50,1263,lmin1of100_lseed415_lN1000_lpnsseed1000,1,0.4784370599105577,0.5104892786007172,-0.03205221869015956,0.937212748565422,-6.278725143457797,6.278725143457797,26.059930356628076,0.5291959219454955,0.9040830438595752,0.964650817270083
nl100_m50_w50,1264,lmin1of100_lseed415_lN1000_lpnsseed1000,1,0.5206204518367278,0.5106167772987985,0.010003674537929275,1.0195913549704525,1.9591354970452501,1.9591354970452501,26.072949325901075,0.5291959219454955,0.9837952830829809,0.964891746371752
nl100_m50_w50,1265,lmin1of100_lseed415_lN1000_lpnsseed1000,1,0.5782592458781953,0.5101296987670245,0.06812954711117081,1.1335533831412656,13.355338314126563,13.355338314126563,26.023230956413514,0.5291959219454955,1.0927129667823727,0.9639713338901453
nl100_m50_w50,1266,lmin1of100_lseed415_lN1000_lpnsseed1000,1,0.5111292993236707,0.5102331501832632,0.0008961491404074762,1.0017563522481547,0.17563522481547356,0.17563522481547356,26.03378675459364,0.5291959219454955,0.9658602383869361,0.9641668218218331
nl100_m50_w50,1267,lmin1of100_lseed415_lN1000_lpnsseed1000,1,0.5362632304402086,0.5157754140687337,0.0204878163714749,1.0397223594080516,3.9722359408051577,3.9722359408051577,26.60242777577738,0.5291959219454955,1.0133548052840835,0.974639812363966
nl100_m50_w50,1268,lmin1of100_lseed415_lN1000_lpnsseed1000,1,0.48884469137099257,0.505708537336574,-0.01686384596558138,0.9666530328825402,-3.334696711745977,3.334696711745977,25.5741124735097,0.5291959219454955,0.9237499215297074,0.9556168450380829
nl100_m50_w50,1269,lmin1of100_lseed415_lN1000_lpnsseed1000,1,0.5115350212520373,0.5128857240859598,-0.001350702833922468,0.997366464359425,-0.2633535640575002,0.2633535640575002,26.305176597117924,0.5291959219454955,0.9666269146055945,0.9691792827889261
nl100_m50_w50,1270,lmin1of100_lseed415_lN1000_lpnsseed1000,1,0.48753950101337457,0.5103914338561005,-0.022851932842725964,0.9552266528650855,-4.477334713491454,4.477334713491454,26.049941575368628,0.5291959219454955,0.9212835564208839,0.9644659240376162
nl100_m50_w50,1271,lmin1of100_lseed415_lN1000_lpnsseed1000,1,0.5021229058693683,0.5139232345336413,-0.011800328664273052,0.9770387328858925,-2.296126711410751,2.296126711410751,26.411709099352006,0.5291959219454955,0.9488412231587159,0.9711398240642013
nl100_m50_w50,1272,lmin1of100_lseed415_lN1000_lpnsseed1000,1,0.48681912135567446,0.5113273931716192,-0.024508271815944782,0.9520693157784352,-4.793068422156477,4.793068422156477,26.145570300768373,0.5291959219454955,0.9199222842949542,0.9662345682706969
nl100_m50_w50,1273,lmin1of100_lseed415_lN1000_lpnsseed1000,1,0.5169103946076432,0.518851556477927,-0.001941161870283814,0.9962587336473252,-0.3741266352674799,0.3741266352674799,26.92069376595675,0.5291959219454955,0.9767845389044445,0.9804526735022083
nl100_m50_w50,1274,lmin1of100_lseed415_lN1000_lpnsseed1000,1,0.5182574239726012,0.5070557195213283,0.011201704451272887,1.022091663736379,2.2091663736379052,2.2091663736379052,25.710550269929197,0.5291959219454955,0.9793299654829524,0.9581625603939414
nl100_m50_w50,1275,lmin1of100_lseed415_lN1000_lpnsseed1000,1,0.5225634879856071,0.5021608890122063,0.0204025989734008,1.0406296058092745,4.062960580927455,4.062960580927455,25.216555845352946,0.5291959219454955,0.9874669594287399,0.9489129983581513
nl100_m50_w50,1276,lmin1of100_lseed415_lN1000_lpnsseed1000,1,0.5234649336074384,0.5081369443242807,0.015327989283157706,1.0301650754867684,3.016507548676839,3.016507548676839,25.820315418721716,0.5291959219454955,0.9891703845392683,0.9602057069075757
nl100_m50_w50,1277,lmin1of100_lseed415_lN1000_lpnsseed1000,1,0.5516327659393131,0.510289456791197,0.041343309148116125,1.0810193285357905,8.101932853579052,8.101932853579052,26.039532971225494,0.5291959219454955,1.042397991109479,0.9642732221276532
nl100_m50_w50,1278,lmin1of100_lseed415_lN1000_lpnsseed1000,1,0.540356161094027,0.51459728473442,0.02575887635960694,1.0500563783054178,5.005637830541776,5.005637830541776,26.48103654560377,0.5291959219454955,1.0210890497937,0.9724135493005952
nl100_m50_w50,1279,lmin1of100_lseed415_lN1000_lpnsseed1000,1,0.5154653818103329,0.5136267640256342,0.0018386177846986262,1.0035796767487117,0.35796767487117354,0.35796767487117354,26.381245272344454,0.5291959219454955,0.9740539570208994,0.9705795958090078
nl100_m50_w50,1280,lmin1of100_lseed415_lN1000_lpnsseed1000,1,0.5134465483510768,0.5069425815055055,0.006503966845571307,1.0128297899660668,1.2829789966066762,1.2829789966066762,25.69907809434661,0.5291959219454955,0.9702390495820171,0.9579487680891805
nl100_m50_w50,1281,lmin1of100_lseed415_lN1000_lpnsseed1000,1,0.5171934250524448,0.5043214549451432,0.012871970107301567,1.0255233442501503,2.552334425015035,2.552334425015035,25.434012991798618,0.5291959219454955,0.9773193700190931,0.9529957318852617
nl100_m50_w50,1282,lmin1of100_lseed415_lN1000_lpnsseed1000,1,0.48103263344399316,0.505673640762809,-0.0246410073188158,0.951270927862396,-4.872907213760403,4.872907213760403,25.570583096231434,0.5291959219454955,0.9089877935482978,0.9555509024026282
nl100_m50_w50,1283,lmin1of100_lseed415_lN1000_lpnsseed1000,1,0.5515097024321731,0.5113562114633742,0.040153490968798944,1.0785235224852157,7.852352248521566,7.852352248521566,26.1485175002175,0.5291959219454955,1.0421654430076577,0.9662890250239708
nl100_m50_w50,1284,lmin1of100_lseed415_lN1000_lpnsseed1000,1,0.552222173626201,0.5111172669685976,0.04110490665760336,1.0804216748563276,8.042167485632756,8.042167485632756,26.12408605934486,0.5291959219454955,1.0435117708315922,0.9658375013351673
nl100_m50_w50,1285,lmin1of100_lseed415_lN1000_lpnsseed1000,1,0.5255932101464634,0.5136745500141732,0.01191866013229026,1.0232027460421416,2.3202746042141564,2.3202746042141564,26.386154333226326,0.5291959219454955,0.9931921021126027,0.9706698950470731
nl100_m50_w50,1286,lmin1of100_lseed415_lN1000_lpnsseed1000,1,0.491098756811696,0.5041942757112529,-0.013095518899556846,0.9740268393942327,-2.5973160605767265,2.5973160605767265,25.421186765999487,0.5291959219454955,0.9280093372720222,0.9527554064620747
nl100_m50_w50,1287,lmin1of100_lseed415_lN1000_lpnsseed1000,1,0.528058642195558,0.5112227404436408,0.01683590175191718,1.0329326151205773,3.2932615120577324,3.2932615120577324,26.13486903467061,0.5291959219454955,0.9978509287339999,0.9660368102690976
nl100_m50_w50,1288,lmin1of100_lseed415_lN1000_lpnsseed1000,1,0.49246122630608796,0.5129827451908285,-0.020521518884740575,0.959995693661964,-4.000430633803598,4.000430633803598,26.315129686351852,0.5291959219454955,0.9305839404348415,0.9693626196228761
nl100_m50_w50,1289,lmin1of100_lseed415_lN1000_lpnsseed1000,1,0.5054669880099151,0.5136394242467143,-0.008172436236799197,0.9840891570019482,-1.5910842998051788,1.5910842998051788,26.382545814049617,0.5291959219454955,0.9551603991044656,0.9706035193136212
nl100_m50_w50,1290,lmin1of100_lseed415_lN1000_lpnsseed1000,1,0.5208424311419825,0.5152929423055647,0.005549488836417815,1.0107695805255703,1.076958052557031,1.076958052557031,26.552681638992606,0.5291959219454955,0.9842147483434814,0.9737281051055364
nl100_m50_w50,1291,lmin1of100_lseed415_lN1000_lpnsseed1000,1,0.4945611626899807,0.5012995289513351,-0.006738366261354434,0.9865582034847502,-1.3441796515249793,1.3441796515249793,25.130121772683047,0.5291959219454955,0.9345521047702215,0.9472853213010332
nl100_m50_w50,1292,lmin1of100_lseed415_lN1000_lpnsseed1000,1,0.5138715085433386,0.5114891490168585,0.002382359526480138,1.0046576931906752,0.4657693190675216,0.4657693190675216,26.162114956199012,0.5291959219454955,0.9710420795651271,0.9665402317093806
nl100_m50_w50,1293,lmin1of100_lseed415_lN1000_lpnsseed1000,1,0.5339150364232171,0.507312288290207,0.026602748133010112,1.0524386038876947,5.243860388769472,5.243860388769472,25.736575785024613,0.5291959219454955,1.0089175186013768,0.9586473879563601
nl100_m50_w50,1294,lmin1of100_lseed415_lN1000_lpnsseed1000,1,0.5505935277228747,0.5172292038269516,0.03336432389592314,1.06450587795326,6.4505877953259905,6.4505877953259905,26.752604929146223,0.5291959219454955,1.040434184939889,0.9773869797133917
nl100_m50_w50,1295,lmin1of100_lseed415_lN1000_lpnsseed1000,1,0.5127413372547035,0.5165131283629637,-0.003771791108260203,0.992697589081202,-0.7302410918798019,0.7302410918798019,26.67858117712954,0.5291959219454955,0.9689064408691972,0.9760338410471764
nl100_m50_w50,1296,lmin1of100_lseed415_lN1000_lpnsseed1000,1,0.5572969489634914,0.5117422105568233,0.045554738406668016,1.0890189190317137,8.901891903171366,8.901891903171366,26.18800900655841,0.5291959219454955,1.0531013672869727,0.9670184318040346
nl100_m50_w50,1297,lmin1of100_lseed415_lN1000_lpnsseed1000,1,0.5417204390029953,0.5090499677316829,0.032670471271312396,1.0641793013304595,6.417930133045946,6.417930133045946,25.913186964762733,0.5291959219454955,1.0236670702439574,0.9619310100883818
nl100_m50_w50,1298,lmin1of100_lseed415_lN1000_lpnsseed1000,1,0.45643929710942854,0.5022469592225025,-0.045807662113073966,0.9087945456474521,-9.12054543525479,9.12054543525479,25.225200804825004,0.5291959219454955,0.8625147666131099,0.9490756417322344
nl100_m50_w50,1299,lmin1of100_lseed415_lN1000_lpnsseed1000,1,0.5295517599306748,0.5127239719114239,0.01682778801925089,1.032820365227936,3.2820365227935966,3.2820365227935966,26.288587137262663,0.5291959219454955,1.0006724125610629,0.9688736262866212
nl300_m20_w20,1000,lmin1of100_lseed415_lN1000_lpnsseed1000,1,0.3034789203880366,0.29563940638893327,0.00783951399910332,1.0265171483560278,2.651714835602781,2.651714835602781,26.220797583000248,0.3363579955282173,0.9022497589553435,0.8789427048542744
nl300_m20_w20,1001,lmin1of100_lseed415_lN1000_lpnsseed1000,1,0.2960857681485222,0.29574537602437884,0.00034039212414338493,1.0011509634697224,0.11509634697224325,0.11509634697224325,26.239598231940366,0.3363579955282173,0.8802697485562919,0.879257754999817
nl300_m20_w20,1002,lmin1of100_lseed415_lN1000_lpnsseed1000,1,0.2906990791631868,0.2966621034957059,-0.005963024332519051,0.9798996088066052,-2.0100391193394795,2.0100391193394795,26.40252109514907,0.3363579955282173,0.8642549992209115,0.8819832067016188
nl300_m20_w20,1003,lmin1of100_lseed415_lN1000_lpnsseed1000,1,0.32094495343204055,0.2966711794104353,0.024273774021605243,1.0818204655735137,8.182046557351374,8.182046557351374,26.40413660783361,0.3363579955282173,0.9541766739572457,0.882010189603319
nl300_m20_w20,1004,lmin1of100_lseed415_lN1000_lpnsseed1000,1,0.28106341547597163,0.29372965668495105,-0.012666241208979412,0.9568778946193881,-4.31221053806119,4.31221053806119,25.883133364877764,0.3363579955282173,0.8356079510896984,0.8732649753833779
nl300_m20_w20,1005,lmin1of100_lseed415_lN1000_lpnsseed1000,1,0.3030050599439008,0.29450392215804505,0.008501137785855761,1.028865957789498,2.8865957789498076,2.8865957789498076,26.01976804994156,0.3363579955282173,0.9008409610363536,0.8755668843119232
nl300_m20_w20,1006,lmin1of100_lseed415_lN1000_lpnsseed1000,1,0.3039603821287756,0.29417005032377,0.009790331805005548,1.0332811983892654,3.3281198389265354,3.3281198389265354,25.96080555224682,0.3363579955282173,0.9036811557026778,0.8745742757260898
nl300_m20_w20,1007,lmin1of100_lseed415_lN1000_lpnsseed1000,1,0.3139718015913891,0.2980148363418325,0.015956965249556587,1.0535441974816766,5.35441974816766,5.35441974816766,26.643852803954765,0.3363579955282173,0.9334453343329243,0.8860049123370157
nl300_m20_w20,1008,lmin1of100_lseed415_lN1000_lpnsseed1000,1,0.2945516864750268,0.2967100387264387,-0.0021583522514119213,0.9927257188173472,-0.7274281182652831,0.7274281182652831,26.411054124313424,0.3363579955282173,0.8757088887168035,0.8821257192369832
nl300_m20_w20,1009,lmin1of100_lseed415_lN1000_lpnsseed1000,1,0.2806229902543848,0.29370941201602163,-0.013086421761636824,0.9554443227685091,-4.455567723149089,4.455567723149089,25.879565612039144,0.3363579955282173,0.8342985568506966,0.8732047875204505
nl300_m20_w20,1010,lmin1of100_lseed415_lN1000_lpnsseed1000,1,0.2756916474950035,0.29401066984341556,-0.01831902234841204,0.937692661432429,-6.230733856757098,6.230733856757098,25.93268219453217,0.3363579955282173,0.8196375622409593,0.8741004339192252
nl300_m20_w20,1011,lmin1of100_lseed415_lN1000_lpnsseed1000,1,0.3201928948500214,0.29647293178878853,0.023719963061232863,1.0800071794686852,8.00071794686852,8.00071794686852,26.368859785031898,0.3363579955282173,0.9519407866228653,0.8814207948980276
nl300_m20_w20,1012,lmin1of100_lseed415_lN1000_lpnsseed1000,1,0.29468887850914827,0.29140767820523894,0.0032812003039093263,1.0112598278951264,1.1259827895126362,1.1259827895126362,25.47553047509043,0.3363579955282173,0.8761167637664394,0.8663616803507576
nl300_m20_w20,1013,lmin1of100_lseed415_lN1000_lpnsseed1000,1,0.2755969687713401,0.29275202286806135,-0.017155054096721245,0.9414007325085069,-5.859926749149313,5.859926749149313,25.71112406800258,0.3363579955282173,0.8193560802339247,0.8703584477256827
nl300_m20_w20,1014,lmin1of100_lseed415_lN1000_lpnsseed1000,1,0.28570349281843554,0.2946628165020339,-0.008959323683598364,0.9695946580910506,-3.040534190894939,3.040534190894939,26.04785262867339,0.3363579955282173,0.8494030069651419,0.8760392808242741
nl300_m20_w20,1015,lmin1of100_lseed415_lN1000_lpnsseed1000,1,0.32049721544275445,0.2957100130245151,0.02478720241823934,1.0838226685823602,8.38226685823602,8.38226685823602,26.233323540887664,0.3363579955282173,0.9528455386929183,0.8791526199938594
nl300_m20_w20,1016,lmin1of100_lseed415_lN1000_lpnsseed1000,1,0.30345826790757435,0.2942895629339371,0.009168704973637254,1.0311553861517524,3.1155386151752396,3.1155386151752396,25.98190405555432,0.3363579955282173,0.9021883586594183,0.8749295894446752
nl300_m20_w20,1017,lmin1of100_lseed415_lN1000_lpnsseed1000,1,0.31157596714859626,0.2957315226493027,0.015844444499293564,1.0535771241339156,5.357712413391558,5.357712413391558,26.237140046542503,0.3363579955282173,0.9263224638358802,0.8792165685994331
nl300_m20_w20,1018,lmin1of100_lseed415_lN1000_lpnsseed1000,1,0.29732422569847483,0.29319654208574275,0.00412768361273208,1.0140782138266997,1.4078213826699715,1.4078213826699715,25.789263687311017,0.3363579955282173,0.8839517111271763,0.8716800135085425
nl300_m20_w20,1019,lmin1of100_lseed415_lN1000_lpnsseed1000,1,0.28802246243321655,0.29517090080962133,-0.007148438376404775,0.9757820355705884,-2.42179644294116,2.42179644294116,26.137758205428998,0.3363579955282173,0.8562973565736276,0.8775498270706611
nl300_m20_w20,1020,lmin1of100_lseed415_lN1000_lpnsseed1000,1,0.2981238840889415,0.29389604336542596,0.0042278407235155635,1.0143854972496473,1.4385497249647328,1.4385497249647328,25.9124652917557,0.3363579955282173,0.8863291137788092,0.8737596467831573
nl300_m20_w20,1021,lmin1of100_lseed415_lN1000_lpnsseed1000,1,0.29850553621781345,0.2953376246715221,0.0031679115462913687,1.0107264069378723,1.0726406937872301,1.0726406937872301,26.16729376398505,0.3363579955282173,0.8874637742713376,0.8780455009185176
nl300_m20_w20,1022,lmin1of100_lseed415_lN1000_lpnsseed1000,1,0.30254313978223324,0.29544440932594207,0.007098730456291169,1.0240272966155866,2.4027296615586557,2.4027296615586557,26.18621970058644,0.3363579955282173,0.8994676618497468,0.8783629741340786
nl300_m20_w20,1023,lmin1of100_lseed415_lN1000_lpnsseed1000,1,0.2726743690656097,0.29934105681314854,-0.02666668774753883,0.9109153684715411,-8.908463152845892,8.908463152845892,26.88152048820379,0.3363579955282173,0.8106671245837379,0.8899477960768041
nl300_m20_w20,1024,lmin1of100_lseed415_lN1000_lpnsseed1000,1,0.31136252276186627,0.29378847518312007,0.0175740475787462,1.0598187099333702,5.981870993337024,5.981870993337024,25.893500445126826,0.3363579955282173,0.9256878888010434,0.873439844121303
nl300_m20_w20,1025,lmin1of100_lseed415_lN1000_lpnsseed1000,1,0.306039501635279,0.2921460718060864,0.01389342982919256,1.0475564492217935,4.755644922179347,4.755644922179347,25.6047981815181,0.3363579955282173,0.9098624254633041,0.8685569413841333
nl300_m20_w20,1026,lmin1of100_lseed415_lN1000_lpnsseed1000,1,0.26446625177522187,0.29414452656158296,-0.029678274786361092,0.8991030867264921,-10.089691327350792,10.089691327350792,25.956300751841333,0.3363579955282173,0.786264204482202,0.8744983929983818
nl300_m20_w20,1027,lmin1of100_lseed415_lN1000_lpnsseed1000,1,0.284647069700877,0.2967657306206824,-0.012118660919805402,0.9591642171942854,-4.083578280571465,4.083578280571465,26.420969661248233,0.3363579955282173,0.8462622369177418,0.8822912925100557
nl300_m20_w20,1028,lmin1of100_lseed415_lN1000_lpnsseed1000,1,0.2936935119212148,0.2943268726581557,-0.0006333607369409244,0.9978481042820833,-0.21518957179167408,0.21518957179167408,25.98849239061907,0.3363579955282173,0.8731575161755791,0.875040512106585
nl300_m20_w20,1029,lmin1of100_lseed415_lN1000_lpnsseed1000,1,0.3327323060219637,0.29617527916253417,0.03655702685942952,1.1234303786690039,12.343037866900385,12.343037866900385,26.31593879610151,0.3363579955282173,0.9892207423208126,0.8805358668445502
nl300_m50_w50,1000,lmin1of100_lseed415_lN1000_lpnsseed1000,1,0.30476613424537113,0.2950637478922673,0.009702386353103831,1.0328823395703843,3.2882339570384334,3.2882339570384334,26.11878459606944,0.29663598705784444,1.027407824883841,0.9946997692991628
nl300_m50_w50,1001,lmin1of100_lseed415_lN1000_lpnsseed1000,1,0.2722726617155276,0.2935403031918568,-0.021267641476329202,0.9275477975423745,-7.245220245762551,7.245220245762551,25.84977287939017,0.29663598705784444,0.9178679377914928,0.989564031334526
nl300_m50_w50,1002,lmin1of100_lseed415_lN1000_lpnsseed1000,1,0.3167010662171338,0.2957963560106226,0.02090471020651119,1.0706726427886097,7.067264278860974,7.067264278860974,26.2486452687489,0.29663598705784444,1.0676420934570445,0.9971694902713941
nl300_m50_w50,1003,lmin1of100_lseed415_lN1000_lpnsseed1000,1,0.2925935715080978,0.29590909026262285,-0.003315518754525071,0.9887954819110745,-1.120451808892553,1.120451808892553,26.268656910015924,0.29663598705784444,0.9863724708864863,0.9975495326698852
nl300_m50_w50,1004,lmin1of100_lseed415_lN1000_lpnsseed1000,1,0.304018747776249,0.29743767395425263,0.006581073821996353,1.0221258919036886,2.2125891903688633,2.2125891903688633,26.54075096619489,0.29663598705784444,1.024888284094016,1.0027025948684098
nl300_m50_w50,1005,lmin1of100_lseed415_lN1000_lpnsseed1000,1,0.30402173952866646,0.2979952689432237,0.006026470585442756,1.0202233767227726,2.0223376722772635,2.0223376722772635,26.640354093763264,0.29663598705784444,1.0248983696957232,1.0045823229300705
nl300_m50_w50,1006,lmin1of100_lseed415_lN1000_lpnsseed1000,1,0.2975105529595127,0.29355230166667085,0.00395825129284183,1.0134839729423633,1.3483972942363254,1.3483972942363254,25.85188614414004,0.29663598705784444,1.0029482798440692,0.9896044798146076
nl300_m50_w50,1007,lmin1of100_lseed415_lN1000_lpnsseed1000,1,0.30917626489338196,0.29606264727240467,0.013113617620977291,1.0442933877062566,4.429338770625657,4.429338770625657,26.295927332983293,0.29663598705784444,1.04227497128692,0.9980671941016787
nl300_m50_w50,1008,lmin1of100_lseed415_lN1000_lpnsseed1000,1,0.28188106049193573,0.29331429079182153,-0.0114332302998858,0.9610205480645998,-3.89794519354002,3.89794519354002,25.809981954812773,0.29663598705784444,0.9502591485535722,0.9888021129905079
nl300_m50_w50,1009,lmin1of100_lseed415_lN1000_lpnsseed1000,1,0.286878164517119,0.2945275782055898,-0.007649413688470774,0.9740281920794146,-2.59718079205854,2.59718079205854,26.02394829709494,0.29663598705784444,0.9671050615351581,0.9928922688269664
nl300_m50_w50,1010,lmin1of100_lseed415_lN1000_lpnsseed1000,1,0.2994678092536875,0.2951749129152636,0.0042928963384238905,1.0145435677308263,1.4543567730826323,1.4543567730826323,26.138468764360038,0.29663598705784444,1.0095464553169364,0.9950745216146147
nl300_m50_w50,1011,lmin1of100_lseed415_lN1000_lpnsseed1000,1,0.28982361696983316,0.29422360320874286,-0.004399986238909692,0.985045434183647,-1.4954565816353016,1.4954565816353016,25.970258605540728,0.29663598705784444,0.9770345798040921,0.9918675280331676
nl300_m50_w50,1012,lmin1of100_lseed415_lN1000_lpnsseed1000,1,0.29668463208700135,0.2934919955599259,0.0031926365270754653,1.0108781042596564,1.0878104259656407,1.0878104259656407,25.841265437324267,0.29663598705784444,1.0001639889672167,0.9894011797789543
nl300_m50_w50,1013,lmin1of100_lseed415_lN1000_lpnsseed1000,1,0.26923183787983823,0.2942274797277439,-0.024995641847905647,0.9150465419782179,-8.49534580217821,8.49534580217821,25.970942948081984,0.29663598705784444,0.9076169097019832,0.991880596302596
nl300_m50_w50,1014,lmin1of100_lseed415_lN1000_lpnsseed1000,1,0.27593377935709396,0.2962420142186114,-0.02030823486151745,0.93144714832201,-6.855285167798996,6.855285167798996,26.32779929648999,0.29663598705784444,0.930210060127622,0.9986718643171363
nl300_m50_w50,1015,lmin1of100_lseed415_lN1000_lpnsseed1000,1,0.31702493546108945,0.29744394208576624,0.019580993375323208,1.0658308696355199,6.583086963551987,6.583086963551987,26.5418696050562,0.29663598705784444,1.0687339004463714,1.0027237255868224
nl300_m50_w50,1016,lmin1of100_lseed415_lN1000_lpnsseed1000,1,0.28649274111557577,0.2933902385095587,-0.006897497393982932,0.9764903650884138,-2.3509634911586197,2.3509634911586197,25.823349615808723,0.29663598705784444,0.9658057471621245,0.9890581430106361
nl300_m50_w50,1017,lmin1of100_lseed415_lN1000_lpnsseed1000,1,0.28537807325855924,0.29538024178591193,-0.010002168527352695,0.9661379905884085,-3.3862009411591454,3.3862009411591454,26.174846171251133,0.29663598705784444,0.9620480511790032,0.9957667129858805
nl300_m50_w50,1018,lmin1of100_lseed415_lN1000_lpnsseed1000,1,0.2901667642588436,0.2920025400647195,-0.0018357758058759055,0.993713151243585,-0.6286848756415053,0.6286848756415053,25.579645021274434,0.29663598705784444,0.9781913756885494,0.9843800240183892
nl300_m50_w50,1019,lmin1of100_lseed415_lN1000_lpnsseed1000,1,0.2586020931633475,0.29736684980311234,-0.038764756639764864,0.8696399525857332,-13.036004741426677,13.036004741426677,26.52811300854803,0.29663598705784444,0.871782603750366,1.0024638370836825
nl300_m50_w50,1020,lmin1of100_lseed415_lN1000_lpnsseed1000,1,0.2964680165283802,0.29358579390561956,0.0028822226227606107,1.0098173095653504,0.9817309565350429,0.9817309565350429,25.85778551495788,0.29663598705784444,0.9994337486455023,0.9897173866782721
nl300_m50_w50,1021,lmin1of100_lseed415_lN1000_lpnsseed1000,1,0.3020119774070761,0.29553491982145325,0.006477057585622836,1.0219163866981809,2.1916386698180856,2.1916386698180856,26.202266650161842,0.29663598705784444,1.0181231899829581,0.9962881535470055
nl300_m50_w50,1022,lmin1of100_lseed415_lN1000_lpnsseed1000,1,0.31225935621267326,0.2957830395417393,0.016476316670933966,1.0557040616543159,5.570406165431585,5.570406165431585,26.246281944165034,0.29663598705784444,1.0526684887757136,0.9971245986551901
nl300_m50_w50,1023,lmin1of100_lseed415_lN1000_lpnsseed1000,1,0.3159701780540812,0.29530852380989936,0.020661654244181815,1.0699663320842119,6.996633208421188,6.996633208421188,26.162137270434567,0.29663598705784444,1.0651781706865746,0.9955249419967166
nl300_m50_w50,1024,lmin1of100_lseed415_lN1000_lpnsseed1000,1,0.30316308422325045,0.29575629806219467,0.007406786161055778,1.0250435450050779,2.5043545005077883,2.5043545005077883,26.24153635303612,0.29663598705784444,1.0220037266217912,0.9970344495137798
nl300_m50_w50,1025,lmin1of100_lseed415_lN1000_lpnsseed1000,1,0.30632394833794485,0.2916931416026153,0.014630806735329571,1.0501582130280651,5.015821302806511,5.015821302806511,25.525466657401008,0.29663598705784444,1.0326594267141675,0.9833369999902767
nl300_m50_w50,1026,lmin1of100_lseed415_lN1000_lpnsseed1000,1,0.30092274885267506,0.29574156432681725,0.005181184525857807,1.0175192977613798,1.7519297761379837,1.7519297761379837,26.2389218611419,0.29663598705784444,1.0144512533268415,0.9969847801006937
nl300_m50_w50,1027,lmin1of100_lseed415_lN1000_lpnsseed1000,1,0.28814320695605444,0.298066371765874,-0.009923164809819585,0.9667082041122906,-3.3291795887709363,3.3291795887709363,26.65306859330167,0.29663598705784444,0.9713696905556712,1.0048220201541178
nl300_m50_w50,1028,lmin1of100_lseed415_lN1000_lpnsseed1000,1,0.2905885795195243,0.29508728804998546,-0.004498708530461137,0.9847546515467007,-1.524534845329928,1.524534845329928,26.12295227060853,0.29663598705784444,0.9796133719367608,0.9947791263520667
nl300_m50_w50,1029,lmin1of100_lseed415_lN1000_lpnsseed1000,1,0.29118812673507816,0.29634928011543776,-0.005161153380359607,0.9825842216375583,-1.741577836244168,1.741577836244168,26.346868747481455,0.29663598705784444,0.98163452662369,0.9990334721513382
nl300_m50_w50,1030,lmin1of100_lseed415_lN1000_lpnsseed1000,1,0.3079209636684592,0.29716412928490227,0.010756834383556957,1.0361982935472134,3.619829354721338,3.619829354721338,26.491955920096235,0.29663598705784444,1.0380431812152793,1.001780438820981
nl300_m50_w50,1031,lmin1of100_lseed415_lN1000_lpnsseed1000,1,0.3065114378446436,0.29640391402820554,0.010107523816438035,1.0341005072405225,3.4100507240522493,3.4100507240522493,26.35658407537196,0.29663598705784444,1.0332914791787329,0.9992176504545497
nl300_m50_w50,1032,lmin1of100_lseed415_lN1000_lpnsseed1000,1,0.28865182617236007,0.2958846024709304,-0.0072327762985703314,0.9755554150565137,-2.4444584943486336,2.4444584943486336,26.264309393814155,0.29663598705784444,0.9730843146690511,0.9974669810147899
nl300_m50_w50,1033,lmin1of100_lseed415_lN1000_lpnsseed1000,1,0.29591290001628046,0.29641478935518,-0.0005018893388995527,0.9983068006154775,-0.16931993845225035,0.16931993845225035,26.358518204542715,0.29663598705784444,0.9975623758643183,0.9992543126514811
nl300_m50_w50,1034,lmin1of100_lseed415_lN1000_lpnsseed1000,1,0.28549335596416997,0.29630597192980745,-0.010812615965637484,0.963508612751825,-3.6491387248175022,3.6491387248175022,26.339168700380352,0.29663598705784444,0.9624366847590153,0.9988874744048751
nl300_m50_w50,1035,lmin1of100_lseed415_lN1000_lpnsseed1000,1,0.3268159450533505,0.2945211564181299,0.03229478863522056,1.1096518465022318,10.965184650223181,10.965184650223181,26.022813473361765,0.29663598705784444,1.101740716946865,0.9928706201135936
nl300_m50_w50,1036,lmin1of100_lseed415_lN1000_lpnsseed1000,1,0.265570655787561,0.2953243268257141,-0.029753671038153073,0.8992508630834458,-10.074913691655418,10.074913691655418,26.16493740451836,0.29663598705784444,0.8952745700937976,0.9955782160986604
nl300_m50_w50,1037,lmin1of100_lseed415_lN1000_lpnsseed1000,1,0.3117579037934237,0.29964816778473763,0.01210973600868609,1.0404131822270495,4.041318222704948,4.041318222704948,26.936707337025076,0.29663598705784444,1.0509780249037366,1.0101544682989048
nl300_m50_w50,1038,lmin1of100_lseed415_lN1000_lpnsseed1000,1,0.32590214131821826,0.2974750653705675,0.02842707594765076,1.0955612058181712,9.556120581817119,9.556120581817119,26.547424355167028,0.29663598705784444,1.098660161063556,1.0028286463859135
nl300_m50_w50,1039,lmin1of100_lseed415_lN1000_lpnsseed1000,1,0.28065651176006945,0.29606143017521763,-0.015404918415148183,0.947967155309521,-5.203284469047897,5.203284469047897,26.295711131218578,0.29663598705784444,0.9461310292919417,0.9980630911025816
nl300_m50_w50,1040,lmin1of100_lseed415_lN1000_lpnsseed1000,1,0.31184560362858804,0.2956112415187205,0.01623436210986756,1.0549179456994346,5.4917945699434645,5.4917945699434645,26.21580183367179,0.29663598705784444,1.0512736728999024,0.9965454443026694
nl300_m50_w50,1041,lmin1of100_lseed415_lN1000_lpnsseed1000,1,0.2908061612538955,0.29521203797398593,-0.004405876720090407,0.9850755519648604,-1.4924448035139593,1.4924448035139593,26.14504420942624,0.29663598705784444,0.9803468693674983,0.9951996752046782
nl300_m50_w50,1042,lmin1of100_lseed415_lN1000_lpnsseed1000,1,0.31338348034881086,0.29774859519665675,0.01563488515215411,1.0525103574101755,5.251035741017551,5.251035741017551,26.596267782474776,0.29663598705784444,1.0564580631536815,1.0037507523947031
nl300_m50_w50,1043,lmin1of100_lseed415_lN1000_lpnsseed1000,1,0.27624907688049194,0.29384991214800393,-0.017600835267511994,0.9401026355977029,-5.989736440229709,5.989736440229709,25.904331260816885,0.29663598705784444,0.9312729706885597,0.9906077649665035
nl300_m50_w50,1044,lmin1of100_lseed415_lN1000_lpnsseed1000,1,0.2891989882116681,0.29606032978617314,-0.00686134157450502,0.9768245155321533,-2.3175484467846674,2.3175484467846674,26.295515661929283,0.29663598705784444,0.9749288718474806,0.9980593815424053
nl300_m50_w50,1045,lmin1of100_lseed415_lN1000_lpnsseed1000,1,0.3295641238538863,0.2964186379515723,0.033145485902313976,1.111819844161517,11.181984416151703,11.181984416151703,26.359202677519587,0.29663598705784444,1.1110051990745844,0.9992672867900221
nl300_m50_w50,1046,lmin1of100_lseed415_lN1000_lpnsseed1000,1,0.3045343872119239,0.29568118206533295,0.008853205146590937,1.029941726709665,2.9941726709665106,2.9941726709665106,26.228208428265773,0.29663598705784444,1.026626574315608,0.9967812233371223
nl300_m50_w50,1047,lmin1of100_lseed415_lN1000_lpnsseed1000,1,0.2986809451952466,0.2928544975024616,0.005826447692785008,1.0198953669568829,1.9895366956882876,1.9895366956882876,25.729127012225796,0.29663598705784444,1.0068938302384849,0.9872520876752374
nl300_m50_w50,1048,lmin1of100_lseed415_lN1000_lpnsseed1000,1,0.29965441242284824,0.2959260891012712,0.0037283233215770206,1.0125988328129498,1.2598832812949823,1.2598832812949823,26.271675063232056,0.29663598705784444,1.010175519817881,0.9976068380522057
nl300_m50_w50,1049,lmin1of100_lseed415_lN1000_lpnsseed1000,1,0.30215841654035624,0.2944880681621884,0.007670348378167824,1.0260463808467222,2.6046380846722172,2.6046380846722172,26.01696668696932,0.29663598705784444,1.0186168560911488,0.992759075131241
nl300_m50_w50,1050,lmin1of100_lseed415_lN1000_lpnsseed1000,1,0.2919892592126542,0.29510538134072006,-0.00311612212806589,0.9894406462060815,-1.055935379391848,1.055935379391848,26.126155828875547,0.29663598705784444,0.9843352524712918,0.994840121280275
nl300_m50_w50,1051,lmin1of100_lseed415_lN1000_lpnsseed1000,1,0.2998760263803218,0.29668480697175537,0.003191219408566426,1.0107562616405572,1.0756261640557208,1.0756261640557208,26.40656240636032,0.29663598705784444,1.0109226104176143,1.0001645785273565
nl300_m50_w50,1052,lmin1of100_lseed415_lN1000_lpnsseed1000,1,0.30833982954815886,0.2942883160015299,0.01405151354662898,1.0477474394415167,4.7747439441516715,4.7747439441516715,25.98168388050489,0.29663598705784444,1.0394552347016215,0.992085683602992
nl300_m50_w50,1053,lmin1of100_lseed415_lN1000_lpnsseed1000,1,0.30570681291106594,0.294403507649407,0.011303305261658958,1.0383939218384572,3.8393921838457246,3.8393921838457246,26.002027594882332,0.29663598705784444,1.0305789797899763,0.9924740102150784
nl300_m50_w50,1054,lmin1of100_lseed415_lN1000_lpnsseed1000,1,0.3155456183186915,0.2957186202205508,0.019826998098140702,1.0670468368997308,6.704683689973079,6.704683689973079,26.234850703543902,0.29663598705784444,1.0637469224432288,0.9969074324177842
nl300_m50_w50,1055,lmin1of100_lseed415_lN1000_lpnsseed1000,1,0.3020506393813545,0.29419424989967147,0.007856389481683046,1.0267047689897484,2.6704768989748384,2.6704768989748384,25.965077002209103,0.29663598705784444,1.0182535247230613,0.9917685740614579
nl300_m50_w50,1056,lmin1of100_lseed415_lN1000_lpnsseed1000,1,0.30484847945009463,0.29786611958286385,0.006982359867230781,1.0234412691077757,2.3441269107775664,2.3441269107775664,26.61726755860589,0.29663598705784444,1.0276854216971616,1.0041469429829482
nl300_m50_w50,1057,lmin1of100_lseed415_lN1000_lpnsseed1000,1,0.26231645211237964,0.29318680298306726,-0.030870350870687624,0.8947075702023651,-10.529242979763486,10.529242979763486,25.787550433029573,0.29663598705784444,0.8843042097290359,0.9883723343583913
nl300_m50_w50,1058,lmin1of100_lseed415_lN1000_lpnsseed1000,1,0.27556590843406126,0.29446257597747355,-0.018896667543412293,0.9358265902528208,-6.417340974717922,6.417340974717922,26.01246259538682,0.29663598705784444,0.9289699175317037,0.9926731375315326
nl300_m50_w50,1059,lmin1of100_lseed415_lN1000_lpnsseed1000,1,0.30719224697208686,0.2953910409501812,0.011801206021905652,1.0399511304877251,3.995113048772514,3.995113048772514,26.17676012208949,0.29663598705784444,1.0355865787524423,0.99580311842804
nl300_m50_w50,1060,lmin1of100_lseed415_lN1000_lpnsseed1000,1,0.3126379521713186,0.2956734794217552,0.01696447274956342,1.057375699649291,5.73756996492909,5.73756996492909,26.226841930010124,0.29663598705784444,1.0539447869160723,0.9967552566846801
nl300_m50_w50,1061,lmin1of100_lseed415_lN1000_lpnsseed1000,1,0.299418313284205,0.29449563846984433,0.00492267481436065,1.016715611952483,1.6715611952482945,1.6715611952482945,26.018304323328373,0.29663598705784444,1.0093795977148854,0.9927845956614066
nl300_m50_w50,1062,lmin1of100_lseed415_lN1000_lpnsseed1000,1,0.28030116422752427,0.2947455615394534,-0.014444397311929147,0.9509936731990596,-4.900632680094041,4.900632680094041,26.06248381416232,0.29663598705784444,0.9449331047377779,0.9936271201038652
nl300_m50_w50,1063,lmin1of100_lseed415_lN1000_lpnsseed1000,1,0.30940932945124255,0.2941533633132286,0.015255966138013943,1.0518639867522734,5.186398675227344,5.186398675227344,25.957860344545285,0.29663598705784444,1.0430606634080015,0.9916307398531126
nl300_m50_w50,1064,lmin1of100_lseed415_lN1000_lpnsseed1000,1,0.2800791733838638,0.2935928187507016,-0.013513645366837801,0.9539714716989974,-4.602852830100257,4.602852830100257,25.85902296659469,0.29663598705784444,0.9441847436037757,0.9897410683803869
nl300_m50_w50,1065,lmin1of100_lseed415_lN1000_lpnsseed1000,1,0.30853452426866795,0.2946712220220182,0.013863302246649778,1.0470466785033181,4.704667850331812,4.704667850331812,26.049338726384857,0.29663598705784444,1.0401115769156601,0.9933765115442883
nl300_m50_w50,1066,lmin1of100_lseed415_lN1000_lpnsseed1000,1,0.28367544850954113,0.29338091226105445,-0.009705463751513321,0.9669185575956036,-3.3081442404396366,3.3081442404396366,25.82170790373856,0.29663598705784444,0.9563082730559729,0.9890267029665715
nl300_m50_w50,1067,lmin1of100_lseed415_lN1000_lpnsseed1000,1,0.3127248215675964,0.2953263688890343,0.017398452678562104,1.0589126285743193,5.891262857431934,5.891262857431934,26.165299248354593,0.29663598705784444,1.0542376353905254,0.995585100170079
nl300_m50_w50,1068,lmin1of100_lseed415_lN1000_lpnsseed1000,1,0.2958831562088969,0.297738611645108,-0.0018554554362111286,0.9937681732780337,-0.6231826721966316,0.6231826721966316,26.594484259306938,0.29663598705784444,0.9974621054700259,1.003717096493247
nl300_m50_w50,1069,lmin1of100_lseed415_lN1000_lpnsseed1000,1,0.29942180438436805,0.29226813160024573,0.0071536727841223224,1.0244764037220002,2.4476403722000217,2.4476403722000217,25.626198224729563,0.29663598705784444,1.0093913666853251,0.9852753689769037
nl300_m50_w50,1070,lmin1of100_lseed415_lN1000_lpnsseed1000,1,0.2990915833097132,0.2934994673086013,0.005592116001111869,1.0190532407175785,1.9053240717578523,1.9053240717578523,25.842581193129817,0.29663598705784444,1.0082781468163198,0.9894263680534773
nl300_m50_w50,1071,lmin1of100_lseed415_lN1000_lpnsseed1000,1,0.305561992616479,0.29549388339383686,0.010068109222642119,1.0340721408748188,3.40721408748188,3.40721408748188,26.194990536951135,0.29663598705784444,1.0300907710057916,0.9961498142038145
nl300_m50_w50,1072,lmin1of100_lseed415_lN1000_lpnsseed1000,1,0.2853428534491455,0.2964538564864005,-0.011111003037254985,0.9625202951685512,-3.74797048314488,3.74797048314488,26.365466707697802,0.29663598705784444,0.9619293204418358,0.9993860132303892
nl300_m50_w50,1073,lmin1of100_lseed415_lN1000_lpnsseed1000,1,0.31598964876782876,0.2947663022063707,0.02122334656145808,1.072000586235937,7.200058623593697,7.200058623593697,26.066151874925236,0.29663598705784444,1.0652438090939058,0.9936970396949539
nl300_m50_w50,1074,lmin1of100_lseed415_lN1000_lpnsseed1000,1,0.27267494497358985,0.29578906547447237,-0.023114120500882518,0.9218560683985888,-7.81439316014112,7.81439316014112,26.24735137627851,0.29663598705784444,0.9192240890193065,0.9971449128887827
nl300_m50_w50,1075,lmin1of100_lseed415_lN1000_lpnsseed1000,1,0.3215043483565919,0.29609854542763264,0.025405802928959276,1.0858018498276227,8.580184982762272,8.580184982762272,26.302304581307947,0.29663598705784444,1.083834606668604,0.998188211634258
nl300_m50_w50,1076,lmin1of100_lseed415_lN1000_lpnsseed1000,1,0.3225948728207423,0.29492279529691423,0.027672077523828054,1.0938282084840851,9.382820848408514,9.382820848408514,26.093836555723676,0.29663598705784444,1.0875109120116158,0.9942245990517795
nl300_m50_w50,1077,lmin1of100_lseed415_lN1000_lpnsseed1000,1,0.3086666465331778,0.2968411600470832,0.011825486486094605,1.0398377586323235,3.9837758632323528,3.9837758632323528,26.434402289429425,0.29663598705784444,1.040556978924433,1.0006916658739682
nl300_m50_w50,1078,lmin1of100_lseed415_lN1000_lpnsseed1000,1,0.3192822793662142,0.2943576732754593,0.024924606090754864,1.0846745587210511,8.467455872105113,8.467455872105113,25.99393194484262,0.29663598705784444,1.076343711809834,0.9923194963464064
nl300_m50_w50,1079,lmin1of100_lseed415_lN1000_lpnsseed1000,1,0.26869973985400547,0.2970799051119958,-0.02838016525799031,0.9044695895964714,-9.553041040352861,9.553041040352861,26.476941006405724,0.29663598705784444,0.9058231353487419,1.0014965077519902
nl300_m50_w50,1080,lmin1of100_lseed415_lN1000_lpnsseed1000,1,0.29487011171024996,0.29427915272285815,0.0005909589873918097,1.0020081578389903,0.2008157838990332,0.2008157838990332,25.980065918184984,0.29663598705784444,0.9940469955614315,0.9920547929522566
nl300_m50_w50,1081,lmin1of100_lseed415_lN1000_lpnsseed1000,1,0.2849781019628043,0.2963189837788426,-0.011340881816038262,0.9617274544093924,-3.8272545590607554,3.8272545590607554,26.34148204431779,0.29663598705784444,0.9606996938885678,0.9989313391064044
nl300_m50_w50,1082,lmin1of100_lseed415_lN1000_lpnsseed1000,1,0.2799107778282274,0.2952213519484757,-0.015310574120248333,0.9481386626705766,-5.186133732942344,5.186133732942344,26.14669399388573,0.29663598705784444,0.9436170594286133,0.9952310738713813
nl300_m50_w50,1083,lmin1of100_lseed415_lN1000_lpnsseed1000,1,0.2863368183087139,0.2973750929709487,-0.011038274662234837,0.9628809711265456,-3.711902887345442,3.711902887345442,26.52958377584412,0.29663598705784444,0.9652801103086585,1.0024916259164474
nl300_m50_w50,1084,lmin1of100_lseed415_lN1000_lpnsseed1000,1,0.28212348584116254,0.2934754747481539,-0.01135198890699135,0.9613187816912706,-3.8681218308729393,3.8681218308729393,25.83835628359629,0.29663598705784444,0.9510763971673742,0.989345485889835
nl300_m50_w50,1085,lmin1of100_lseed415_lN1000_lpnsseed1000,1,0.29856469960298315,0.29266061572435764,0.00590408387862551,1.0201738244280407,2.017382442804072,2.017382442804072,25.695070798848036,0.29663598705784444,1.006501950637441,0.9865984859999081
nl300_m50_w50,1086,lmin1of100_lseed415_lN1000_lpnsseed1000,1,0.2707204815997505,0.29444674754436295,-0.023726265944612468,0.9194208591452084,-8.057914085479156,8.057914085479156,26.009666141836146,0.29663598705784444,0.9126353288583277,0.9926197777444495
nl300_m50_w50,1087,lmin1of100_lseed415_lN1000_lpnsseed1000,1,0.29717772816907234,0.29608876958735414,0.0010889585817182024,1.003677811161956,0.36778111619559795,0.36778111619559795,26.30056784272599,0.29663598705784444,1.0018262824972826,0.9981552559555642
nl300_m50_w50,1088,lmin1of100_lseed415_lN1000_lpnsseed1000,1,0.2873700151552119,0.294518295761214,-0.007148280606002144,0.9757289081565318,-2.4271091843468207,2.4271091843468207,26.022307961426982,0.29663598705784444,0.9687631565052636,0.9928609764525386
nl300_m50_w50,1089,lmin1of100_lseed415_lN1000_lpnsseed1000,1,0.27436046190100594,0.2937890605275902,-0.019428598626584248,0.9338688833692645,-6.613111663073545,6.613111663073545,25.893603625705214,0.29663598705784444,0.9249061943637514,0.9904026259305514
nl300_m50_w50,1090,lmin1of100_lseed415_lN1000_lpnsseed1000,1,0.3014758566454701,0.2973309054028459,0.004144951242624206,1.0139405328114424,1.3940532811442363,1.3940532811442363,26.52170019230283,0.29663598705784444,1.0163158544437896,1.002342663652829
nl300_m50_w50,1091,lmin1of100_lseed415_lN1000_lpnsseed1000,1,0.3000260571663406,0.2952549414770296,0.004771115689311045,1.0161593085129863,1.6159308512986303,1.6159308512986303,26.152644139981245,0.29663598705784444,1.011428384472566,0.9953443087114526
nl300_m50_w50,1092,lmin1of100_lseed415_lN1000_lpnsseed1000,1,0.30395761638276797,0.29829520818668936,0.0056624081960786055,1.0189825650586206,1.8982565058620615,1.8982565058620615,26.694009368142105,0.29663598705784444,1.0246822019052455,1.005593458653826
nl300_m50_w50,1093,lmin1of100_lseed415_lN1000_lpnsseed1000,1,0.30418629841541034,0.29719663597646306,0.006989662438947275,1.0235186458823202,2.351864588232022,2.351864588232022,26.49775213071789,0.29663598705784444,1.0254531199415584,1.0018900232712131
nl300_m50_w50,1094,lmin1of100_lseed415_lN1000_lpnsseed1000,1,0.2911428324553809,0.2949697103077269,-0.003826877852345978,0.9870262005941098,-1.2973799405890163,1.2973799405890163,26.102138999707297,0.29663598705784444,0.9814818334857249,0.9943827558933616
nl300_m50_w50,1095,lmin1of100_lseed415_lN1000_lpnsseed1000,1,0.3125536285863821,0.2962119338340187,0.016341694752363356,1.0551689276689318,5.516892766893178,5.516892766893178,26.322452923706724,0.29663598705784444,1.0536605207156935,0.9985704592755867
nl300_m50_w50,1096,lmin1of100_lseed415_lN1000_lpnsseed1000,1,0.3069414391707018,0.29694672836154873,0.009994710809153096,1.0336582620872792,3.365826208727918,3.365826208727918,26.45320784538822,0.29663598705784444,1.0347410717596035,1.0010475509286192
nl300_m50_w50,1097,lmin1of100_lseed415_lN1000_lpnsseed1000,1,0.3164786900512518,0.2945875396870828,0.021891150364169,1.0743111890863486,7.4311189086348595,7.4311189086348595,26.03454556166657,0.29663598705784444,1.0668924333497607,0.9930944070843225
nl300_m50_w50,1098,lmin1of100_lseed415_lN1000_lpnsseed1000,1,0.3008398949869332,0.2941378036169052,0.006702091370027974,1.0227855491120652,2.2785549112065207,2.2785549112065207,25.95511425497313,0.29663598705784444,1.0141719417484871,0.9915782860140565
nl300_m50_w50,1099,lmin1of100_lseed415_lN1000_lpnsseed1000,1,0.3101637717428491,0.29689720606639103,0.013266565676458064,1.0446840367823853,4.468403678238531,4.468403678238531,26.44438529100872,0.29663598705784444,1.0456039903289507,1.0008806045791594
nl300_m50_w50,1100,lmin1of100_lseed415_lN1000_lpnsseed1000,1,0.3005922071941421,0.295755316643778,0.00483689055036407,1.0163543655115077,1.6354365511507707,1.6354365511507707,26.241362196918416,0.29663598705784444,1.013336952726259,0.9970311410196677
nl300_m50_w50,1101,lmin1of100_lseed415_lN1000_lpnsseed1000,1,0.30503994147024904,0.2957836088757229,0.009256332594526129,1.031294271611972,3.1294271611971958,3.1294271611971958,26.246382983863985,0.29663598705784444,1.028330866041435,0.9971265179569891
nl300_m50_w50,1102,lmin1of100_lseed415_lN1000_lpnsseed1000,1,0.2997387678975571,0.2945097543401875,0.0052290135573695995,1.0177549757870823,1.7754975787082294,1.7754975787082294,26.02079862045528,0.29663598705784444,1.0104598935229918,0.9928321821679635
nl300_m50_w50,1103,lmin1of100_lseed415_lN1000_lpnsseed1000,1,0.2986803385888653,0.2976981586754169,0.0009821799134484,1.0032992475258111,0.3299247525811122,0.3299247525811122,26.58725810362011,0.29663598705784444,1.0068917852863961,1.003580724065571
nl300_m50_w50,1104,lmin1of100_lseed415_lN1000_lpnsseed1000,1,0.29793494054857095,0.29474272777027466,0.0031922127782962884,1.010830505649606,1.0830505649606081,1.0830505649606081,26.061982672038667,0.29663598705784444,1.0043789477588678,0.9936175670850058
nl300_m50_w50,1105,lmin1of100_lseed415_lN1000_lpnsseed1000,1,0.31475476600883573,0.2961376146365608,0.01861715137227493,1.0628665541022984,6.2866554102298355,6.2866554102298355,26.30924604078966,0.29663598705784444,1.0610808524302822,0.9983199192173994
nl300_m50_w50,1106,lmin1of100_lseed415_lN1000_lpnsseed1000,1,0.29496432936055456,0.29531008245170226,-0.0003457530911477047,0.9988291862970705,-0.11708137029294852,0.11708137029294852,26.16241343928936,0.29663598705784444,0.9943646159932581,0.9955301963888703
nl300_m50_w50,1107,lmin1of100_lseed415_lN1000_lpnsseed1000,1,0.2818723841552486,0.29625442480961955,-0.014382040654370931,0.9514537524169869,-4.854624758301307,4.854624758301307,26.33000526578356,0.29663598705784444,0.9502298994500729,0.998713702096602
nl300_m50_w50,1108,lmin1of100_lseed415_lN1000_lpnsseed1000,1,0.3049079637979685,0.29476694125253305,0.010141022545435419,1.0344035274184542,3.4403527418454205,3.4403527418454205,26.066264896612278,0.29663598705784444,1.0278859514726073,0.9936991940059284
nl300_m50_w50,1109,lmin1of100_lseed415_lN1000_lpnsseed1000,1,0.2981508469703911,0.29354342808346473,0.0046074188869263955,1.0156958679572834,1.5695867957283394,1.5695867957283394,25.85032325129767,0.29663598705784444,1.0051067974845926,0.9895745657664367
nl300_m50_w50,1110,lmin1of100_lseed415_lN1000_lpnsseed1000,1,0.29004450973941126,0.29537390939442826,-0.0053293996550169975,0.9819571076336997,-1.80428923663003,1.80428923663003,26.173723905284376,0.29663598705784444,0.9777792391819681,0.9957453656384244
nl300_m50_w50,1111,lmin1of100_lseed415_lN1000_lpnsseed1000,1,0.30797984133929346,0.29555750213978477,0.012422339199508692,1.0420301941570527,4.203019415705267,4.203019415705267,26.206271121332662,0.29663598705784444,1.0382416658004376,0.9963642815938938
nl300_m50_w50,1112,lmin1of100_lseed415_lN1000_lpnsseed1000,1,0.30174088360216506,0.29374769638854903,0.007993187213616026,1.027211063480284,2.7211063480284015,2.7211063480284015,25.886312740073752,0.29663598705784444,1.0172092961307664,0.9902631818278603
nl300_m50_w50,1113,lmin1of100_lseed415_lN1000_lpnsseed1000,1,0.3019272172205401,0.296266994518686,0.005660222701854123,1.0191051409930076,1.910514099300764,1.910514099300764,26.332239612340533,0.29663598705784444,1.017837451939585,0.9987560762845457
nl300_m50_w50,1114,lmin1of100_lseed415_lN1000_lpnsseed1000,1,0.2833615545659316,0.29784899293279743,-0.014487438366865835,0.9513597873062657,-4.864021269373431,4.864021269373431,26.61420677732448,0.29663598705784444,0.9552500941521829,1.0040892067310647
nl300_m50_w50,1115,lmin1of100_lseed415_lN1000_lpnsseed1000,1,0.2983482652449151,0.296494681415761,0.0018535838291540707,1.006251659626079,0.6251659626079098,0.6251659626079098,26.37272883235009,0.29663598705784444,1.0057723211672789,0.9995236395843776
nl300_m50_w50,1116,lmin1of100_lseed415_lN1000_lpnsseed1000,1,0.3082741601613372,0.2970835831772981,0.01119057698403908,1.037668109642264,3.766810964226397,3.766810964226397,26.47759661803878,0.29663598705784444,1.0392338543240314,1.0015089070071812
nl300_m50_w50,1117,lmin1of100_lseed415_lN1000_lpnsseed1000,1,0.2808743882381954,0.29636306487238145,-0.015488676634186072,0.9477374933989978,-5.226250660100218,5.226250660100218,26.34931986616541,0.29663598705784444,0.9468655203437083,0.9990799424298786
nl300_m50_w50,1118,lmin1of100_lseed415_lN1000_lpnsseed1000,1,0.2889590866138593,0.2959397243945996,-0.0069806377807403175,0.9764119609321779,-2.358803906782214,2.358803906782214,26.27409614242547,0.29663598705784444,0.9741201311407703,0.9976528044687003
nl300_m50_w50,1119,lmin1of100_lseed415_lN1000_lpnsseed1000,1,0.2907492462509485,0.2969259879654108,-0.006176741714462308,0.9791977059442104,-2.0802294055789594,2.0802294055789594,26.449512698770587,0.29663598705784444,0.9801550012010242,1.0009776322503643
nl300_m50_w50,1120,lmin1of100_lseed415_lN1000_lpnsseed1000,1,0.3020657535454538,0.2962084799196532,0.005857273625800574,1.0197741591577303,1.9774159157730287,1.9774159157730287,26.321839072893486,0.29663598705784444,1.0183044766127805,0.9985588156634958
nl300_m50_w50,1121,lmin1of100_lseed415_lN1000_lpnsseed1000,1,0.2820147813444572,0.29575273093076004,-0.013737949586302867,0.9535492046241861,-4.6450795375813865,4.6450795375813865,26.240903355900766,0.29663598705784444,0.9507099396185665,0.9970224242316488
nl300_m50_w50,1122,lmin1of100_lseed415_lN1000_lpnsseed1000,1,0.28127159917072325,0.2925760164508626,-0.011304417280139367,0.9613624608836046,-3.8637539116395447,3.8637539116395447,25.680217620676633,0.29663598705784444,0.9482045720766674,0.9863132904161418
nl300_m50_w50,1123,lmin1of100_lseed415_lN1000_lpnsseed1000,1,0.28963506849748377,0.29195817619243497,-0.0023231076949511986,0.9920430120325865,-0.7956987967413509,0.7956987967413509,25.571872993683872,0.29663598705784444,0.9763989574232088,0.9842304674095483
nl300_m50_w50,1124,lmin1of100_lseed415_lN1000_lpnsseed1000,1,0.2799880944848828,0.29658497250298904,-0.01659687801810622,0.9440400574646817,-5.595994253531833,5.595994253531833,26.388793774379625,0.29663598705784444,0.9438777043268346,0.9998280230414341
nl300_m50_w50,1125,lmin1of100_lseed415_lN1000_lpnsseed1000,1,0.3047533516755598,0.2964084615133654,0.008344890162194363,1.0281533466338582,2.8153346633858156,2.8153346633858156,26.35739281701607,0.29663598705784444,1.02736473311356,0.9992329806415745
nl300_m50_w50,1126,lmin1of100_lseed415_lN1000_lpnsseed1000,1,0.3079484965105315,0.29389887594693953,0.014049620563591991,1.0478042677717778,4.780426777177782,4.780426777177782,25.91296478486236,0.29663598705784444,1.0381359981467155,0.9907728285497229
nl300_m50_w50,1127,lmin1of100_lseed415_lN1000_lpnsseed1000,1,0.28534912951791946,0.2971161608273102,-0.011767031309390719,0.9603958556928516,-3.9604144307148426,3.9604144307148426,26.483403907428013,0.29663598705784444,0.9619504779178258,1.0016187306679418
nl300_m50_w50,1128,lmin1of100_lseed415_lN1000_lpnsseed1000,1,0.31747302833384405,0.29837147713793855,0.01910155119590551,1.0640193606276742,6.4019360627674216,6.4019360627674216,26.70766151084261,0.29663598705784444,1.0702444820760617,1.005850571595535
nl300_m50_w50,1129,lmin1of100_lseed415_lN1000_lpnsseed1000,1,0.3202667077328351,0.296856164947496,0.023410542785339106,1.0788615684955698,7.88615684955698,7.88615684955698,26.437074800200485,0.29663598705784444,1.0796623528701614,1.000742249421034
nl300_m50_w50,1130,lmin1of100_lseed415_lN1000_lpnsseed1000,1,0.3034254769979209,0.2951944962180304,0.008230980779890484,1.0278832460812923,2.7883246081292334,2.7883246081292334,26.141937179225025,0.29663598705784444,1.0228882881251777,0.995140539574745
nl300_m50_w50,1131,lmin1of100_lseed415_lN1000_lpnsseed1000,1,0.3114996151440759,0.2922931027217145,0.019206512422361433,1.0657097695550055,6.5709769555005515,6.5709769555005515,25.630577369606026,0.29663598705784444,1.0501072989614475,0.9853595500019926
nl300_m50_w50,1132,lmin1of100_lseed415_lN1000_lpnsseed1000,1,0.3090120758071095,0.2940885857260309,0.014923490081078572,1.0507448803027708,5.07448803027708,5.07448803027708,25.94642887630111,0.29663598705784444,1.041721467688449,0.9914123658525734
nl300_m50_w50,1133,lmin1of100_lseed415_lN1000_lpnsseed1000,1,0.2884353887176651,0.29711592722961633,-0.008680538511951219,0.9707840014068221,-2.9215998593177916,2.9215998593177916,26.483362264054396,0.29663598705784444,0.9723546747597411,1.0016179431785472
nl300_m50_w50,1134,lmin1of100_lseed415_lN1000_lpnsseed1000,1,0.2777471022326228,0.2929203858361372,-0.015173283603514442,0.9481999739956558,-5.180002600434419,5.180002600434419,25.74070573151745,0.29663598705784444,0.9363230165949544,0.9874742061522607
nl300_m50_w50,1135,lmin1of100_lseed415_lN1000_lpnsseed1000,1,0.28082028987932617,0.29402440001484426,-0.013204110135518088,0.9550917878419224,-4.490821215807761,4.490821215807761,25.93510434122674,0.29663598705784444,0.946683147465064,0.9911959871460542
nl300_m50_w50,1136,lmin1of100_lseed415_lN1000_lpnsseed1000,1,0.30099863791430265,0.29618978232116927,0.0048088555931333765,1.0162357241206887,1.6235724120688744,1.6235724120688744,26.31851614543849,0.29663598705784444,1.0147070856092977,0.9984957835321978
nl300_m50_w50,1137,lmin1of100_lseed415_lN1000_lpnsseed1000,1,0.3166987448523872,0.2955541597189803,0.02114458513340689,1.0715421672748968,7.154216727489682,7.154216727489682,26.205678398157758,0.29663598705784444,1.0676342678227726,0.9963530138416645
nl300_m50_w50,1138,lmin1of100_lseed415_lN1000_lpnsseed1000,1,0.3110464771685371,0.29510072856434033,0.015945748604196786,1.0540349347213493,5.403493472134935,5.403493472134935,26.125331999761336,0.29663598705784444,1.0485797096084724,0.994824436142319
nl300_m50_w50,1139,lmin1of100_lseed415_lN1000_lpnsseed1000,1,0.29355377656408366,0.2935316878732134,2.208869087028109e-05,1.0000752514695443,0.007525146954434625,0.007525146954434625,25.84825553570927,0.29663598705784444,0.9896094518931051,0.9895349879310977
nl300_m50_w50,1140,lmin1of100_lseed415_lN1000_lpnsseed1000,1,0.31139640519209466,0.29664554950502603,0.014750855687068631,1.0497255249966888,4.972552499668881,4.972552499668881,26.39957461234166,0.29663598705784444,1.049759364265442,1.000032236301726
nl300_m50_w50,1141,lmin1of100_lseed415_lN1000_lpnsseed1000,1,0.30801217759822225,0.297767676313319,0.010244501284903229,1.0344043430493903,3.440434304939033,3.440434304939033,26.599676717110057,0.29663598705784444,1.038350675699235,1.0038150774176091
nl300_m50_w50,1142,lmin1of100_lseed415_lN1000_lpnsseed1000,1,0.26908776505204285,0.29543469138139183,-0.026346926329348985,0.9108197950411436,-8.918020495885637,8.918020495885637,26.18449706148547,0.29663598705784444,0.907131220729366,0.9959502699306058
nl300_m50_w50,1143,lmin1of100_lseed415_lN1000_lpnsseed1000,1,0.28559510773410557,0.2965394360600624,-0.01094432832595682,0.9630931775167331,-3.6906822483266932,3.6906822483266932,26.380691141645947,0.29663598705784444,0.962779703726285,0.9996745135384966
nl300_m50_w50,1144,lmin1of100_lseed415_lN1000_lpnsseed1000,1,0.29434572339067205,0.2940031321706814,0.00034259121999064,1.001165263844168,0.11652638441679297,0.11652638441679297,25.931352517851348,0.29663598705784444,0.9922792116698714,0.9911242903692274
nl300_m50_w50,1145,lmin1of100_lseed415_lN1000_lpnsseed1000,1,0.2979513113231207,0.29587617717859976,0.0020751341445209293,1.007013522225104,0.7013522225103985,0.7013522225103985,26.26281366654665,0.29663598705784444,1.0044341358522348,0.9974385782157426
nl300_m50_w50,1146,lmin1of100_lseed415_lN1000_lpnsseed1000,1,0.31584341270496935,0.29689644847476365,0.0189469642302057,1.0638167425967582,6.381674259675818,6.381674259675818,26.4442503350784,0.29663598705784444,1.0647508275635464,1.0008780506354018
nl300_m50_w50,1147,lmin1of100_lseed415_lN1000_lpnsseed1000,1,0.3052029494325331,0.29510231359472594,0.010100635837807181,1.0342275725146592,3.4227572514659244,3.4227572514659244,26.125612646687994,0.29663598705784444,1.0288803879113229,0.9948297794939511
nl300_m50_w50,1148,lmin1of100_lseed415_lN1000_lpnsseed1000,1,0.29484931311130835,0.29515470791206144,-0.00030539480075308933,0.998965306015569,-0.10346939844310121,0.10346939844310121,26.134890480796294,0.29663598705784444,0.9939768806736599,0.9950064078182997
nl300_m50_w50,1149,lmin1of100_lseed415_lN1000_lpnsseed1000,1,0.2754358191949942,0.2953471759204819,-0.01991135672548766,0.9325832161305361,-6.7416783869463925,6.7416783869463925,26.16898629726122,0.29663598705784444,0.9285313691264433,0.9956552434849678
nl300_m50_w50,1150,lmin1of100_lseed415_lN1000_lpnsseed1000,1,0.2854734872884303,0.2921596491231823,-0.0066861618347520135,0.9771146978892593,-2.288530211074069,2.288530211074069,25.607178172734304,0.29663598705784444,0.962369704768028,0.9849096598863131
nl300_m50_w50,1151,lmin1of100_lseed415_lN1000_lpnsseed1000,1,0.2805992006695825,0.29648938677616193,-0.01589018610657944,0.9464055483423562,-5.359445165764376,5.359445165764376,26.371786941271367,0.29663598705784444,0.9459378258608429,0.9995057906387672
nl300_m50_w50,1152,lmin1of100_lseed415_lN1000_lpnsseed1000,1,0.2834635617652503,0.29620800088929644,-0.012744439124046159,0.9569746965450497,-4.302530345495025,4.302530345495025,26.32175393725003,0.29663598705784444,0.9555939742064218,0.9985572007874266
nl300_m50_w50,1153,lmin1of100_lseed415_lN1000_lpnsseed1000,1,0.2651382018684838,0.2955776834581243,-0.030439481589640494,0.8970169830363631,-10.298301696363687,10.298301696363687,26.209850087541337,0.29663598705784444,0.8938167094904148,0.9964323155453362
nl300_m50_w50,1154,lmin1of100_lseed415_lN1000_lpnsseed1000,1,0.3006579254415075,0.2940584048699857,0.0065995205715218,1.0224428904674217,2.244289046742165,2.244289046742165,25.941103642404123,0.29663598705784444,1.013558497819345,0.9913106221081797
nl300_m50_w50,1155,lmin1of100_lseed415_lN1000_lpnsseed1000,1,0.33032359457786403,0.29931579505553374,0.031007799522330293,1.1035956004813485,10.359560048134853,10.359560048134853,26.876983550917878,0.29663598705784444,1.1135654775206032,1.009033994911638
nl300_m50_w50,1156,lmin1of100_lseed415_lN1000_lpnsseed1000,1,0.3012980591608271,0.2951185703105083,0.006179488850318771,1.0209390037496353,2.093900374963531,2.093900374963531,26.128491162635527,0.29663598705784444,1.0157164750953618,0.9948845830797993
nl300_m50_w50,1157,lmin1of100_lseed415_lN1000_lpnsseed1000,1,0.27827863535620007,0.2979819015958747,-0.01970326623967461,0.93387764111125,-6.612235888874995,6.612235888874995,26.637964103608063,0.29663598705784444,0.9381148865863511,1.0045372597956828
nl300_m50_w50,1158,lmin1of100_lseed415_lN1000_lpnsseed1000,1,0.29492944191177783,0.2951338146523788,-0.00020437274060097765,0.999307525161623,-0.06924748383769774,0.06924748383769774,26.131190565379402,0.29663598705784444,0.9942470056887136,0.9949359738163776
nl300_m50_w50,1159,lmin1of100_lseed415_lN1000_lpnsseed1000,1,0.3067843360432155,0.2959270287181633,0.01085730732505219,1.0366891370892402,3.6689137089240154,3.6689137089240154,26.271841897788192,0.29663598705784444,1.0342114558858029,0.9976100056277295
nl300_m50_w50,1160,lmin1of100_lseed415_lN1000_lpnsseed1000,1,0.2898049533691932,0.2914125258292166,-0.0016075724600234098,0.9944835162611866,-0.5516483738813416,0.5516483738813416,25.47637806304915,0.29663598705784444,0.9769716622841207,0.9823910062955065
nl300_m50_w50,1161,lmin1of100_lseed415_lN1000_lpnsseed1000,1,0.30164361896463704,0.29287627577337516,0.008767343191261878,1.029935313702384,2.993531370238389,2.993531370238389,25.73295387326463,0.29663598705784444,1.0168814038932374,0.9873255051696201
nl300_m50_w50,1162,lmin1of100_lseed415_lN1000_lpnsseed1000,1,0.29546554552123566,0.2965648911042459,-0.001099345583010225,0.9962930690179918,-0.37069309820082497,0.37069309820082497,26.385220390701967,0.29663598705784444,0.9960542834056727,0.9997603259324545
nl300_m50_w50,1163,lmin1of100_lseed415_lN1000_lpnsseed1000,1,0.3062940104707966,0.2972006107046845,0.009093399766112065,1.0305968407822277,3.0596840782227686,3.0596840782227686,26.498460900971228,0.29663598705784444,1.032558502118183,1.0019034226171957
nl300_m50_w50,1164,lmin1of100_lseed415_lN1000_lpnsseed1000,1,0.29242099344206324,0.29138268815978174,0.001038305282281493,1.003563373269836,0.3563373269835912,0.3563373269835912,25.471161287766183,0.29663598705784444,0.9857906869035439,0.9822904194795546
nl300_m50_w50,1165,lmin1of100_lseed415_lN1000_lpnsseed1000,1,0.27831542295095457,0.2975788654786508,-0.01926344252769624,0.935266093253258,-6.473390674674196,6.473390674674196,26.565954353868285,0.29663598705784444,0.938238902539774,1.0031785705778933
nl300_m50_w50,1166,lmin1of100_lseed415_lN1000_lpnsseed1000,1,0.2962584185228019,0.29606910767611394,0.00018931084668794007,1.000639414385965,0.06394143859649315,0.06394143859649315,26.297074956039108,0.29663598705784444,0.9987271654434533,0.9980889729956468
nl300_m50_w50,1167,lmin1of100_lseed415_lN1000_lpnsseed1000,1,0.27645439602198674,0.2928071019034239,-0.01635270588143717,0.9441519492692129,-5.584805073078714,5.584805073078714,25.720799677524617,0.29663598705784444,0.9319651292615341,0.9870923107058015
nl300_m50_w50,1168,lmin1of100_lseed415_lN1000_lpnsseed1000,1,0.27260519000652794,0.29529013355030287,-0.022684943543774927,0.9231774415520371,-7.682255844796293,7.682255844796293,26.15887889164671,0.29663598705784444,0.918988935598598,0.9954629459463422
nl300_m50_w50,1169,lmin1of100_lseed415_lN1000_lpnsseed1000,1,0.3149010277822062,0.2945159888696588,0.020385038912547393,1.0692153895983183,6.92153895983183,6.92153895983183,26.021900309961897,0.29663598705784444,1.0615739206342487,0.9928531996093507
nl300_m50_w50,1170,lmin1of100_lseed415_lN1000_lpnsseed1000,1,0.3103774974929211,0.2976382502399229,0.012739247252998187,1.042801109208004,4.280110920800406,4.280110920800406,26.576558401764892,0.29663598705784444,1.0463244887155145,1.0033787646334462
nl300_m50_w50,1171,lmin1of100_lseed415_lN1000_lpnsseed1000,1,0.29113832639804743,0.29609914282345506,-0.004960816425407633,0.9832460966347158,-1.675390336528415,1.675390336528415,26.30241071423545,0.29663598705784444,0.9814666429575014,0.998190225536308
nl300_m50_w50,1172,lmin1of100_lseed415_lN1000_lpnsseed1000,1,0.28607097890993655,0.2957934639616414,-0.009722485051704866,0.967130832028913,-3.2869167971086966,3.2869167971086966,26.248131996728056,0.29663598705784444,0.9643839297696281,0.9971597407834447
nl300_m50_w50,1173,lmin1of100_lseed415_lN1000_lpnsseed1000,1,0.2926565831965945,0.2954915383245595,-0.002834955127965,0.990405968495615,-0.9594031504384981,0.9594031504384981,26.194574766424385,0.29663598705784444,0.9865848918038593,0.9961419086583659
nl300_m50_w50,1174,lmin1of100_lseed415_lN1000_lpnsseed1000,1,0.2976832702480207,0.29434357635387526,0.003339693894145457,1.0113462435141791,1.1346243514179122,1.1346243514179122,25.99144228223688,0.29663598705784444,1.0035305331647844,0.9922719737186771
nl300_m50_w50,1175,lmin1of100_lseed415_lN1000_lpnsseed1000,1,0.2841120491724658,0.2963615029203293,-0.012249453747863515,0.9586671898098839,-4.133281019011614,4.133281019011614,26.349042123958906,0.29663598705784444,0.9577801128932598,0.9990746768784274
nl300_m50_w50,1176,lmin1of100_lseed415_lN1000_lpnsseed1000,1,0.2982228868637267,0.2962171988920772,0.002005687971649517,1.0067710044492733,0.6771004449273255,0.6771004449273255,26.32338867584053,0.29663598705784444,1.0053496537005566,0.998588208497826
nl300_m50_w50,1177,lmin1of100_lseed415_lN1000_lpnsseed1000,1,0.2925121177350444,0.29846217470030534,-0.005950056965260964,0.9800642846242221,-1.9935715375777874,1.9935715375777874,26.723900918050678,0.29663598705784444,0.9860978792097942,1.0061563253352157
nl300_m50_w50,1178,lmin1of100_lseed415_lN1000_lpnsseed1000,1,0.304586097269896,0.2949079819584245,0.009678115311471502,1.0328174071356127,3.2817407135612653,3.2817407135612653,26.09121534683713,0.29663598705784444,1.0268008959091712,0.994174661285844
nl300_m50_w50,1179,lmin1of100_lseed415_lN1000_lpnsseed1000,1,0.30391608735527414,0.29444577843761965,0.00947030891765449,1.0321631675886325,3.216316758863247,3.216316758863247,26.009494931920738,0.29663598705784444,1.0245422019412973,0.992616510754652
nl300_m50_w50,1180,lmin1of100_lseed415_lN1000_lpnsseed1000,1,0.2922127152354355,0.29410017991485976,-0.0018874646794242445,0.9935822389501066,-0.6417761049893445,0.6417761049893445,25.948474747785866,0.29663598705784444,0.9850885529221161,0.9914514514299636
nl300_m50_w50,1181,lmin1of100_lseed415_lN1000_lpnsseed1000,1,0.32012802147578556,0.2936919111787454,0.026436110297040183,1.0900130691067986,9.001306910679862,9.001306910679862,25.876481607547223,0.29663598705784444,1.0791948227554742,0.9900751223467537
nl300_m50_w50,1182,lmin1of100_lseed415_lN1000_lpnsseed1000,1,0.2875363911313751,0.29529128114838343,-0.0077548900170083535,0.9737381679985616,-2.626183200143839,2.626183200143839,26.159082216676087,0.29663598705784444,0.9693240324050941,0.9954668146545591
nl300_m50_w50,1183,lmin1of100_lseed415_lN1000_lpnsseed1000,1,0.29508341049442305,0.29617071121910293,-0.001087300724679885,0.9963288040191269,-0.36711959808730654,0.36711959808730654,26.315127055208784,0.29663598705784444,0.9947660545882498,0.998431492269848
nl300_m50_w50,1184,lmin1of100_lseed415_lN1000_lpnsseed1000,1,0.29526569725135265,0.29391514840393174,0.0013505488474209182,1.0045950297381911,0.45950297381911476,0.45950297381911476,25.91583433839157,0.29663598705784444,0.9953805678802398,0.9908276852013167
nl300_m50_w50,1185,lmin1of100_lseed415_lN1000_lpnsseed1000,1,0.2903986385367521,0.2946041607746531,-0.004205522237901049,0.9857248376029627,-1.42751623970373,1.42751623970373,26.037483463721294,0.29663598705784444,0.978973055215057,0.9931504390167094
nl300_m50_w50,1186,lmin1of100_lseed415_lN1000_lpnsseed1000,1,0.3111469322047435,0.2936993634170636,0.01744756878767989,1.0594062192872502,5.940621928725021,5.940621928725021,25.87779482147652,0.29663598705784444,1.0489183571110992,0.990100244849226
nl300_m50_w50,1187,lmin1of100_lseed415_lN1000_lpnsseed1000,1,0.2981039660483603,0.2954676215533126,0.0026363444950477377,1.0089226172437715,0.8922617243771525,0.8922617243771525,26.190334615911468,0.29663598705784444,1.0049487555609011,0.9960612819903607
nl300_m50_w50,1188,lmin1of100_lseed415_lN1000_lpnsseed1000,1,0.3104238408871113,0.2916146969833898,0.01880914390372146,1.0644999861059568,6.449998610595675,6.449998610595675,25.511739449014282,0.29663598705784444,1.0464807185602136,0.9830725525777981
nl300_m50_w50,1189,lmin1of100_lseed415_lN1000_lpnsseed1000,1,0.2926324598723653,0.29356482237328124,-0.0009323625009159398,0.9968239978707993,-0.3176002129200661,0.3176002129200661,25.854091480516846,0.29663598705784444,0.9865035688178372,0.9896466888086498
nl300_m50_w50,1190,lmin1of100_lseed415_lN1000_lpnsseed1000,1,0.2755294850638577,0.29418946882640995,-0.018659983762552235,0.9365715440563144,-6.342845594368562,6.342845594368562,25.964233070509565,0.29663598705784444,0.9288471294284637,0.9917524564173752
nl300_m50_w50,1191,lmin1of100_lseed415_lN1000_lpnsseed1000,1,0.32350766808200526,0.2970751830394248,0.026432485042580445,1.0889757426794975,8.897574267949748,8.897574267949748,26.476099313372327,0.29663598705784444,1.0905880681932256,1.0014805890072087
nl300_m50_w50,1192,lmin1of100_lseed415_lN1000_lpnsseed1000,1,0.2968794977223041,0.2946830075269507,0.0021964901953533955,1.0074537388965412,0.7453738896541218,0.7453738896541218,26.05142247753866,0.29663598705784444,1.0008209073581222,0.9934162420741186
nl300_m50_w50,1193,lmin1of100_lseed415_lN1000_lpnsseed1000,1,0.3073390224123047,0.29818649151042953,0.009152530901875178,1.0306939823313728,3.069398233137277,3.069398233137277,26.674555115789836,0.29663598705784444,1.0360813785967686,1.0052269600460944
nl300_m50_w50,1194,lmin1of100_lseed415_lN1000_lpnsseed1000,1,0.29237020414168063,0.2967387635448586,-0.004368559403177985,0.9852780966295374,-1.4721903370462641,1.4721903370462641,26.416168137039453,0.29663598705784444,0.985619469308247,1.0003464734270227
nl300_m50_w50,1195,lmin1of100_lseed415_lN1000_lpnsseed1000,1,0.28358180593160653,0.29441256814786493,-0.010830762216258394,0.9632122966611304,-3.6787703338869604,3.6787703338869604,26.003628085026364,0.29663598705784444,0.9559925912708214,0.9925045543798233
nl300_m50_w50,1196,lmin1of100_lseed415_lN1000_lpnsseed1000,1,0.28599290699292096,0.2935204512418493,-0.0075275442489283195,0.9743542767903218,-2.5645723209678173,2.5645723209678173,25.846276589165647,0.29663598705784444,0.9641207387866663,0.989497107728242
nl300_m50_w50,1197,lmin1of100_lseed415_lN1000_lpnsseed1000,1,0.2800461180353257,0.29187989087682575,-0.011833772841500056,0.959456703899845,-4.054329610015495,4.054329610015495,25.558161209480314,0.29663598705784444,0.9440733095567272,0.9839665570310886
nl300_m50_w50,1198,lmin1of100_lseed415_lN1000_lpnsseed1000,1,0.3079147865157826,0.29771638174387355,0.010198404771909031,1.034255437044384,3.425543704438394,3.425543704438394,26.590513187599157,0.29663598705784444,1.0380223571988207,1.0036421564920188
nl300_m50_w50,1199,lmin1of100_lseed415_lN1000_lpnsseed1000,1,0.26160062298414904,0.2954504063456817,-0.03384978336153266,0.8854298974226901,-11.457010257730992,11.457010257730992,26.187282782948536,0.29663598705784444,0.8818910530000412,0.9960032471989599
nl300_m50_w50,1200,lmin1of100_lseed415_lN1000_lpnsseed1000,1,0.2654538018656912,0.2955282890546116,-0.030074487188920418,0.8982348279241624,-10.176517207583757,10.176517207583757,26.20109088946382,0.29663598705784444,0.8948806397314406,0.9962658003358951
nl300_m50_w50,1201,lmin1of100_lseed415_lN1000_lpnsseed1000,1,0.27860698928279926,0.2962606416239241,-0.01765365234112487,0.9404117528256265,-5.95882471743735,5.95882471743735,26.331110332625762,0.29663598705784444,0.9392218120469331,0.9987346598177681
nl300_m50_w50,1202,lmin1of100_lseed415_lN1000_lpnsseed1000,1,0.3270530383970733,0.29488292595422205,0.03217011244285123,1.1090945240005023,10.909452400050235,10.909452400050235,26.086782005796962,0.29663598705784444,1.1025399906495414,0.9940901941095888
nl300_m50_w50,1203,lmin1of100_lseed415_lN1000_lpnsseed1000,1,0.3049945042244507,0.2933051122735094,0.011689391950941264,1.039854034115985,3.985403411598498,3.985403411598498,25.808366665732784,0.29663598705784444,1.0281776909454223,0.9887711709648853
nl300_m50_w50,1204,lmin1of100_lseed415_lN1000_lpnsseed1000,1,0.28380281159207654,0.2934866402796169,-0.009683828687540363,0.9670041924964142,-3.2995807503585772,3.2995807503585772,25.840322406785173,0.29663598705784444,0.95673763121915,0.9893831264053157
nl300_m50_w50,1205,lmin1of100_lseed415_lN1000_lpnsseed1000,1,0.29678398889573204,0.2972659801820847,-0.00048199128635267874,0.9983785857834877,-0.16214142165122958,0.16214142165122958,26.510118892084677,0.29663598705784444,1.0004989341966075,1.002123791959596
nl300_m50_w50,1206,lmin1of100_lseed415_lN1000_lpnsseed1000,1,0.3005501867752028,0.2953338758311301,0.005216310944072711,1.0176624199624678,1.7662419962467757,1.7662419962467757,26.16662946403121,0.29663598705784444,1.013195296215341,0.995610407086378
nl300_m50_w50,1207,lmin1of100_lseed415_lN1000_lpnsseed1000,1,0.29599543878753476,0.2957021422064878,0.00029329658104698675,1.0009918649180505,0.0991864918050478,0.0991864918050478,26.23192707165178,0.29663598705784444,0.997840625216573,0.9968518828055256
nl300_m50_w50,1208,lmin1of100_lseed415_lN1000_lpnsseed1000,1,0.29939111838899674,0.2922129260141092,0.007178192374887538,1.0245649378786925,2.4564937878692517,2.4564937878692517,25.61651823891818,0.29663598705784444,1.0092879200479983,0.9850892634855098
nl300_m50_w50,1209,lmin1of100_lseed415_lN1000_lpnsseed1000,1,0.2922033069365893,0.2957793189247701,-0.003576011988180805,0.9879098646883748,-1.2090135311625172,1.2090135311625172,26.245621651080256,0.29663598705784444,0.9850568362752603,0.9971120559525798
nl300_m50_w50,1210,lmin1of100_lseed415_lN1000_lpnsseed1000,1,0.29043248912026204,0.29819438132620324,-0.007761892205941201,0.973970360637177,-2.6029639362822987,2.6029639362822987,26.675966716355134,0.29663598705784444,0.9790871701066644,1.0052535576813035
nl300_m50_w50,1211,lmin1of100_lseed415_lN1000_lpnsseed1000,1,0.2808096767465307,0.29456052054903104,-0.013750843802500357,0.9533174242873071,-4.668257571269285,4.668257571269285,26.029770079834837,0.29663598705784444,0.946647369160143,0.9930033219185618
nl300_m50_w50,1212,lmin1of100_lseed415_lN1000_lpnsseed1000,1,0.30733579667627864,0.29518568639333875,0.012150110282939885,1.041160905975467,4.1160905975466955,4.1160905975466955,26.14037683545196,0.29663598705784444,1.0360705042046963,0.9951108404651426
nl300_m50_w50,1213,lmin1of100_lseed415_lN1000_lpnsseed1000,1,0.2961284862096769,0.2971929493991159,-0.00106446318943898,0.9964182757646466,-0.3581724235353412,0.3581724235353412,26.49709475176364,0.29663598705784444,0.9982891460567508,1.0018775953207688
nl300_m50_w50,1214,lmin1of100_lseed415_lN1000_lpnsseed1000,1,0.29804562262626483,0.2937905109963984,0.004255111629866415,1.0144834889848384,1.4483488984838422,1.4483488984838422,25.893859305457465,0.29663598705784444,1.0047520720004397,0.9904075156569214
nl300_m50_w50,1215,lmin1of100_lseed415_lN1000_lpnsseed1000,1,0.279380586411096,0.29396725401457413,-0.014586667603478154,0.950379957616793,-4.962004238320706,4.962004238320706,25.92502392986075,0.29663598705784444,0.941829712510965,0.9910033402563867
nl300_m50_w50,1216,lmin1of100_lseed415_lN1000_lpnsseed1000,1,0.32627918252755517,0.29499484959473504,0.031284332932820125,1.1060504377476374,10.605043774763745,10.605043774763745,26.106588386226104,0.29663598705784444,1.0999312179338856,0.9944675038272097
nl300_m50_w50,1217,lmin1of100_lseed415_lN1000_lpnsseed1000,1,0.29516883554810924,0.29548535321232133,-0.0003165176642120904,0.9989288211386077,-0.10711788613922968,0.10711788613922968,26.193478188903086,0.29663598705784444,0.995054033988637,0.99612105780915
nl300_m50_w50,1218,lmin1of100_lseed415_lN1000_lpnsseed1000,1,0.3073745267051515,0.2948446171969677,0.012529909508183779,1.042496653414613,4.249665341461295,4.249665341461295,26.080004487007926,0.29663598705784444,1.036201068366034,0.9939610501118078
nl300_m50_w50,1219,lmin1of100_lseed415_lN1000_lpnsseed1000,1,0.28749550583790884,0.2981556941594245,-0.010660188321515662,0.9642462360091113,-3.57537639908887,3.57537639908887,26.669045387906483,0.29663598705784444,0.9691862025555477,1.0051231380138772
nl300_m50_w50,1220,lmin1of100_lseed415_lN1000_lpnsseed1000,1,0.3113443404215217,0.29535054872490185,0.015993791696619852,1.0541518943021058,5.415189430210576,5.415189430210576,26.169583989630187,0.29663598705784444,1.0495838468877652,0.9956666136644711
nl300_m50_w50,1221,lmin1of100_lseed415_lN1000_lpnsseed1000,1,0.2909809717583583,0.29412502688584535,-0.0031440551274870554,0.9893104807816735,-1.0689519218326504,1.0689519218326504,25.95285943217978,0.29663598705784444,0.9809361792020757,0.9915352139269958
nl300_m50_w50,1222,lmin1of100_lseed415_lN1000_lpnsseed1000,1,0.28862864549353645,0.2934849622887532,-0.004856316795216753,0.9834529280228037,-1.6547071977196293,1.6547071977196293,25.840026926889266,0.29663598705784444,0.9730061694680809,0.9893774696713491
nl300_m50_w50,1223,lmin1of100_lseed415_lN1000_lpnsseed1000,1,0.2781901740822523,0.29307161866956166,-0.01488144458730939,0.9492224983952191,-5.0777501604780895,5.0777501604780895,25.767292100879086,0.29663598705784444,0.9378166716771448,0.9879840324714624
nl300_m50_w50,1224,lmin1of100_lseed415_lN1000_lpnsseed1000,1,0.31281409531365845,0.2978950308895266,0.014919064424131823,1.0500816155931936,5.008161559319357,5.008161559319357,26.622434828601605,0.29663598705784444,1.054538589253027,1.0042444069048058
nl300_m50_w50,1225,lmin1of100_lseed415_lN1000_lpnsseed1000,1,0.29614340318991655,0.29665557668192266,-0.0005121734920061072,0.9982735079591804,-0.17264920408196494,0.17264920408196494,26.401359352945228,0.29663598705784444,0.9983394332130314,1.0000660392701253
nl300_m50_w50,1226,lmin1of100_lseed415_lN1000_lpnsseed1000,1,0.30548858226788683,0.2955650594729155,0.009923522794971329,1.033574749372162,3.3574749372162094,3.3574749372162094,26.207611314368425,0.29663598705784444,1.0298432947999534,0.9963897583851817
nl300_m50_w50,1227,lmin1of100_lseed415_lN1000_lpnsseed1000,1,0.30520637919943405,0.2959702412969978,0.00923613790243627,1.0312063059514422,3.120630595144225,3.120630595144225,26.279515120020932,0.29663598705784444,1.0288919501190474,0.9977556810707635
nl300_m50_w50,1228,lmin1of100_lseed415_lN1000_lpnsseed1000,1,0.30542556949881133,0.2930737762641933,0.012351793234618047,1.042145678784592,4.214567878459197,4.214567878459197,25.767671500126326,0.29663598705784444,1.0296308702398032,0.9879913060145447
nl300_m50_w50,1229,lmin1of100_lseed415_lN1000_lpnsseed1000,1,0.27462780369530354,0.2947261841714931,-0.02009838047618956,0.9318066003104263,-6.819339968957372,6.819339968957372,26.059057090886665,0.29663598705784444,0.9258074396811157,0.9935617963777978
nl300_m50_w50,1230,lmin1of100_lseed415_lN1000_lpnsseed1000,1,0.27334164561013846,0.29533755550807983,-0.021995909897941368,0.9255228145296286,-7.447718547037141,7.447718547037141,26.16728150804644,0.29663598705784444,0.9214716269635769,0.9956228117746502
nl300_m50_w50,1231,lmin1of100_lseed415_lN1000_lpnsseed1000,1,0.31156596711707385,0.29733401531035397,0.014231951806719878,1.0478651989812358,4.786519898123576,4.786519898123576,26.52225499817334,0.29663598705784444,1.050330980429283,1.002353147571314
nl300_m50_w50,1232,lmin1of100_lseed415_lN1000_lpnsseed1000,1,0.30918431798449403,0.2991916419560537,0.00999267602844034,1.0333989143650881,3.339891436508813,3.339891436508813,26.854691584907826,0.29663598705784444,1.0423021193453599,1.0086154580351403
nl300_m50_w50,1233,lmin1of100_lseed415_lN1000_lpnsseed1000,1,0.27794613894536596,0.29631055828550573,-0.01836441934013977,0.9380230679379133,-6.197693206208665,6.197693206208665,26.33998408544043,0.29663598705784444,0.9369939962515946,0.9989029356297379
nl300_m50_w50,1234,lmin1of100_lseed415_lN1000_lpnsseed1000,1,0.3014074767304763,0.29565236848541415,0.005755108245062146,1.0194657944887935,1.9465794488793486,1.9465794488793486,26.223096897310533,0.29663598705784444,1.0160853365094282,0.9966840888653254
nl300_m50_w50,1235,lmin1of100_lseed415_lN1000_lpnsseed1000,1,0.27834471949335937,0.29158311353439437,-0.013238394041034995,0.9545982142773387,-4.540178572266129,4.540178572266129,25.50621362952345,0.29663598705784444,0.9383376651433791,0.9829660805030215
nl300_m50_w50,1236,lmin1of100_lseed415_lN1000_lpnsseed1000,1,0.28624449141395925,0.29442048068439614,-0.00817598927043689,0.9722302291897922,-2.7769770810207817,2.7769770810207817,26.005025833929267,0.29663598705784444,0.9649688638693091,0.9925312286097766
nl300_m50_w50,1237,lmin1of100_lseed415_lN1000_lpnsseed1000,1,0.28618697248323727,0.2952750681485249,-0.009088095665287621,0.9692215948936256,-3.077840510637442,3.077840510637442,26.156209761034805,0.29663598705784444,0.9647749597806904,0.9954121584409981
nl300_m50_w50,1238,lmin1of100_lseed415_lN1000_lpnsseed1000,1,0.26185453333823727,0.2969072949588118,-0.035052761620574524,0.8819403826859923,-11.805961731400771,11.805961731400771,26.446182539927666,0.29663598705784444,0.882747019117324,1.0009146155989308
nl300_m50_w50,1239,lmin1of100_lseed415_lN1000_lpnsseed1000,1,0.3014146936700221,0.29705670229646924,0.004357991373552861,1.0146705707693593,1.4670570769359292,1.4670570769359292,26.472805313775943,0.29663598705784444,1.0161096657879403,1.001418287925203
nl300_m50_w50,1240,lmin1of100_lseed415_lN1000_lpnsseed1000,1,0.29994550281021076,0.2954802518092803,0.004465251000930481,1.015111842411088,1.5111842411088094,1.5111842411088094,26.192573762782704,0.29663598705784444,1.0111568248518712,0.9961038602900909
nl300_m50_w50,1241,lmin1of100_lseed415_lN1000_lpnsseed1000,1,0.2904021007905214,0.299105075540541,-0.008702974750019576,0.9709032862973268,-2.9096713702673194,2.9096713702673194,26.839153864233822,0.29663598705784444,0.9789847269404053,1.0083236309497914
nl300_m50_w50,1242,lmin1of100_lseed415_lN1000_lpnsseed1000,1,0.2905492921469907,0.29538545337247496,-0.004836161225484248,0.9836276256319706,-1.6372374368029408,1.6372374368029408,26.175769819218775,0.29663598705784444,0.9794809288946226,0.9957842819484825
nl300_m50_w50,1243,lmin1of100_lseed415_lN1000_lpnsseed1000,1,0.2783215960345969,0.29469564639097506,-0.016374050356378178,0.9444374202438858,-5.556257975611423,5.556257975611423,26.053657200538378,0.29663598705784444,0.9382597128389678,0.9934588493927711
nl300_m50_w50,1244,lmin1of100_lseed415_lN1000_lpnsseed1000,1,0.29780466919651616,0.294576923592257,0.003227745604259147,1.0109572249071583,1.0957224907158336,1.0957224907158336,26.032669173923527,0.29663598705784444,1.003939785426115,0.9930586187939971
nl300_m50_w50,1245,lmin1of100_lseed415_lN1000_lpnsseed1000,1,0.2975775156775025,0.2938411080308109,0.0037364076466915863,1.0127157417548935,1.271574175489354,1.271574175489354,25.902779030632413,0.29663598705784444,1.003174020215809,0.9905780850976503
nl300_m50_w50,1246,lmin1of100_lseed415_lN1000_lpnsseed1000,1,0.27283539900097353,0.2957804906779397,-0.02294509167696618,0.9224252700900752,-7.757472990992476,7.757472990992476,26.245829599704834,0.29663598705784444,0.9197650012295043,0.9971160060908661
nl300_m50_w50,1247,lmin1of100_lseed415_lN1000_lpnsseed1000,1,0.29855863400863003,0.2954951841856013,0.003063449823028752,1.0103671734328659,1.0367173432865862,1.0367173432865862,26.195221163064726,0.29663598705784444,1.0064815026991674,0.9961541993486424
nl300_m50_w50,1248,lmin1of100_lseed415_lN1000_lpnsseed1000,1,0.29607150999132886,0.29450915727235866,0.0015623527189702058,1.0053049376577632,0.5304937657763187,0.5304937657763187,26.020693115182468,0.29663598705784444,0.9980970715248871,0.9928301693716243
nl300_m50_w50,1249,lmin1of100_lseed415_lN1000_lpnsseed1000,1,0.28489338346798626,0.29567702302254006,-0.010783639554553803,0.9635289903682108,-3.6471009631789175,3.6471009631789175,26.22747058304151,0.29663598705784444,0.96041409639361,0.9967672026418111
nl300_m50_w50,1250,lmin1of100_lseed415_lN1000_lpnsseed1000,1,0.29047908756025365,0.29164088031098084,-0.0011617927507271975,0.9960163583737357,-0.39836416262643004,0.39836416262643004,25.51632092056916,0.29663598705784444,0.9792442597452271,0.9831608201135436
nl300_m50_w50,1251,lmin1of100_lseed415_lN1000_lpnsseed1000,1,0.29571500439866194,0.2947837551101011,0.0009312492885608648,1.003159092970415,0.3159092970415056,0.3159092970415056,26.06923868304361,0.29663598705784444,0.9968952429935518,0.9937558757920286
nl300_m50_w50,1252,lmin1of100_lseed415_lN1000_lpnsseed1000,1,0.2875749220642627,0.29385406821130805,-0.006279146147045334,0.9786317535596273,-2.136824644037272,2.136824644037272,25.905064021300827,0.29663598705784444,0.9694539253869598,0.9906217756175554
nl300_m50_w50,1253,lmin1of100_lseed415_lN1000_lpnsseed1000,1,0.3006429164741875,0.296589044890821,0.0040538715833665084,1.0136683119393666,1.3668311939366573,1.3668311939366573,26.389518464774827,0.29663598705784444,1.0135079005621854,0.9998417516111614
nl300_m50_w50,1254,lmin1of100_lseed415_lN1000_lpnsseed1000,1,0.29762212096195645,0.2984182439893409,-0.0007961230273844655,0.997332190496326,-0.2667809503673957,0.2667809503673957,26.716034503704538,0.29663598705784444,1.0033243906576976,1.0060082289717227
nl300_m50_w50,1255,lmin1of100_lseed415_lN1000_lpnsseed1000,1,0.3330382222052416,0.29700535208270523,0.036032870122536365,1.1213206087697116,12.132060876971163,12.132060876971163,26.46365374973151,0.29663598705784444,1.1227168541094734,1.001245179415095
nl300_m50_w50,1256,lmin1of100_lseed415_lN1000_lpnsseed1000,1,0.292743745071612,0.29552949850560395,-0.0027857534339919554,0.990573687404883,-0.9426312595116948,0.9426312595116948,26.20130534609213,0.29663598705784444,0.9868787262636699,0.9962698775586365
nl300_m50_w50,1257,lmin1of100_lseed415_lN1000_lpnsseed1000,1,0.3339551067329825,0.29478283403981737,0.039172272693165144,1.1328851892640195,13.288518926401949,13.288518926401949,26.069075773363952,0.29663598705784444,1.125807795761007,0.9937527707396281
nl300_m50_w50,1258,lmin1of100_lseed415_lN1000_lpnsseed1000,1,0.3039625774968759,0.2934955829773979,0.010466994519477968,1.03566320969227,3.5663209692269993,3.5663209692269993,25.841897168172803,0.29663598705784444,1.0246989264913524,0.989413273448059
nl300_m50_w50,1259,lmin1of100_lseed415_lN1000_lpnsseed1000,1,0.3287701757360985,0.29501245917883273,0.03375771655726578,1.1144281046679534,11.44281046679534,11.44281046679534,26.109705321222737,0.29663598705784444,1.1083286926747289,0.9945268681149765
nl300_m50_w50,1260,lmin1of100_lseed415_lN1000_lpnsseed1000,1,0.2881879732616628,0.2959074257336093,-0.007719452471946497,0.9739126098211002,-2.6087390178899827,2.6087390178899827,26.26836138128745,0.29663598705784444,0.9715206038216319,0.9975439213176347
nl300_m50_w50,1261,lmin1of100_lseed415_lN1000_lpnsseed1000,1,0.29204434345776104,0.2956914279883686,-0.0036470845306075805,0.9876659105222656,-1.23340894777344,1.23340894777344,26.230026175740175,0.29663598705784444,0.9845209489056767,0.9968157637283178
nl300_m50_w50,1262,lmin1of100_lseed415_lN1000_lpnsseed1000,1,0.2739011418096283,0.29263718596324934,-0.018736044153621012,0.9359751765929912,-6.402482340700876,6.402482340700876,25.690956782546813,0.29663598705784444,0.9233577642628277,0.986519501108895
nl300_m50_w50,1263,lmin1of100_lseed415_lN1000_lpnsseed1000,1,0.28720937947268377,0.29411913322219035,-0.006909753749506586,0.9765069559609825,-2.349304403901753,2.349304403901753,25.95181935821176,0.29663598705784444,0.9682216319110247,0.9915153455903404
nl300_m50_w50,1264,lmin1of100_lseed415_lN1000_lpnsseed1000,1,0.31324996523546933,0.296803604022196,0.01644636121327331,1.0554115953795609,5.541159537956086,5.541159537956086,26.42771380816936,0.29663598705784444,1.0560079656632664,1.0005650594387216
nl300_m50_w50,1265,lmin1of100_lseed415_lN1000_lpnsseed1000,1,0.25404085170786417,0.293771739676006,-0.03973088796814184,0.8647559223635326,-13.524407763646739,13.524407763646739,25.890550509680114,0.29663598705784444,0.85640604239406,0.9903442349991072
nl300_m50_w50,1266,lmin1of100_lseed415_lN1000_lpnsseed1000,1,0.2943732328144195,0.2945419776888717,-0.00016874487445217579,0.9994270939722201,-0.057290602777992916,0.057290602777992916,26.026492986261534,0.29663598705784444,0.9923719496549699,0.9929408114310675
nl300_m50_w50,1267,lmin1of100_lseed415_lN1000_lpnsseed1000,1,0.28378460179277126,0.29358040871008784,-0.009795806917316574,0.966633308535959,-3.336669146404103,3.336669146404103,25.85683691351467,0.29663598705784444,0.9566762435248048,0.989699232456375
nl300_m50_w50,1268,lmin1of100_lseed415_lN1000_lpnsseed1000,1,0.3006705310127617,0.2933826535151936,0.007287877497568096,1.0248408602562138,2.4840860256213793,2.4840860256213793,25.82201441508484,0.29663598705784444,1.01360099290357,0.989032572969589
nl300_m50_w50,1269,lmin1of100_lseed415_lN1000_lpnsseed1000,1,0.2911077443353501,0.29421921078504637,-0.0031114664496962874,0.9894246659101757,-1.057533408982425,1.057533408982425,25.96948319849266,0.29663598705784444,0.9813635466912639,0.991852720579291
nl300_m50_w50,1270,lmin1of100_lseed415_lN1000_lpnsseed1000,1,0.30113257408896066,0.29416062606773613,0.006971948021224528,1.0237011598541372,2.3701159854137233,2.3701159854137233,25.95914217856874,0.29663598705784444,1.0151586025543131,0.991655223580052
nl300_m50_w50,1271,lmin1of100_lseed415_lN1000_lpnsseed1000,1,0.3370580350195155,0.29480930649676207,0.04224872852275341,1.1433086662860064,14.330866628600635,14.330866628600635,26.073758159130538,0.29663598705784444,1.1362681863471564,0.9938420129694979
nl300_m50_w50,1272,lmin1of100_lseed415_lN1000_lpnsseed1000,1,0.30856540922834025,0.29555602697002953,0.01300938225831072,1.044016636681985,4.401663668198497,4.401663668198497,26.206009523492646,0.29663598705784444,1.040215694288534,0.9963593085972933
nl300_m50_w50,1273,lmin1of100_lseed415_lN1000_lpnsseed1000,1,0.3221100676608427,0.29355259825986496,0.028557469400977753,1.0972822913858098,9.728229138580978,9.728229138580978,25.8519383835353,0.29663598705784444,1.0858765683006317,0.9896054796703468
nl300_m50_w50,1274,lmin1of100_lseed415_lN1000_lpnsseed1000,1,0.2754630079968061,0.29543161311242644,-0.01996860511562032,0.9324087056721947,-6.759129432780531,6.759129432780531,26.183951407863123,0.29663598705784444,0.9286230262516679,0.9959398926699236
nl300_m50_w50,1275,lmin1of100_lseed415_lN1000_lpnsseed1000,1,0.28046927043736103,0.2948554584225315,-0.014386187985170495,0.9512093550442098,-4.879064495579022,4.879064495579022,26.08192240846837,0.29663598705784444,0.9454998134891472,0.9939975973482755
nl300_m50_w50,1276,lmin1of100_lseed415_lN1000_lpnsseed1000,1,0.30058472303899436,0.29490932490312927,0.005675398135865095,1.0192445530087233,1.9244553008723297,1.9244553008723297,26.091452974445843,0.29663598705784444,1.0133117226278412,0.9941791885339304
nl300_m50_w50,1277,lmin1of100_lseed415_lN1000_lpnsseed1000,1,0.28645758629661827,0.29514273072816993,-0.008685144431551661,0.9705730701544847,-2.9426929845515315,2.9426929845515315,26.132769450504313,0.29663598705784444,0.9656872355165681,0.9949660311127951
nl300_m50_w50,1278,lmin1of100_lseed415_lN1000_lpnsseed1000,1,0.2911068696217497,0.295276483243127,-0.004169613621377299,0.9858789512270637,-1.4121048772936295,1.4121048772936295,26.156460466928603,0.29663598705784444,0.9813605979135075,0.9954169289161388
nl300_m50_w50,1279,lmin1of100_lseed415_lN1000_lpnsseed1000,1,0.2811733007896449,0.29614555462177844,-0.01497225383213352,0.9494429222439105,-5.055707775608953,5.055707775608953,26.310656856672225,0.29663598705784444,0.9478731949499294,0.9983466859805841
nl300_m50_w50,1280,lmin1of100_lseed415_lN1000_lpnsseed1000,1,0.30026747714825813,0.29463918256620525,0.005628294582052884,1.0191023289334173,1.9102328933417345,1.9102328933417345,26.043674370984487,0.29663598705784444,1.0122422438573022,0.993268502208905
nl300_m50_w50,1281,lmin1of100_lseed415_lN1000_lpnsseed1000,1,0.2894954974524965,0.29551972302281543,-0.006024225570318953,0.9796148104475116,-2.038518955248836,2.038518955248836,26.19957200864446,0.29663598705784444,0.9759284445688123,0.9962369230850897
nl300_m50_w50,1282,lmin1of100_lseed415_lN1000_lpnsseed1000,1,0.2728486523840864,0.29485045623144196,-0.02200180384735556,0.92537978699926,-7.462021300073996,7.462021300073996,26.081037461966844,0.29663598705784444,0.9198096801750508,0.9939807342861124
nl300_m50_w50,1283,lmin1of100_lseed415_lN1000_lpnsseed1000,1,0.31405485217774637,0.29491064931424765,0.019144202863498716,1.0649152647014088,6.491526470140885,6.491526470140885,26.091687323685345,0.29663598705784444,1.0587213483187567,0.9941836533027925
nl300_m50_w50,1284,lmin1of100_lseed415_lN1000_lpnsseed1000,1,0.29729418956428827,0.2950063407618776,0.0022878488024106747,1.0077552529769431,0.7755252976943128,0.7755252976943128,26.10862232691391,0.29663598705784444,1.002218889599243,0.9945062421045728
nl300_m50_w50,1285,lmin1of100_lseed415_lN1000_lpnsseed1000,1,0.31157610819987525,0.2944276517143753,0.017148456485499952,1.0582433626245666,5.824336262456664,5.824336262456664,26.006292628212442,0.29663598705784444,1.0503651673898806,0.9925554031209352
nl300_m50_w50,1286,lmin1of100_lseed415_lN1000_lpnsseed1000,1,0.2783013921193424,0.29426618665228493,-0.015964794532942528,0.9457470981815281,-5.425290181847187,5.425290181847187,25.977776582063218,0.29663598705784444,0.9381916027102715,0.992011082576109
nl300_m50_w50,1287,lmin1of100_lseed415_lN1000_lpnsseed1000,1,0.29209954466985255,0.2938851844021144,-0.0017856397322618678,0.9939240226216418,-0.6075977378358188,0.6075977378358188,25.910550483319444,0.29663598705784444,0.9847070396515738,0.990726672501831
nl300_m50_w50,1288,lmin1of100_lseed415_lN1000_lpnsseed1000,1,0.2951609437914288,0.29474159272555234,0.0004193510658764832,1.0014227753266807,0.14227753266806697,0.14227753266806697,26.061781944718607,0.29663598705784444,0.995027429810369,0.993613740695856
nl300_m50_w50,1289,lmin1of100_lseed415_lN1000_lpnsseed1000,1,0.2785201314853864,0.29361639438156084,-0.01509626289617444,0.9485850818106685,-5.141491818933153,5.141491818933153,25.86317611488848,0.29663598705784444,0.9389290026738212,0.9898205450180434
nl300_m50_w50,1290,lmin1of100_lseed415_lN1000_lpnsseed1000,1,0.2954564425755294,0.29692375709080787,-0.0014673145152784839,0.9950582784966252,-0.49417215033747963,0.49417215033747963,26.449115257476322,0.29663598705784444,0.9960235961455174,1.0009701116705956
nl300_m50_w50,1291,lmin1of100_lseed415_lN1000_lpnsseed1000,1,0.309131605501431,0.2940243204497358,0.015107285051695174,1.0513810729282096,5.138107292820959,5.138107292820959,25.935090304778683,0.29663598705784444,1.0421244184413467,0.9911957189213211
nl300_m50_w50,1292,lmin1of100_lseed415_lN1000_lpnsseed1000,1,0.28789586844248644,0.2955669168407244,-0.007671048398237956,0.9740463226391073,-2.5953677360892713,2.5953677360892713,26.20794069921951,0.29663598705784444,0.970535879000906,0.9963960198230717
nl300_m50_w50,1293,lmin1of100_lseed415_lN1000_lpnsseed1000,1,0.29420619675324383,0.2957579688520113,-0.0015517720987674455,0.9947532365576127,-0.5246763442387281,0.5246763442387281,26.241832841840182,0.29663598705784444,0.9918088485193578,0.9970400819720435
nl300_m50_w50,1294,lmin1of100_lseed415_lN1000_lpnsseed1000,1,0.2924192575587636,0.2961563489025999,-0.0037370913438363185,0.9873813566459607,-1.2618643354039283,1.2618643354039283,26.312574898595543,0.29663598705784444,0.9857848350063521,0.9983830749599811
nl300_m50_w50,1295,lmin1of100_lseed415_lN1000_lpnsseed1000,1,0.2746869611706818,0.29819318458849686,-0.023506223417815053,0.9211711580522762,-7.882884194772377,7.882884194772377,26.675752600508805,0.29663598705784444,0.9260068675252051,1.0052495233167673
nl300_m50_w50,1296,lmin1of100_lseed415_lN1000_lpnsseed1000,1,0.2915085903833623,0.2924247507350839,-0.0009161603517215955,0.9968670218597482,-0.31329781402518186,0.31329781402518186,25.653670452742787,0.29663598705784444,0.9827148528897733,0.9858033532460801
nl300_m50_w50,1297,lmin1of100_lseed415_lN1000_lpnsseed1000,1,0.2972997719833691,0.29745807140997355,-0.00015829942660444685,0.9994678260843483,-0.05321739156517458,0.05321739156517458,26.544391274082276,0.29663598705784444,1.0022377086883771,1.0027713574481736
nl300_m50_w50,1298,lmin1of100_lseed415_lN1000_lpnsseed1000,1,0.27735152356575155,0.2962684663427749,-0.018916942777023382,0.9361493208827126,-6.385067911728736,6.385067911728736,26.33250124472999,0.29663598705784444,0.9349894674501095,0.998761038002453
nl300_m50_w50,1299,lmin1of100_lseed415_lN1000_lpnsseed1000,1,0.3089516770995444,0.2965020863159145,0.012449590783629894,1.0419882063506467,4.198820635064671,4.198820635064671,26.374046156907006,0.29663598705784444,1.0415178554829168,0.9995486025034993
